D:\Development\Bosak\src\Bosak.XPath.Standard\Functions\FunctionLibrary.cs(4699,37): warning CS8604: Possible null reference argument for parameter 'uri' in 'IXdmNode EvaluationContext.LoadDocument(string uri)'. [D:\Development\Bosak\src\Bosak.XPath.Standard\Bosak.XPath.Standard.csproj]
D:\Development\Bosak\src\Bosak.XPath.Standard\Functions\FunctionLibrary.cs(4712,37): warning CS8604: Possible null reference argument for parameter 'uri' in 'IXdmNode EvaluationContext.LoadDocument(string uri)'. [D:\Development\Bosak\src\Bosak.XPath.Standard\Bosak.XPath.Standard.csproj]
D:\Development\Bosak\src\Bosak.XPath.Standard\Functions\FunctionLibrary.cs(8106,57): warning CS8604: Possible null reference argument for parameter 'source' in 'XdmSequence XdmSequence.FromSource(IXdmSequence source)'. [D:\Development\Bosak\src\Bosak.XPath.Standard\Bosak.XPath.Standard.csproj]
Bosak XPath 3.1 Conformance Harness
Catalog: D:/Development/Bosak/tests/qt3tests\catalog.xml

Discovered 428 test sets.
  Starting: fn-abs ...
  Done: fn-abs (188 tests total)
  Starting: fn-adjust-date-to-timezone ...
  Done: fn-adjust-date-to-timezone (229 tests total)
  Starting: fn-adjust-dateTime-to-timezone ...
  Done: fn-adjust-dateTime-to-timezone (277 tests total)
  Starting: fn-adjust-time-to-timezone ...
  Done: fn-adjust-time-to-timezone (319 tests total)
  Starting: fn-analyze-string ...
  Done: fn-analyze-string (353 tests total)
  Starting: fn-apply ...
  Done: fn-apply (370 tests total)
  Starting: fn-available-environment-variables ...
  Done: fn-available-environment-variables (381 tests total)
  Starting: fn-avg ...
  Done: fn-avg (620 tests total)
  Starting: fn-base-uri ...
  Done: fn-base-uri (702 tests total)
  Starting: fn-boolean ...
  Done: fn-boolean (845 tests total)
  Starting: fn-ceiling ...
  Done: fn-ceiling (939 tests total)
  Starting: fn-codepoint-equal ...
  Done: fn-codepoint-equal (975 tests total)
  Starting: fn-codepoints-to-string ...
  Done: fn-codepoints-to-string (1054 tests total)
  Starting: fn-collation-key ...
  Done: fn-collation-key (1082 tests total)
  Starting: fn-collection ...
  Done: fn-collection (1115 tests total)
  Starting: fn-compare ...
  Done: fn-compare (1211 tests total)
  Starting: fn-concat ...
  Done: fn-concat (1307 tests total)
  Starting: fn-contains ...
  Done: fn-contains (1382 tests total)
  Starting: fn-contains-token ...
  Done: fn-contains-token (1427 tests total)
  Starting: fn-count ...
  Done: fn-count (1743 tests total)
  Starting: fn-current-date ...
  Done: fn-current-date (1769 tests total)
  Starting: fn-current-dateTime ...
  Done: fn-current-dateTime (1796 tests total)
  Starting: fn-current-time ...
  Done: fn-current-time (1820 tests total)
  Starting: fn-data ...
  Done: fn-data (1885 tests total)
  Starting: fn-dateTime ...
  Done: fn-dateTime (1937 tests total)
  Starting: fn-day-from-date ...
  Done: fn-day-from-date (1964 tests total)
  Starting: fn-day-from-dateTime ...
  Done: fn-day-from-dateTime (1991 tests total)
  Starting: fn-days-from-duration ...
  Done: fn-days-from-duration (2022 tests total)
  Starting: fn-deep-equal ...
  Done: fn-deep-equal (2285 tests total)
  Starting: fn-default-collation ...
  Done: fn-default-collation (2292 tests total)
  Starting: fn-default-language ...
  Done: fn-default-language (2298 tests total)
  Starting: fn-distinct-values ...
  Done: fn-distinct-values (2404 tests total)
  Starting: fn-doc ...
  Done: fn-doc (2449 tests total)
  Starting: fn-doc-available ...
  Done: fn-doc-available (2466 tests total)
  Starting: fn-document-uri ...
  Done: fn-document-uri (2520 tests total)
  Starting: fn-element-with-id ...
  Done: fn-element-with-id (2525 tests total)
  Starting: fn-empty ...
  Done: fn-empty (2579 tests total)
  Starting: fn-encode-for-uri ...
  Done: fn-encode-for-uri (2608 tests total)
  Starting: fn-ends-with ...
  Done: fn-ends-with (2663 tests total)
  Starting: fn-environment-variable ...
  Done: fn-environment-variable (2675 tests total)
  Starting: fn-error ...
  Done: fn-error (2773 tests total)
  Starting: fn-escape-html-uri ...
  Done: fn-escape-html-uri (2807 tests total)
  Starting: fn-exactly-one ...
  Done: fn-exactly-one (2861 tests total)
  Starting: fn-exists ...
  Done: fn-exists (2919 tests total)
  Starting: fn-false ...
  Done: fn-false (2944 tests total)
  Starting: fn-filter ...
  Done: fn-filter (2979 tests total)
  Starting: fn-floor ...
  Done: fn-floor (3067 tests total)
  Starting: fn-fold-left ...
  Done: fn-fold-left (3093 tests total)
  Starting: fn-fold-right ...
  Done: fn-fold-right (3118 tests total)
  Starting: fn-for-each ...
  Done: fn-for-each (3135 tests total)
  ... processed 50/428 sets (3135 tests)
  Starting: fn-for-each-pair ...
  Done: fn-for-each-pair (3184 tests total)
  Starting: fn-format-date ...
  Done: fn-format-date (3316 tests total)
  Starting: fn-format-dateTime ...
  Done: fn-format-dateTime (3408 tests total)
  Starting: fn-format-integer ...
  Done: fn-format-integer (3485 tests total)
  Starting: fn-format-number ...
  Done: fn-format-number (3754 tests total)
  Starting: fn-format-time ...
  Done: fn-format-time (3845 tests total)
  Starting: fn-function-lookup ...
  Done: fn-function-lookup (4519 tests total)
  Starting: fn-function-arity ...
  Done: fn-function-arity (4542 tests total)
  Starting: fn-function-name ...
  Done: fn-function-name (4568 tests total)
  Starting: fn-generate-id ...
  Done: fn-generate-id (4597 tests total)
  Starting: fn-has-children ...
  Done: fn-has-children (4634 tests total)
  Starting: fn-head ...
  Done: fn-head (4642 tests total)
  Starting: fn-hours-from-dateTime ...
  Done: fn-hours-from-dateTime (4669 tests total)
  Starting: fn-hours-from-duration ...
  Done: fn-hours-from-duration (4700 tests total)
  Starting: fn-hours-from-time ...
  Done: fn-hours-from-time (4727 tests total)
  Starting: fn-id ...
  Done: fn-id (4788 tests total)
  Starting: fn-idref ...
  Done: fn-idref (4842 tests total)
  Starting: fn-implicit-timezone ...
  Done: fn-implicit-timezone (4869 tests total)
  Starting: fn-innermost ...
  Done: fn-innermost (4928 tests total)
  Starting: fn-index-of ...
  Done: fn-index-of (4981 tests total)
  Starting: fn-insert-before ...
  Done: fn-insert-before (5024 tests total)
  Starting: fn-in-scope-prefixes ...
  Done: fn-in-scope-prefixes (5086 tests total)
  Starting: fn-iri-to-uri ...
  Done: fn-iri-to-uri (5133 tests total)
  Starting: fn-json-doc ...
  Done: fn-json-doc (5201 tests total)
  Starting: fn-json-to-xml ...
  Done: fn-json-to-xml (5295 tests total)
  Starting: fn-lang ...
  Done: fn-lang (5341 tests total)
  Starting: fn-last ...
  Done: fn-last (5410 tests total)
  Starting: fn-load-xquery-module ...
  Done: fn-load-xquery-module (5493 tests total)
  Starting: fn-local-name ...
  Done: fn-local-name (5553 tests total)
  Starting: fn-local-name-from-QName ...
  Done: fn-local-name-from-QName (5581 tests total)
  Starting: fn-lower-case ...
  Done: fn-lower-case (5609 tests total)
  Starting: fn-max ...
  Done: fn-max (5817 tests total)
  Starting: fn-matches ...
  Done: fn-matches (5983 tests total)
  Starting: fn-matches.re ...
  Done: fn-matches.re (6992 tests total)
  Starting: fn-min ...
  Done: fn-min (7199 tests total)
  Starting: fn-minutes-from-dateTime ...
  Done: fn-minutes-from-dateTime (7226 tests total)
  Starting: fn-minutes-from-duration ...
  Done: fn-minutes-from-duration (7258 tests total)
  Starting: fn-minutes-from-time ...
  Done: fn-minutes-from-time (7285 tests total)
  Starting: fn-month-from-date ...
  Done: fn-month-from-date (7312 tests total)
  Starting: fn-months-from-duration ...
  Done: fn-months-from-duration (7343 tests total)
  Starting: fn-month-from-dateTime ...
  Done: fn-month-from-dateTime (7370 tests total)
  Starting: fn-name ...
  Done: fn-name (7404 tests total)
  Starting: fn-namespace-uri ...
  Done: fn-namespace-uri (7437 tests total)
  Starting: fn-namespace-uri-for-prefix ...
  Done: fn-namespace-uri-for-prefix (7466 tests total)
  Starting: fn-namespace-uri-from-QName ...
  Done: fn-namespace-uri-from-QName (7496 tests total)
  Starting: fn-nilled ...
  Done: fn-nilled (7560 tests total)
  Starting: fn-node-name ...
  Done: fn-node-name (7604 tests total)
  Starting: fn-normalize-space ...
  Done: fn-normalize-space (7643 tests total)
  Starting: fn-normalize-unicode ...
  Done: fn-normalize-unicode (7691 tests total)
  Starting: fn-not ...
  Done: fn-not (7774 tests total)
  ... processed 100/428 sets (7774 tests)
  Starting: fn-number ...
  Done: fn-number (7840 tests total)
  Starting: fn-one-or-more ...
  Done: fn-one-or-more (7896 tests total)
  Starting: fn-outermost ...
  Done: fn-outermost (7955 tests total)
  Starting: fn-parse-ietf-date ...
  Done: fn-parse-ietf-date (8060 tests total)
  Starting: fn-parse-json ...
  Done: fn-parse-json (8214 tests total)
  Starting: fn-parse-xml ...
  Done: fn-parse-xml (8231 tests total)
  Starting: fn-parse-xml-fragment ...
  Done: fn-parse-xml-fragment (8257 tests total)
  Starting: fn-path ...
  Done: fn-path (8277 tests total)
  Starting: fn-position ...
  Done: fn-position (8344 tests total)
  Starting: fn-prefix-from-QName ...
  Done: fn-prefix-from-QName (8371 tests total)
  Starting: fn-QName ...
  Done: fn-QName (8405 tests total)
  Starting: fn-random-number-generator ...
  Done: fn-random-number-generator (8449 tests total)
  Starting: fn-remove ...
  Done: fn-remove (8500 tests total)
  Starting: fn-replace ...
  Done: fn-replace (8591 tests total)
  Starting: fn-resolve-QName ...
  Done: fn-resolve-QName (8622 tests total)
  Starting: fn-resolve-uri ...
  Done: fn-resolve-uri (8661 tests total)
  Starting: fn-reverse ...
  Done: fn-reverse (8731 tests total)
  Starting: fn-root ...
  Done: fn-root (8769 tests total)
  Starting: fn-round ...
  Done: fn-round (9032 tests total)
  Starting: fn-round-half-to-even ...
  Done: fn-round-half-to-even (9160 tests total)
  Starting: fn-seconds-from-dateTime ...
  Done: fn-seconds-from-dateTime (9187 tests total)
  Starting: fn-seconds-from-duration ...
  Done: fn-seconds-from-duration (9219 tests total)
  Starting: fn-seconds-from-time ...
  Done: fn-seconds-from-time (9246 tests total)
  Starting: fn-serialize ...
  Done: fn-serialize (9414 tests total)
  Starting: fn-sort ...
  Done: fn-sort (9461 tests total)
  Starting: fn-starts-with ...
  Done: fn-starts-with (9525 tests total)
  Starting: fn-static-base-uri ...
  Done: fn-static-base-uri (9543 tests total)
  Starting: fn-string ...
  Done: fn-string (9614 tests total)
  Starting: fn-string-join ...
  Done: fn-string-join (9660 tests total)
  Starting: fn-string-length ...
  Done: fn-string-length (9696 tests total)
  Starting: fn-string-to-codepoints ...
  Done: fn-string-to-codepoints (9740 tests total)
  Starting: fn-subsequence ...
  Done: fn-subsequence (9847 tests total)
  Starting: fn-substring ...
  Done: fn-substring (9895 tests total)
  Starting: fn-substring-after ...
  Done: fn-substring-after (9950 tests total)
  Starting: fn-substring-before ...
  Done: fn-substring-before (10004 tests total)
  Starting: fn-sum ...
  Done: fn-sum (10226 tests total)
  Starting: fn-tail ...
  Done: fn-tail (10232 tests total)
  Starting: fn-timezone-from-date ...
  Done: fn-timezone-from-date (10266 tests total)
  Starting: fn-timezone-from-dateTime ...
  Done: fn-timezone-from-dateTime (10293 tests total)
  Starting: fn-timezone-from-time ...
  Done: fn-timezone-from-time (10320 tests total)
  Starting: fn-tokenize ...
  Done: fn-tokenize (10387 tests total)
  Starting: fn-trace ...
  Done: fn-trace (10417 tests total)
  Starting: fn-transform ...
  Done: fn-transform (10541 tests total)
  Starting: fn-translate ...
  Done: fn-translate (10585 tests total)
  Starting: fn-true ...
  Done: fn-true (10610 tests total)
  Starting: fn-unordered ...
  Done: fn-unordered (10653 tests total)
  Starting: fn-unparsed-text ...
  Done: fn-unparsed-text (10710 tests total)
  Starting: fn-unparsed-text-available ...
  Done: fn-unparsed-text-available (10764 tests total)
  Starting: fn-unparsed-text-lines ...
  Done: fn-unparsed-text-lines (10819 tests total)
  Starting: fn-upper-case ...
  Done: fn-upper-case (10848 tests total)
  ... processed 150/428 sets (10848 tests)
  Starting: fn-uri-collection ...
  Done: fn-uri-collection (10855 tests total)
  Starting: fn-xml-to-json ...
  Done: fn-xml-to-json (10999 tests total)
  Starting: fn-year-from-date ...
  Done: fn-year-from-date (11026 tests total)
  Starting: fn-years-from-duration ...
  Done: fn-years-from-duration (11057 tests total)
  Starting: fn-year-from-dateTime ...
  Done: fn-year-from-dateTime (11084 tests total)
  Starting: fn-zero-or-one ...
  Done: fn-zero-or-one (11135 tests total)
  Starting: math-acos ...
  Done: math-acos (11144 tests total)
  Starting: math-asin ...
  Done: math-asin (11153 tests total)
  Starting: math-atan ...
  Done: math-atan (11162 tests total)
  Starting: math-atan2 ...
  Done: math-atan2 (11172 tests total)
  Starting: math-cos ...
  Done: math-cos (11181 tests total)
  Starting: math-exp ...
  Done: math-exp (11190 tests total)
  Starting: math-exp10 ...
  Done: math-exp10 (11198 tests total)
  Starting: math-log ...
  Done: math-log (11207 tests total)
  Starting: math-log10 ...
  Done: math-log10 (11216 tests total)
  Starting: math-pi ...
  Done: math-pi (11221 tests total)
  Starting: math-pow ...
  Done: math-pow (11255 tests total)
  Starting: math-sin ...
  Done: math-sin (11264 tests total)
  Starting: math-sqrt ...
  Done: math-sqrt (11273 tests total)
  Starting: math-tan ...
  Done: math-tan (11284 tests total)
  Starting: map-merge ...
  Done: map-merge (11316 tests total)
  Starting: map-contains ...
  Done: map-contains (11342 tests total)
  Starting: map-find ...
  Done: map-find (11354 tests total)
  Starting: map-get ...
  Done: map-get (11386 tests total)
  Starting: map-entry ...
  Done: map-entry (11395 tests total)
  Starting: map-size ...
  Done: map-size (11410 tests total)
  Starting: map-keys ...
  Done: map-keys (11424 tests total)
  Starting: map-put ...
  Done: map-put (11443 tests total)
  Starting: map-remove ...
  Done: map-remove (11461 tests total)
  Starting: map-for-each ...
  Done: map-for-each (11478 tests total)
  Starting: map-call ...
  Done: map-call (11504 tests total)
  Starting: array-append ...
  Done: array-append (11512 tests total)
  Starting: array-filter ...
  Done: array-filter (11524 tests total)
  Starting: array-flatten ...
  Done: array-flatten (11534 tests total)
  Starting: array-fold-left ...
  Done: array-fold-left (11543 tests total)
  Starting: array-fold-right ...
  Done: array-fold-right (11553 tests total)
  Starting: array-for-each ...
  Done: array-for-each (11562 tests total)
  Starting: array-for-each-pair ...
  Done: array-for-each-pair (11571 tests total)
  Starting: array-get ...
  Done: array-get (11581 tests total)
  Starting: array-head ...
  Done: array-head (11590 tests total)
  Starting: array-insert-before ...
  Done: array-insert-before (11601 tests total)
  Starting: array-join ...
  Done: array-join (11612 tests total)
  Starting: array-put ...
  Done: array-put (11625 tests total)
  Starting: array-remove ...
  Done: array-remove (11641 tests total)
  Starting: array-reverse ...
  Done: array-reverse (11645 tests total)
  Starting: array-size ...
  Done: array-size (11652 tests total)
  Starting: array-sort ...
  Done: array-sort (11689 tests total)
  Starting: array-subarray ...
  Done: array-subarray (11707 tests total)
  Starting: array-tail ...
  Done: array-tail (11713 tests total)
  Starting: xs-anyURI ...
  Done: xs-anyURI (11730 tests total)
  ... processed 200/428 sets (11730 tests)
  Starting: xs-base64Binary ...
  Done: xs-base64Binary (11769 tests total)
  Starting: xs-dateTimeStamp ...
  Done: xs-dateTimeStamp (11775 tests total)
  Starting: xs-double ...
  Done: xs-double (11780 tests total)
  Starting: xs-error ...
  Done: xs-error (11834 tests total)
  Starting: xs-float ...
  Done: xs-float (11840 tests total)
  Starting: xs-hexBinary ...
  Done: xs-hexBinary (11841 tests total)
  Starting: xs-normalizedString ...
  Done: xs-normalizedString (11848 tests total)
  Starting: xs-numeric ...
  Done: xs-numeric (11870 tests total)
  Starting: xs-token ...
  Done: xs-token (11877 tests total)
  Starting: op-add-dayTimeDurations ...
  Done: op-add-dayTimeDurations (11938 tests total)
  Starting: op-add-dayTimeDuration-to-date ...
  Done: op-add-dayTimeDuration-to-date (11965 tests total)
  Starting: op-add-dayTimeDuration-to-dateTime ...
  Done: op-add-dayTimeDuration-to-dateTime (11992 tests total)
  Starting: op-add-dayTimeDuration-to-time ...
  Done: op-add-dayTimeDuration-to-time (12018 tests total)
  Starting: op-add-yearMonthDurations ...
  Done: op-add-yearMonthDurations (12045 tests total)
  Starting: op-add-yearMonthDuration-to-date ...
  Done: op-add-yearMonthDuration-to-date (12072 tests total)
  Starting: op-add-yearMonthDuration-to-dateTime ...
  Done: op-add-yearMonthDuration-to-dateTime (12101 tests total)
  Starting: op-anyURI-equal ...
  Done: op-anyURI-equal (12123 tests total)
  Starting: op-anyURI-greater-than ...
  Done: op-anyURI-greater-than (12133 tests total)
  Starting: op-anyURI-less-than ...
  Done: op-anyURI-less-than (12141 tests total)
  Starting: op-bang ...
  Done: op-bang (12155 tests total)
  Starting: op-base64Binary-equal ...
  Done: op-base64Binary-equal (12185 tests total)
  Starting: op-base64Binary-less-than ...
  Done: op-base64Binary-less-than (12217 tests total)
  Starting: op-base64Binary-greater-than ...
  Done: op-base64Binary-greater-than (12249 tests total)
  Starting: op-boolean-equal ...
  Done: op-boolean-equal (12306 tests total)
  Starting: op-boolean-greater-than ...
  Done: op-boolean-greater-than (12355 tests total)
  Starting: op-boolean-less-than ...
  Done: op-boolean-less-than (12404 tests total)
  Starting: op-concat ...
  Done: op-concat (12496 tests total)
  Starting: op-concatenate ...
  Done: op-concatenate (12550 tests total)
  Starting: op-date-equal ...
  Done: op-date-equal (12597 tests total)
  Starting: op-date-greater-than ...
  Done: op-date-greater-than (12645 tests total)
  Starting: op-date-less-than ...
  Done: op-date-less-than (12693 tests total)
  Starting: op-dateTime-equal ...
  Done: op-dateTime-equal (12766 tests total)
  Starting: op-dateTime-greater-than ...
  Done: op-dateTime-greater-than (12810 tests total)
  Starting: op-dateTime-less-than ...
  Done: op-dateTime-less-than (12854 tests total)
  Starting: op-dayTimeDuration-greater-than ...
  Done: op-dayTimeDuration-greater-than (12912 tests total)
  Starting: op-dayTimeDuration-less-than ...
  Done: op-dayTimeDuration-less-than (12958 tests total)
  Starting: op-divide-dayTimeDuration ...
  Done: op-divide-dayTimeDuration (13013 tests total)
  Starting: op-divide-dayTimeDuration-by-dayTimeDuration ...
  Done: op-divide-dayTimeDuration-by-dayTimeDuration (13038 tests total)
  Starting: op-divide-yearMonthDuration ...
  Done: op-divide-yearMonthDuration (13069 tests total)
  Starting: op-divide-yearMonthDuration-by-yearMonthDuration ...
  Done: op-divide-yearMonthDuration-by-yearMonthDuration (13092 tests total)
  Starting: op-duration-equal ...
  Done: op-duration-equal (13250 tests total)
  Starting: op-except ...
  Done: op-except (13322 tests total)
  Starting: op-gDay-equal ...
  Done: op-gDay-equal (13373 tests total)
  Starting: op-gMonth-equal ...
  Done: op-gMonth-equal (13418 tests total)
  Starting: op-gMonthDay-equal ...
  Done: op-gMonthDay-equal (13469 tests total)
  Starting: op-gYear-equal ...
  Done: op-gYear-equal (13515 tests total)
  Starting: op-gYearMonth-equal ...
  Done: op-gYearMonth-equal (13561 tests total)
  Starting: op-hexBinary-equal ...
  Done: op-hexBinary-equal (13596 tests total)
  Starting: op-hexBinary-greater-than ...
  Done: op-hexBinary-greater-than (13628 tests total)
  Starting: op-hexBinary-less-than ...
  Done: op-hexBinary-less-than (13660 tests total)
  ... processed 250/428 sets (13660 tests)
  Starting: op-intersect ...
  Done: op-intersect (13735 tests total)
  Starting: op-is-same-node ...
  Done: op-is-same-node (13773 tests total)
  Starting: op-multiply-dayTimeDuration ...
  Done: op-multiply-dayTimeDuration (13820 tests total)
  Starting: op-multiply-yearMonthDuration ...
  Done: op-multiply-yearMonthDuration (13864 tests total)
  Starting: op-node-after ...
  Done: op-node-after (13899 tests total)
  Starting: op-node-before ...
  Done: op-node-before (13935 tests total)
  Starting: op-NOTATION-equal ...
  Done: op-NOTATION-equal (13957 tests total)
  Starting: op-numeric-add ...
  Done: op-numeric-add (14112 tests total)
  Starting: op-numeric-equal ...
  Done: op-numeric-equal (14314 tests total)
  Starting: op-numeric-divide ...
  Done: op-numeric-divide (14454 tests total)
  Starting: op-numeric-greater-than ...
  Done: op-numeric-greater-than (14572 tests total)
  Starting: op-numeric-integer-divide ...
  Done: op-numeric-integer-divide (14708 tests total)
  Starting: op-numeric-less-than ...
  Done: op-numeric-less-than (14891 tests total)
  Starting: op-numeric-mod ...
  Done: op-numeric-mod (15015 tests total)
  Starting: op-numeric-multiply ...
  Done: op-numeric-multiply (15124 tests total)
  Starting: op-numeric-subtract ...
  Done: op-numeric-subtract (15243 tests total)
  Starting: op-numeric-unary-minus ...
  Done: op-numeric-unary-minus (15309 tests total)
  Starting: op-numeric-unary-plus ...
  Done: op-numeric-unary-plus (15364 tests total)
  Starting: op-QName-equal ...
  Done: op-QName-equal (15402 tests total)
  Starting: op-string-equal ...
  Done: op-string-equal (15417 tests total)
  Starting: op-string-greater-than ...
  Done: op-string-greater-than (15426 tests total)
  Starting: op-string-less-than ...
  Done: op-string-less-than (15436 tests total)
  Starting: op-subtract-dates ...
  Done: op-subtract-dates (15466 tests total)
  Starting: op-subtract-dateTimes ...
  Done: op-subtract-dateTimes (15496 tests total)
  Starting: op-subtract-dayTimeDuration-from-date ...
  Done: op-subtract-dayTimeDuration-from-date (15519 tests total)
  Starting: op-subtract-dayTimeDuration-from-dateTime ...
  Done: op-subtract-dayTimeDuration-from-dateTime (15541 tests total)
  Starting: op-subtract-dayTimeDuration-from-time ...
  Done: op-subtract-dayTimeDuration-from-time (15568 tests total)
  Starting: op-subtract-dayTimeDurations ...
  Done: op-subtract-dayTimeDurations (15637 tests total)
  Starting: op-subtract-times ...
  Done: op-subtract-times (15670 tests total)
  Starting: op-subtract-yearMonthDuration-from-date ...
  Done: op-subtract-yearMonthDuration-from-date (15695 tests total)
  Starting: op-subtract-yearMonthDuration-from-dateTime ...
  Done: op-subtract-yearMonthDuration-from-dateTime (15718 tests total)
  Starting: op-subtract-yearMonthDurations ...
  Done: op-subtract-yearMonthDurations (15751 tests total)
  Starting: op-time-equal ...
  Done: op-time-equal (15809 tests total)
  Starting: op-time-greater-than ...
  Done: op-time-greater-than (15853 tests total)
  Starting: op-time-less-than ...
  Done: op-time-less-than (15897 tests total)
  Starting: op-to ...
  Done: op-to (16065 tests total)
  Starting: op-union ...
  Done: op-union (16147 tests total)
  Starting: op-yearMonthDuration-greater-than ...
  Done: op-yearMonthDuration-greater-than (16181 tests total)
  Starting: op-yearMonthDuration-less-than ...
  Done: op-yearMonthDuration-less-than (16215 tests total)
  Starting: op-same-key ...
  Done: op-same-key (16243 tests total)
  Starting: prod-AllowingEmpty ...
  Done: prod-AllowingEmpty (16262 tests total)
  Starting: prod-Annotation ...
  Done: prod-Annotation (16320 tests total)
  Starting: prod-ArrayTest ...
  Done: prod-ArrayTest (16375 tests total)
  Starting: prod-ArrowPostfix ...
  Done: prod-ArrowPostfix (16417 tests total)
  Starting: prod-AxisStep ...
  Done: prod-AxisStep (16766 tests total)
  Starting: prod-AxisStep.abbr ...
  Done: prod-AxisStep.abbr (16789 tests total)
  Starting: prod-AxisStep.ancestor ...
  Done: prod-AxisStep.ancestor (16832 tests total)
  Starting: prod-AxisStep.ancestor-or-self ...
  Done: prod-AxisStep.ancestor-or-self (16863 tests total)
  Starting: prod-AxisStep.following ...
  Done: prod-AxisStep.following (16889 tests total)
  Starting: prod-AxisStep.following-sibling ...
  Done: prod-AxisStep.following-sibling (16922 tests total)
  ... processed 300/428 sets (16922 tests)
  Starting: prod-AxisStep.preceding ...
  Done: prod-AxisStep.preceding (16954 tests total)
  Starting: prod-AxisStep.preceding-sibling ...
  Done: prod-AxisStep.preceding-sibling (16982 tests total)
  Starting: prod-AxisStep.static-typing ...
  Done: prod-AxisStep.static-typing (16997 tests total)
  Starting: prod-AxisStep.unabbr ...
  Done: prod-AxisStep.unabbr (17023 tests total)
  Starting: prod-BaseURIDecl ...
  Done: prod-BaseURIDecl (17061 tests total)
  Starting: prod-BoundarySpaceDecl ...
  Done: prod-BoundarySpaceDecl (17089 tests total)
  Starting: prod-CastableExpr ...
  Done: prod-CastableExpr (18048 tests total)
  Starting: prod-CastExpr ...
  Done: prod-CastExpr (20826 tests total)
  Starting: prod-CastExpr.derived ...
  Done: prod-CastExpr.derived (20985 tests total)
  Starting: prod-CastExpr.schema ...
  Done: prod-CastExpr.schema (21115 tests total)
  Starting: prod-Comment ...
  Done: prod-Comment (21160 tests total)
  Starting: prod-CompAttrConstructor ...
  Done: prod-CompAttrConstructor (21292 tests total)
  Starting: prod-CompDocConstructor ...
  Done: prod-CompDocConstructor (21351 tests total)
  Starting: prod-CompCommentConstructor ...
  Done: prod-CompCommentConstructor (21380 tests total)
  Starting: prod-CompElemConstructor ...
  Done: prod-CompElemConstructor (21476 tests total)
  Starting: prod-CompNamespaceConstructor ...
  Done: prod-CompNamespaceConstructor (21520 tests total)
  Starting: prod-CompPIConstructor ...
  Done: prod-CompPIConstructor (21577 tests total)
  Starting: prod-CompTextConstructor ...
  Done: prod-CompTextConstructor (21616 tests total)
  Starting: prod-ConstructionDecl ...
  Done: prod-ConstructionDecl (21642 tests total)
  Starting: prod-ConstructionDecl.schema ...
  Done: prod-ConstructionDecl.schema (21646 tests total)
  Starting: prod-ContextItemDecl ...
  Done: prod-ContextItemDecl (21690 tests total)
  Starting: prod-ContextItemExpr ...
  Done: prod-ContextItemExpr (21735 tests total)
  Starting: prod-CopyNamespacesDecl ...
  Done: prod-CopyNamespacesDecl (21771 tests total)
  Starting: prod-CountClause ...
  Done: prod-CountClause (21784 tests total)
  Starting: prod-CurlyArrayConstructor ...
  Done: prod-CurlyArrayConstructor (21789 tests total)
  Starting: prod-DecimalFormatDecl ...
  Done: prod-DecimalFormatDecl (21830 tests total)
  Starting: prod-DefaultCollationDecl ...
  Done: prod-DefaultCollationDecl (21842 tests total)
  Starting: prod-DefaultNamespaceDecl ...
  Done: prod-DefaultNamespaceDecl (21902 tests total)
  Starting: prod-DirAttributeList ...
  Done: prod-DirAttributeList (22038 tests total)
  Starting: prod-DirectConstructor ...
  Done: prod-DirectConstructor (22129 tests total)
  Starting: prod-DirElemConstructor ...
  Done: prod-DirElemConstructor (22200 tests total)
  Starting: prod-DirElemContent ...
  Done: prod-DirElemContent (22335 tests total)
  Starting: prod-DirElemContent.namespace ...
  Done: prod-DirElemContent.namespace (22468 tests total)
  Starting: prod-DirElemContent.whitespace ...
  Done: prod-DirElemContent.whitespace (22551 tests total)
  Starting: prod-EmptyOrderDecl ...
  Done: prod-EmptyOrderDecl (22583 tests total)
  Starting: prod-EQName ...
  Done: prod-EQName (22632 tests total)
  Starting: prod-ExtensionExpr ...
  Done: prod-ExtensionExpr (22689 tests total)
  Starting: prod-FLWORExpr ...
  Done: prod-FLWORExpr (22710 tests total)
  Starting: prod-FLWORExpr.static-typing ...
  Done: prod-FLWORExpr.static-typing (22738 tests total)
  Starting: prod-ForClause ...
  Done: prod-ForClause (22927 tests total)
  Starting: prod-FunctionCall ...
  Done: prod-FunctionCall (23079 tests total)
  Starting: prod-FunctionDecl ...
  Done: prod-FunctionDecl (23252 tests total)
  Starting: prod-GeneralComp.eq ...
  Done: prod-GeneralComp.eq (23445 tests total)
  Starting: prod-GeneralComp.ge ...
  Done: prod-GeneralComp.ge (23557 tests total)
  Starting: prod-GeneralComp.gt ...
  Done: prod-GeneralComp.gt (23675 tests total)
  Starting: prod-GeneralComp.le ...
  Done: prod-GeneralComp.le (23783 tests total)
  Starting: prod-GeneralComp.lt ...
  Done: prod-GeneralComp.lt (23916 tests total)
  Starting: prod-GeneralComp.ne ...
  Done: prod-GeneralComp.ne (24056 tests total)
  Starting: prod-GroupByClause ...
  Done: prod-GroupByClause (24092 tests total)
  Starting: prod-IfExpr ...
  Done: prod-IfExpr (24134 tests total)
  ... processed 350/428 sets (24134 tests)
  Starting: prod-InlineFunctionExpr ...
  Done: prod-InlineFunctionExpr (24172 tests total)
  Starting: prod-InstanceofExpr ...
  Done: prod-InstanceofExpr (24481 tests total)
  Starting: prod-LetClause ...
  Done: prod-LetClause (24570 tests total)
  Starting: prod-Literal ...
  Done: prod-Literal (24744 tests total)
  Starting: prod-Lookup ...
  Done: prod-Lookup (24852 tests total)
  Starting: prod-MapConstructor ...
  Done: prod-MapConstructor (24894 tests total)
  Starting: prod-MapTest ...
  Done: prod-MapTest (24940 tests total)
  Starting: prod-ModuleImport ...
  Done: prod-ModuleImport (25068 tests total)
  Starting: prod-NamedFunctionRef ...
  Done: prod-NamedFunctionRef (25624 tests total)
  Starting: prod-NamespaceDecl ...
  Done: prod-NamespaceDecl (25668 tests total)
  Starting: prod-NameTest ...
  Done: prod-NameTest (25795 tests total)
  Starting: prod-NodeTest ...
  Done: prod-NodeTest (25863 tests total)
  Starting: prod-OptionDecl ...
  Done: prod-OptionDecl (25872 tests total)
  Starting: prod-OptionDecl.serialization ...
  Done: prod-OptionDecl.serialization (25911 tests total)
  Starting: prod-OrExpr ...
  Done: prod-OrExpr (26282 tests total)
  Starting: prod-OrderByClause ...
  Done: prod-OrderByClause (26487 tests total)
  Starting: prod-OrderingModeDecl ...
  Done: prod-OrderingModeDecl (26514 tests total)
  Starting: prod-PathExpr ...
  Done: prod-PathExpr (26542 tests total)
  Starting: prod-ParenthesizedExpr ...
  Done: prod-ParenthesizedExpr (26562 tests total)
  Starting: prod-PositionalVar ...
  Done: prod-PositionalVar (26596 tests total)
  Starting: prod-Predicate ...
  Done: prod-Predicate (26803 tests total)
  Starting: prod-QuantifiedExpr ...
  Done: prod-QuantifiedExpr (27006 tests total)
  Starting: prod-ReturnClause ...
  Done: prod-ReturnClause (27027 tests total)
  Starting: prod-SchemaImport ...
  Done: prod-SchemaImport (27167 tests total)
  Starting: prod-SequenceType ...
  Done: prod-SequenceType (27188 tests total)
  Starting: prod-SquareArrayConstructor ...
  Done: prod-SquareArrayConstructor (27194 tests total)
  Starting: prod-StepExpr ...
  Done: prod-StepExpr (27252 tests total)
  Starting: prod-StringConstructor ...
  Done: prod-StringConstructor (27304 tests total)
  Starting: prod-SwitchExpr ...
  Done: prod-SwitchExpr (27331 tests total)
  Starting: prod-TreatExpr ...
  Done: prod-TreatExpr (27402 tests total)
  Starting: prod-TryCatchExpr ...
  Done: prod-TryCatchExpr (27575 tests total)
  Starting: prod-TypeswitchExpr ...
  Done: prod-TypeswitchExpr (27648 tests total)
  Starting: prod-UnorderedExpr ...
  Done: prod-UnorderedExpr (27676 tests total)
  Starting: prod-UnaryLookup ...
  Done: prod-UnaryLookup (27710 tests total)
  Starting: prod-ValidateExpr ...
  Done: prod-ValidateExpr (27796 tests total)
  Starting: prod-ValueComp ...
  Done: prod-ValueComp (27897 tests total)
  Starting: prod-VarDecl ...
  Done: prod-VarDecl (28044 tests total)
  Starting: prod-VarDecl.external ...
  Done: prod-VarDecl.external (28143 tests total)
  Starting: prod-VarDefaultValue ...
  Done: prod-VarDefaultValue (28180 tests total)
  Starting: prod-VersionDecl ...
  Done: prod-VersionDecl (28230 tests total)
  Starting: prod-WhereClause ...
  Done: prod-WhereClause (28315 tests total)
  Starting: prod-WindowClause ...
  Done: prod-WindowClause (28450 tests total)
  Starting: misc-CombinedErrorCodes ...
  Done: misc-CombinedErrorCodes (28709 tests total)
  Starting: misc-AnnexE ...
  Done: misc-AnnexE (28717 tests total)
  Starting: misc-AppendixA4 ...
  Done: misc-AppendixA4 (28726 tests total)
  Starting: misc-ErrorsAndOptimization ...
  Done: misc-ErrorsAndOptimization (28733 tests total)
  Starting: misc-HigherOrderFunctions ...
  Done: misc-HigherOrderFunctions (28862 tests total)
  Starting: misc-JsonTestSuite ...
  Done: misc-JsonTestSuite (29180 tests total)
  Starting: misc-StaticContext ...
  Done: misc-StaticContext (29181 tests total)
  Starting: misc-Surrogates ...
  Done: misc-Surrogates (29213 tests total)
  ... processed 400/428 sets (29213 tests)
  Starting: misc-UCACollation ...
  Done: misc-UCACollation (29302 tests total)
  Starting: misc-XMLEdition ...
  Done: misc-XMLEdition (29321 tests total)
  Starting: method-adaptive ...
  Done: method-adaptive (29410 tests total)
  Starting: method-html ...
  Done: method-html (29474 tests total)
  Starting: method-json ...
  Done: method-json (29548 tests total)
  Starting: method-text ...
  Done: method-text (29568 tests total)
  Starting: method-xhtml ...
  Done: method-xhtml (29617 tests total)
  Starting: method-xml ...
  Done: method-xml (29664 tests total)
  Starting: app-CatalogCheck ...
  Done: app-CatalogCheck (29678 tests total)
  Starting: app-Demos ...
  Done: app-Demos (29683 tests total)
  Starting: app-Duplicates ...
  Done: app-Duplicates (29697 tests total)
  Starting: app-FunctxFn ...
  Done: app-FunctxFn (30199 tests total)
  Starting: app-FunctxFunctx ...
  Done: app-FunctxFunctx (30826 tests total)
  Starting: app-UseCaseCompoundValues ...
  Done: app-UseCaseCompoundValues (30827 tests total)
  Starting: app-UseCaseJSON ...
  Done: app-UseCaseJSON (30840 tests total)
  Starting: app-UseCaseNLP ...
  Done: app-UseCaseNLP (30847 tests total)
  Starting: app-UseCaseNS ...
  Done: app-UseCaseNS (30855 tests total)
  Starting: app-UseCasePARTS ...
  Done: app-UseCasePARTS (30856 tests total)
  Starting: app-UseCaseR ...
  Done: app-UseCaseR (30874 tests total)
  Starting: app-UseCaseR31 ...
  Done: app-UseCaseR31 (30899 tests total)
  Starting: app-UseCaseSEQ ...
  Done: app-UseCaseSEQ (30904 tests total)
  Starting: app-UseCaseSGML ...
  Done: app-UseCaseSGML (30915 tests total)
  Starting: app-UseCaseSTRING ...
  Done: app-UseCaseSTRING (30919 tests total)
  Starting: app-UseCaseTREE ...
  Done: app-UseCaseTREE (30925 tests total)
  Starting: app-UseCaseXMP ...
  Done: app-UseCaseXMP (30937 tests total)
  Starting: app-Walmsley ...
  Done: app-Walmsley (31159 tests total)
  Starting: app-XMark ...
  Done: app-XMark (31180 tests total)
  Starting: app-spec-examples ...
  Done: app-spec-examples (31821 tests total)

============================================================
Conformance Test Results
============================================================
Total:   31821
Passed:  19041
Failed:  2829
Skipped: 9951

Pass rate: 59.84%

First 20 failures:
  FAIL fn-abs-1: assert-eq failed. Expected: integer decimal float double, Got: integer decimal float float
  FAIL analyzeString-008: assert-xml failed. Expected: <analyze-string-result xmlns="http://www.w3.org/2005/xpath-functions"><non-match>b</non-match><match><group nr="1">a<group nr="2">n</group></group></match><match><group nr="1">a<group nr="2">n</group></group></match><match><group nr="1">a<group nr="2" /></group></match></analyze-string-result>, Got: <analyze-string-result xmlns="http://www.w3.org/2005/xpath-functions"><non-match>b</non-match><match><group nr="1">an</group><group nr="2">n</group></match><match><group nr="1">an</group><group nr="2">n</group></match><match><group nr="1">a</group><group nr="2"></group></match></analyze-string-result>
  FAIL analyzeString-017: assert-xml failed. Expected: <analyze-string-result xmlns="http://www.w3.org/2005/xpath-functions"><match><group nr="1">b</group><group nr="2" /></match><non-match>anana</non-match></analyze-string-result>, Got: <analyze-string-result xmlns="http://www.w3.org/2005/xpath-functions"><match><group nr="1">b</group><group nr="2"></group></match><non-match>anana</non-match></analyze-string-result>
  FAIL analyzeString-017a: assert-xml failed. Expected: <analyze-string-result xmlns="http://www.w3.org/2005/xpath-functions"><match><group nr="1">b<group nr="2" /></group></match><non-match>anana</non-match></analyze-string-result>, Got: <analyze-string-result xmlns="http://www.w3.org/2005/xpath-functions"><match><group nr="1">b</group><group nr="2"></group></match><non-match>anana</non-match></analyze-string-result>
  FAIL fn-apply-13: Expected error XPTY0004 but succeeded
  FAIL K-SeqAVGFunc-35: Expected error FORG0006 but succeeded
  FAIL K-SeqAVGFunc-36: Expected error FORG0006 but succeeded
  FAIL context-item-1: Expected error XPDY0002 but succeeded
  FAIL K-CeilingFunc-6: Expected error XPTY0004 but succeeded
  FAIL fn-ceiling-1: assert-deep-eq failed at item 3. Expected: double, Got: float
  FAIL K-CodepointToStringFunc-27: Unexpected error: FOCH0001
  FAIL K-CodepointToStringFunc-28: Unexpected error: FOCH0001
  FAIL cbcl-codepoints-to-string-026: assert-string-value failed. Expected: '', Got: ''
  FAIL collation-key-015: assert-true failed. Got: false
  FAIL collation-key-901: Expected error XPTY0004 but succeeded
  FAIL fn-collection-2: Expected error FODC0002 but succeeded
  FAIL fn-collection-3: any-of: none matched. [Expected error FODC0002 but succeeded; Expected error FODC0004 but succeeded]
  FAIL fn-collection-4d: assert-eq failed. Expected: 2, Got: 0
  FAIL fn-collection-5d: assert-eq failed. Expected: 3, Got: 0
  FAIL K2-SeqCollectionFunc-1: any-of: none matched. [Expected error FODC0004 but succeeded; Expected error FODC0002 but succeeded]
  FAIL K2-SeqCollectionFunc-2: any-of: none matched. [Expected error FODC0004 but succeeded; Expected error FODC0002 but succeeded]
  FAIL collection-001: any-of: none matched. [assert failed. Expression: count($result) = 2, Got: false; Expected error FODC0003 but succeeded]
  FAIL collection-002: any-of: none matched. [assert failed. Expression: count($result) = 2, Got: false; Expected error FODC0003 but succeeded]
  FAIL collection-003: any-of: none matched. [assert failed. Expression: count($result) = 3, Got: false; Expected error FODC0003 but succeeded]
  FAIL collection-010: any-of: none matched. [assert failed. Expression: count($result) = 3, Got: false; Expected error FODC0003 but succeeded]
  FAIL collection-900: Expected error FODC0002 but succeeded
  FAIL collection-901: Expected error FODC0002 but succeeded
  FAIL collection-902: any-of: none matched. [Expected error FODC0004 but succeeded; Expected error FODC0002 but succeeded]
  FAIL collection-903: Expected error FODC0002 but succeeded
  FAIL cbcl-collection-001: any-of: none matched. [Expected error FODC0004 but succeeded; Expected error FODC0002 but succeeded]
  FAIL compare-011: Expected error XPTY0004 but succeeded
  FAIL compare-016: assert-false failed. Got: true
  FAIL fn-contains-24: assert-true failed. Got: false
  FAIL fn-contains-25: assert-true failed. Got: false
  FAIL fn-contains-26: assert-false failed. Got: true
  FAIL fn-contains-27: assert-false failed. Got: true
  FAIL liam-contains-004: assert-string-value failed. Expected: 'pass', Got: 'fail'
  FAIL fn-contains-token-21: assert-false failed. Got: true
  FAIL fn-contains-token-51: assert-false failed. Got: true
  FAIL fn-current-time-22: assert-true failed. Got: false
  FAIL K2-DataFunc-4: Expected error XPDY0002 but succeeded
  FAIL K2-DataFunc-6: Expected error FOTY0012 but succeeded
  FAIL cbcl-dateTime-001: assert-string-value failed. Expected: '2', Got: ''
  FAIL fn-deep-equal-arrays-13: assert-true failed. Got: false
  FAIL fn-deep-equal-maps-14: assert-true failed. Got: false
  FAIL fn-deep-equal-maps-16: assert-false failed. Got: true
  FAIL K-SeqDeepEqualFunc-56: assert-true failed. Got: false
  FAIL K-SeqDeepEqualFunc-64: assert-true failed. Got: false
  FAIL K2-SeqDistinctValuesFunc-1: Expected error FOCH0002 but succeeded
  FAIL K2-SeqDocFunc-10: Expected error FODC0002 but succeeded
  FAIL K2-SeqDocFunc-11: Expected error FODC0002 but succeeded
  FAIL fn-element-with-id-1: assert-string-value failed. Expected: 'Element-with-ID-attribute Element-with-ID-attribute id id | Element-with-ID-attribute Element-with-ID-attribute Element-with-ID-child Element-with-ID-child', Got: 'Element-with-ID-attribute Element-with-ID-attribute | Element-with-ID-attribute Element-with-ID-attribute'
  FAIL fn-element-with-id-2: assert-string-value failed. Expected: 'id id | Element-with-Restricted-ID-child Element-with-Restricted-ID-child', Got: '|'
  FAIL fn-element-with-id-3: assert-string-value failed. Expected: 'id | Element-with-complex-ID-child', Got: '|'
  FAIL fn-element-with-id-4: assert-string-value failed. Expected: 'id | Element-with-ID-list-child | 0 | 0', Got: '| | 0 | 0'
  FAIL fn-element-with-id-5: assert-string-value failed. Expected: 'id | Element-with-ID-union-child | 0 | 0', Got: '| | 0 | 0'
  FAIL K-FloorFunc-6: Expected error XPTY0004 but succeeded
  FAIL fn-floor-1: assert-deep-eq failed at item 3. Expected: double, Got: float
  FAIL fold-left-008: Unexpected error: XPTY0004
  FAIL format-integer-019: Expected error XPDY0002 but succeeded
  FAIL format-integer-032: assert-eq failed. Expected: Erster, Got: First
  FAIL format-integer-032-fr: assert-eq failed. Expected: Deuxième, Got: Second
  FAIL format-integer-032-it: assert-eq failed. Expected: Quinto;Quinta, Got: Fifth;Fifth
  FAIL format-integer-052: assert-eq failed. Expected: 1=一|2=二|3=三|4=四|5=五|6=六|7=七|8=八|9=九|10=十|11=十一|12=十二|13=十三|14=十四|15=十五|16=十六|17=十七|18=十八|19=十九|20=二十|21=二十一|22=二十二|23=二十三|151=百五十一|302=三百二|469=四百六十九|2025=二千二十五, Got: 1=1|2=2|3=3|4=4|5=5|6=6|7=7|8=8|9=9|10=10|11=11|12=12|13=13|14=14|15=15|16=16|17=17|18=18|19=19|20=20|21=21|22=22|23=23|151=151|302=302|469=469|2025=2025
  FAIL format-integer-065: assert-eq failed. Expected: Zwanzigste, Got: Twentieth
  FAIL format-integer-066: assert-eq failed. Expected: Quinto;Quinta, Got: Fifth;Fifth
  FAIL numberformat63: any-of: none matched. [assert-string-value failed. Expected: '123456789012345678901234567890.1234567890123456789', Got: '123456789012345680000000000000.0'; Expected error FOAR0002 but succeeded]
  FAIL numberformat64: any-of: none matched. [assert-string-value failed. Expected: '12 34 56 78 90 12 34 56 78 90 12 34 56 78 90 12 34 56 78 90 12 34 56 78 90 00 00.0', Got: '12 34 56 78 90 12 34 56 80 00 00 00 00 00 00 00 00 00 00 00 00 00 00 00 00 00 00.0'; Expected error FOAR0002 but succeeded]
  FAIL numberformat123: assert-string-value failed. Expected: '𐒡.𐒠e𐒠', Got: '𐒠.𐒡e�1'
  FAIL numberformat906InputErr: Expected error XPTY0004 but succeeded
  FAIL fn-function-lookup-005: assert-true failed. Got: false
  FAIL fn-function-lookup-006: Unexpected error: Cannot access FunctionValue on XDM value of kind 'Undefined'
  FAIL fn-function-lookup-007: assert-true failed. Got: false
  FAIL fn-function-lookup-008: Unexpected error: Cannot access FunctionValue on XDM value of kind 'Undefined'
  FAIL fn-function-lookup-018: Unexpected error: Cannot access FunctionValue on XDM value of kind 'Sequence'
  FAIL fn-function-lookup-020: assert-string-value failed. Expected: 'http://www.w3.org/fots/fn/function-lookup/function-lookup.xml', Got: 'file:///D:/Development/Bosak/tests/qt3tests/fn/function-lookup/function-lookup.xml'
  FAIL fn-function-lookup-022: assert failed. Expression: ends-with($result, 'function-lookup/function-lookup.xml'), Got: false
  FAIL fn-function-lookup-066: assert-string-value failed. Expected: '10', Got: '1'
  FAIL fn-function-lookup-260: assert-string-value failed. Expected: 'http://www.example.org/', Got: ''
  FAIL fn-function-lookup-262: assert-string-value failed. Expected: 'xml', Got: ''
  FAIL fn-function-lookup-351: assert-true failed. Got: false
  FAIL fn-function-lookup-352: Unexpected error: Cannot access FunctionValue on XDM value of kind 'Undefined'
  FAIL fn-function-lookup-355: assert-true failed. Got: false
  FAIL fn-function-lookup-356: Unexpected error: Cannot access FunctionValue on XDM value of kind 'Undefined'
  FAIL fn-function-lookup-357: assert-true failed. Got: false
  FAIL fn-function-lookup-358: Unexpected error: Cannot access FunctionValue on XDM value of kind 'Undefined'
  FAIL fn-function-lookup-359: assert-true failed. Got: false
  FAIL fn-function-lookup-360: Unexpected error: Cannot access FunctionValue on XDM value of kind 'Undefined'
  FAIL fn-function-lookup-370: assert-type failed. Expected node()+, got empty sequence
  FAIL fn-function-lookup-372: assert-type failed. Expected node()+, got empty sequence
  FAIL fn-function-lookup-373: assert-true failed. Got: false
  FAIL fn-function-lookup-374: assert-type failed. Unexpected error: Cannot access FunctionValue on XDM value of kind 'Undefined'
  FAIL fn-function-lookup-375: assert-true failed. Got: false
  FAIL fn-function-lookup-376: assert-type failed. Unexpected error: Cannot access FunctionValue on XDM value of kind 'Undefined'
  FAIL fn-function-lookup-378: assert-type failed. Unexpected error: FOUT1170
  FAIL fn-function-lookup-380: assert-type failed. Unexpected error: FOUT1170
  FAIL fn-function-lookup-382: assert-type failed. Unexpected error: FOUT1170
  FAIL fn-function-lookup-384: assert-type failed. Unexpected error: FOUT1170
  FAIL fn-function-lookup-386: assert-true failed. Got: false
  FAIL fn-function-lookup-388: assert-true failed. Got: false
  FAIL fn-function-lookup-398: assert failed. Expression: contains($result, "1 true"), Got: false
  FAIL fn-function-lookup-400: Unexpected error: Cannot access MapValue on XDM value of kind 'Sequence'
  FAIL fn-function-lookup-416: assert-type failed. Expected xs:anyURI?, got empty sequence
  FAIL fn-function-lookup-759: assert-true failed. Got: false
  FAIL fn-function-lookup-760: Unexpected error: Cannot access FunctionValue on XDM value of kind 'Undefined'
  FAIL fn-function-lookup-762: assert-true failed. Got: false
  FAIL fn-function-lookup-765: assert-true failed. Got: false
  FAIL fn-function-lookup-813: assert-true failed. Got: false
  FAIL fn-function-lookup-814: Unexpected error: Cannot access FunctionValue on XDM value of kind 'Undefined'
  FAIL fn-function-arity-016: Unexpected error: XPST0017: Function {http://www.w3.org/2005/xpath-functions}concat#99 not found.
  FAIL fn-function-name-014: any-of: none matched. [assert-type failed. Expected empty-sequence(), got empty sequence; Expected error XPST0005 but succeeded]
  FAIL fn-function-name-017: Unexpected error: XPST0017: Function {http://www.w3.org/2005/xpath-functions}concat#99 not found.
  FAIL fn-function-name-021: assert-empty failed. Got: fn:substring
  FAIL generate-id-011: assert-true failed. Got: false
  FAIL generate-id-901: Expected error XPDY0002 but succeeded
  FAIL generate-id-902: Expected error XPTY0004 but succeeded
  FAIL generate-id-903: Expected error XPTY0004 but succeeded
  FAIL generate-id-904: Expected error XPTY0004 but succeeded
  FAIL generate-id-905: Expected error XPTY0004 but succeeded
  FAIL fn-has-children-005: any-of: none matched. [Expected error XPDY0002 but succeeded; Expected error XPTY0004 but succeeded]
  FAIL fn-has-children-006: any-of: none matched. [Expected error XPDY0002 but succeeded; Expected error XPTY0004 but succeeded]
  FAIL fn-has-children-019: Unexpected error: XPTY0004
  FAIL fn-has-children-021: Unexpected error: XPTY0004
  FAIL fn-has-children-023: Unexpected error: XPTY0004
  FAIL fn-has-children-025: Unexpected error: XPTY0004
  FAIL fn-has-children-027: Unexpected error: XPTY0004
  FAIL fn-has-children-029: Unexpected error: XPTY0004
  FAIL fn-has-children-031: Unexpected error: XPTY0004
  FAIL fn-has-children-033: Unexpected error: XPTY0004
  FAIL fn-id-2: Expected error XPTY0004 but succeeded
  FAIL fn-id-dtd-5: Unexpected error: XPST0017: Function {http://www.w3.org/2005/xpath-functions}id#2 not found.
  FAIL fn-id-dtd-6: Unexpected error: XPST0017: Function {http://www.w3.org/2005/xpath-functions}id#2 not found.
  FAIL fn-id-dtd-7: Unexpected error: XPST0017: Function {http://www.w3.org/2005/xpath-functions}id#2 not found.
  FAIL fn-id-dtd-8: Unexpected error: XPST0017: Function {http://www.w3.org/2005/xpath-functions}id#2 not found.
  FAIL fn-id-dtd-9: Unexpected error: XPST0017: Function {http://www.w3.org/2005/xpath-functions}id#2 not found.
  FAIL fn-id-dtd-10: Unexpected error: XPST0017: Function {http://www.w3.org/2005/xpath-functions}id#2 not found.
  FAIL fn-id-dtd-11: Unexpected error: XPST0017: Function {http://www.w3.org/2005/xpath-functions}id#2 not found.
  FAIL fn-id-dtd-12: Unexpected error: XPST0017: Function {http://www.w3.org/2005/xpath-functions}id#2 not found.
  FAIL fn-id-dtd-13: Unexpected error: XPST0017: Function {http://www.w3.org/2005/xpath-functions}id#2 not found.
  FAIL fn-id-dtd-14: Unexpected error: XPST0017: Function {http://www.w3.org/2005/xpath-functions}id#2 not found.
  FAIL fn-id-dtd-15: Unexpected error: XPST0017: Function {http://www.w3.org/2005/xpath-functions}id#2 not found.
  FAIL fn-id-dtd-16: Unexpected error: XPST0017: Function {http://www.w3.org/2005/xpath-functions}id#2 not found.
  FAIL fn-id-dtd-17: Unexpected error: XPST0017: Function {http://www.w3.org/2005/xpath-functions}id#2 not found.
  FAIL fn-id-dtd-18: Unexpected error: XPST0017: Function {http://www.w3.org/2005/xpath-functions}id#2 not found.
  FAIL fn-id-dtd-19: Unexpected error: XPST0017: Function {http://www.w3.org/2005/xpath-functions}id#2 not found.
  FAIL fn-id-dtd-20: Unexpected error: XPST0017: Function {http://www.w3.org/2005/xpath-functions}id#2 not found.
  FAIL fn-id-dtd-21: Unexpected error: XPST0017: Function {http://www.w3.org/2005/xpath-functions}id#2 not found.
  FAIL K2-SeqIDFunc-3: Expected error XPTY0004 but succeeded
  FAIL K2-SeqIDFunc-10: assert-string-value failed. Expected: 'positiveInteger short', Got: ''
  FAIL K2-SeqIDFunc-11: Unexpected error: XPST0017: Function {http://www.w3.org/2005/xpath-functions}id#2 not found.
  FAIL K2-SeqIDFunc-12: Unexpected error: XPST0017: Function {http://www.w3.org/2005/xpath-functions}id#2 not found.
  FAIL K2-SeqIDFunc-13: assert-string-value failed. Expected: 'a b c d e f i', Got: ''
  FAIL K2-SeqIDFunc-14: assert-string-value failed. Expected: 'positiveInteger short', Got: ''
  FAIL K2-SeqIDFunc-15: assert-string-value failed. Expected: 'a b c d e f i', Got: ''
  FAIL fn-idref-dtd-5: Unexpected error: XPST0017: Function {http://www.w3.org/2005/xpath-functions}idref#2 not found.
  FAIL fn-idref-dtd-6: Unexpected error: XPST0017: Function {http://www.w3.org/2005/xpath-functions}idref#2 not found.
  FAIL fn-idref-dtd-7: Unexpected error: XPST0017: Function {http://www.w3.org/2005/xpath-functions}idref#2 not found.
  FAIL fn-idref-dtd-9: Unexpected error: XPST0017: Function {http://www.w3.org/2005/xpath-functions}idref#2 not found.
  FAIL fn-idref-dtd-10: Unexpected error: XPST0017: Function {http://www.w3.org/2005/xpath-functions}idref#2 not found.
  FAIL fn-idref-dtd-11: Unexpected error: XPST0017: Function {http://www.w3.org/2005/xpath-functions}idref#2 not found.
  FAIL fn-idref-dtd-12: Unexpected error: XPST0017: Function {http://www.w3.org/2005/xpath-functions}idref#2 not found.
  FAIL fn-idref-dtd-13: Unexpected error: XPST0017: Function {http://www.w3.org/2005/xpath-functions}idref#2 not found.
  FAIL fn-idref-dtd-14: Unexpected error: XPST0017: Function {http://www.w3.org/2005/xpath-functions}idref#2 not found.
  FAIL fn-idref-dtd-15: Unexpected error: XPST0017: Function {http://www.w3.org/2005/xpath-functions}idref#2 not found.
  FAIL fn-idref-dtd-16: Unexpected error: XPST0017: Function {http://www.w3.org/2005/xpath-functions}idref#2 not found.
  FAIL fn-idref-dtd-17: Unexpected error: XPST0017: Function {http://www.w3.org/2005/xpath-functions}idref#2 not found.
  FAIL fn-idref-dtd-18: Unexpected error: XPST0017: Function {http://www.w3.org/2005/xpath-functions}idref#2 not found.
  FAIL fn-idref-dtd-19: Unexpected error: XPST0017: Function {http://www.w3.org/2005/xpath-functions}idref#2 not found.
  FAIL fn-idref-dtd-20: Unexpected error: XPST0017: Function {http://www.w3.org/2005/xpath-functions}idref#2 not found.
  FAIL fn-idref-dtd-21: Unexpected error: XPST0017: Function {http://www.w3.org/2005/xpath-functions}idref#2 not found.
  FAIL fn-idref-dtd-25: Unexpected error: XPST0017: Function {http://www.w3.org/2005/xpath-functions}idref#1 not found.
  FAIL fn-innermost-006: Expected error XPTY0004 but succeeded
  FAIL fn-innermost-007: Expected error XPTY0004 but succeeded
  FAIL fn-innermost-009: Expected error XPTY0004 but succeeded
  FAIL fn-innermost-011: Expected error XPTY0004 but succeeded
  FAIL fn-innermost-034: assert-true failed. Got: false
  FAIL fn-innermost-036: assert-true failed. Got: false
  FAIL fn-innermost-040: assert-true failed. Got: false
  FAIL fn-innermost-042: assert-true failed. Got: false
  FAIL fn-innermost-046: assert-true failed. Got: false
  FAIL fn-innermost-050: assert-true failed. Got: false
  FAIL fn-innermost-053: Unexpected error: Variable $doc1 is not defined.
  FAIL fn-innermost-054: Unexpected error: Variable $doc1 is not defined.
  FAIL fn-indexof-mix-args-008: assert-string-value failed. Expected: '', Got: '1'
  FAIL fn-indexof-mix-args-009: assert-string-value failed. Expected: '', Got: '1'
  FAIL K-SeqIndexOfFunc-3: Expected error XPTY0004 but succeeded
  FAIL K-SeqIndexOfFunc-4: Expected error FOCH0002 but succeeded
  FAIL K-SeqIndexOfFunc-7: assert-true failed. Got: false
  FAIL K-SeqIndexOfFunc-8: assert-true failed. Got: false
  FAIL K-SeqIndexOfFunc-9: assert-true failed. Got: false
  FAIL K-SeqIndexOfFunc-10: assert-true failed. Got: false
  FAIL K-SeqIndexOfFunc-11: assert-true failed. Got: false
  FAIL cbcl-fn-indexof-006: Expected error XPTY0004 but succeeded
  FAIL fn-in-scope-prefixes-2: Expected error XPTY0004 but succeeded
  FAIL fn-in-scope-prefixes-23: Expected error XPTY0004 but succeeded
  FAIL fn-in-scope-prefixes-26: assert-string-value failed. Expected: 'xml', Got: ''
  FAIL fn-iri-to-uri1args-5: Expected error XPTY0004 but succeeded
  FAIL K2-IRIToURIfunc-3: Expected error XPTY0004 but succeeded
  FAIL K2-IRIToURIfunc-4: Expected error XPTY0004 but succeeded
  FAIL json-doc-028: Unexpected error: FOUT1170: Invalid URI
  FAIL json-doc-035: Unexpected error: FOUT1170: Invalid URI
  FAIL json-to-xml-008: Unexpected error: FOUT1170
  FAIL json-to-xml-009: Unexpected error: FOUT1170
  FAIL json-to-xml-010: Unexpected error: FOUT1170
  FAIL json-to-xml-011: Unexpected error: FOUT1170
  FAIL json-to-xml-012: assert-type failed. Unexpected error: FOUT1170
  FAIL json-to-xml-014: assert-xml failed. Expected: <string xmlns="http://www.w3.org/2005/xpath-functions" key="Key &quot; with quote">Data with " within it</string>, Got: <string key="Key &quot; with quote" xmlns="http://www.w3.org/2005/xpath-functions">Data with " within it</string>
  FAIL json-to-xml-019: assert-xml failed. Expected: <map xmlns="http://www.w3.org/2005/xpath-functions"><number key="a\\" escaped-key="true">3</number><number key="b\\" escaped-key="true">4</number></map>, Got: <map xmlns="http://www.w3.org/2005/xpath-functions"><number key="a\\">3</number><number key="b\\">4</number></map>
  FAIL json-to-xml-021: assert-xml failed. Expected: <map xmlns="http://www.w3.org/2005/xpath-functions"><string key="a" escaped="true">\f</string><string key="\u0007" escaped-key="true">bell</string></map>, Got: <map xmlns="http://www.w3.org/2005/xpath-functions"><string escaped="true" key="a">\f</string><string key="\u0007">bell</string></map>
  FAIL json-to-xml-023: Unexpected error: Cannot read incomplete UTF-16 JSON text as string with missing low surrogate.
  FAIL json-to-xml-024: any-of: none matched. [Unexpected error: Cannot read incomplete UTF-16 JSON text as string with missing low surrogate.; Unexpected error: Cannot read incomplete UTF-16 JSON text as string with missing low surrogate.]
  FAIL json-to-xml-026: Unexpected error: Cannot read incomplete UTF-16 JSON text as string with missing low surrogate.
  FAIL json-to-xml-028: Unexpected error: FOJS0001: Empty string is not valid JSON
  FAIL json-to-xml-035: Unexpected error: FOJS0001: Empty string is not valid JSON
  FAIL json-to-xml-036: assert-xml failed. Expected: <map xmlns="http://www.w3.org/2005/xpath-functions"><number key="a">3</number><number key="b">4</number></map>, Got: <map xmlns="http://www.w3.org/2005/xpath-functions"><number key="a">3</number><number key="b">4</number><number key="a">5</number></map>
  FAIL json-to-xml-039: Unexpected error: Cannot read invalid UTF-16 JSON text as string. Invalid surrogate value: '0xDEAD'.
  FAIL json-to-xml-040: assert-xml failed. Expected: <map xmlns="http://www.w3.org/2005/xpath-functions"><number key="a">3</number><number key="b">4</number><number key="c">5</number></map>, Got: <map xmlns="http://www.w3.org/2005/xpath-functions"><number key="a">3</number><number key="b">4</number><number key="a">5</number><number key="c">5</number></map>
  FAIL json-to-xml-041: assert-true failed. Got: 
  FAIL json-to-xml-042: Expected error FOJS0003 but succeeded
  FAIL json-to-xml-048: assert-xml failed. Expected: <string xmlns="http://www.w3.org/2005/xpath-functions">\/"
	 </string>, Got: <string xmlns="http://www.w3.org/2005/xpath-functions">\/"�� </string>
  FAIL json-to-xml-049: assert-xml failed. Expected: <string escaped="true" xmlns="http://www.w3.org/2005/xpath-functions">\\/"\r\t </string>, Got: <string escaped="true" xmlns="http://www.w3.org/2005/xpath-functions">\\/\"\r\t </string>
  FAIL json-to-xml-error-020: Expected error XPTY0004 but succeeded
  FAIL json-to-xml-error-021: Expected error XPTY0004 but succeeded
  FAIL json-to-xml-error-022: Expected error XPTY0004 but succeeded
  FAIL json-to-xml-error-026: Expected error XPTY0004 but succeeded
  FAIL json-to-xml-error-035: Expected error FOJS0003 but succeeded
  FAIL json-to-xml-error-040: Expected error FOJS0005 but succeeded
  FAIL json-to-xml-error-041: Expected error XPTY0004 but succeeded
  FAIL fn-lang-15: Expected error XPTY0004 but succeeded
  FAIL fn-lang-22: Expected error XPDY0002 but succeeded
  FAIL fn-lang-31: Unexpected error: Cannot access FunctionValue on XDM value of kind 'Sequence'
  FAIL fn-lang-32: Unexpected error: Cannot access FunctionValue on XDM value of kind 'Sequence'
  FAIL K-NodeLangFunc-4: Expected error XPTY0004 but succeeded
  FAIL last-2: Expected error XPDY0002 but succeeded
  FAIL fn-load-xquery-module-014: Unexpected error: XPST0017: Function {http://www.w3.org/2005/xpath-functions}load-xquery-module#1 not found.
  FAIL fn-load-xquery-module-015: Unexpected error: XPST0017: Function {http://www.w3.org/2005/xpath-functions}load-xquery-module#2 not found.
  FAIL fn-load-xquery-module-018: Unexpected error: XPST0017: Function {http://www.w3.org/2005/xpath-functions}load-xquery-module#1 not found.
  FAIL fn-load-xquery-module-019: Unexpected error: XPST0017: Function {http://www.w3.org/2005/xpath-functions}load-xquery-module#1 not found.
  FAIL fn-load-xquery-module-020: Unexpected error: XPST0017: Function {http://www.w3.org/2005/xpath-functions}load-xquery-module#2 not found.
  FAIL fn-load-xquery-module-021: Unexpected error: XPST0017: Function {http://www.w3.org/2005/xpath-functions}load-xquery-module#2 not found.
  FAIL fn-load-xquery-module-022: Unexpected error: XPST0017: Function {http://www.w3.org/2005/xpath-functions}load-xquery-module#1 not found.
  FAIL fn-load-xquery-module-025: Unexpected error: XPST0017: Function {http://www.w3.org/2005/xpath-functions}load-xquery-module#1 not found.
  FAIL fn-load-xquery-module-026: Unexpected error: XPST0017: Function {http://www.w3.org/2005/xpath-functions}load-xquery-module#2 not found.
  FAIL fn-load-xquery-module-027: Unexpected error: XPST0017: Function {http://www.w3.org/2005/xpath-functions}load-xquery-module#2 not found.
  FAIL fn-load-xquery-module-028: Unexpected error: XPST0017: Function {http://www.w3.org/2005/xpath-functions}load-xquery-module#2 not found.
  FAIL fn-load-xquery-module-029: Unexpected error: XPST0017: Function {http://www.w3.org/2005/xpath-functions}load-xquery-module#1 not found.
  FAIL fn-load-xquery-module-030: Unexpected error: XPST0017: Function {http://www.w3.org/2005/xpath-functions}load-xquery-module#1 not found.
  FAIL fn-load-xquery-module-033: Unexpected error: XPST0017: Function {http://www.w3.org/2005/xpath-functions}load-xquery-module#2 not found.
  FAIL fn-load-xquery-module-034: Unexpected error: XPST0017: Function {http://www.w3.org/2005/xpath-functions}load-xquery-module#2 not found.
  FAIL fn-load-xquery-module-035: assert-type failed. Unexpected error: XPST0017: Function {http://www.w3.org/2005/xpath-functions}load-xquery-module#1 not found.
  FAIL fn-load-xquery-module-036: Unexpected error: XPST0017: Function {http://www.w3.org/2005/xpath-functions}load-xquery-module#1 not found.
  FAIL fn-load-xquery-module-037: Unexpected error: XPST0017: Function {http://www.w3.org/2005/xpath-functions}load-xquery-module#2 not found.
  FAIL fn-load-xquery-module-040: Unexpected error: XPST0017: Function {http://www.w3.org/2005/xpath-functions}load-xquery-module#1 not found.
  FAIL fn-load-xquery-module-041: Unexpected error: XPST0017: Function {http://www.w3.org/2005/xpath-functions}load-xquery-module#1 not found.
  FAIL fn-load-xquery-module-042: Unexpected error: XPST0017: Function {http://www.w3.org/2005/xpath-functions}load-xquery-module#1 not found.
  FAIL fn-load-xquery-module-045: Unexpected error: XPST0017: Function {http://www.w3.org/2005/xpath-functions}load-xquery-module#1 not found.
  FAIL fn-load-xquery-module-046: Unexpected error: XPST0017: Function {http://www.w3.org/2005/xpath-functions}load-xquery-module#1 not found.
  FAIL fn-load-xquery-module-061: Unexpected error: XPST0017: Function {http://www.w3.org/2005/xpath-functions}load-xquery-module#2 not found.
  FAIL fn-load-xquery-module-064: Unexpected error: XPST0017: Function {http://www.w3.org/2005/xpath-functions}load-xquery-module#2 not found.
  FAIL fn-load-xquery-module-065: Unexpected error: XPST0017: Function {http://www.w3.org/2005/xpath-functions}load-xquery-module#2 not found.
  FAIL fn-load-xquery-module-068: Unexpected error: XPST0017: Function {http://www.w3.org/2005/xpath-functions}load-xquery-module#2 not found.
  FAIL fn-load-xquery-module-069: Unexpected error: XPST0017: Function {http://www.w3.org/2005/xpath-functions}load-xquery-module#2 not found.
  FAIL fn-load-xquery-module-070: Unexpected error: XPST0017: Function {http://www.w3.org/2005/xpath-functions}load-xquery-module#2 not found.
  FAIL fn-load-xquery-module-073: Unexpected error: XPST0017: Function {http://www.w3.org/2005/xpath-functions}load-xquery-module#2 not found.
  FAIL fn-load-xquery-module-074: Unexpected error: XPST0017: Function {http://www.w3.org/2005/xpath-functions}load-xquery-module#2 not found.
  FAIL fn-local-name-1a: Expected error XPDY0002 but succeeded
  FAIL fn-local-name-2: Expected error XPTY0004 but succeeded
  FAIL fn-local-name-57: Expected error XPDY0002 but succeeded
  FAIL fn-local-name-73: Expected error XPDY0002 but succeeded
  FAIL LocalNameFromQNameFunc005: assert-true failed. Got: false
  FAIL LocalNameFromQNameFunc006: Unexpected error: Cannot access QNameValue on XDM value of kind 'Sequence'
  FAIL LocalNameFromQNameFunc007: Unexpected error: Cannot access QNameValue on XDM value of kind 'Sequence'
  FAIL K-LocalNameFromQNameFunc-3: Unexpected error: Cannot access QNameValue on XDM value of kind 'Sequence'
  FAIL K-SeqMAXFunc-9: assert-true failed. Got: false
  FAIL K-SeqMAXFunc-11: assert-true failed. Got: false
  FAIL K-SeqMAXFunc-13: assert-true failed. Got: false
  FAIL K-SeqMAXFunc-15: assert-true failed. Got: false
  FAIL K-SeqMAXFunc-16: assert-true failed. Got: false
  FAIL K-SeqMAXFunc-18: assert-true failed. Got: false
  FAIL K-SeqMAXFunc-21: Expected error FORG0006 but succeeded
  FAIL K-SeqMAXFunc-22: Expected error FORG0006 but succeeded
  FAIL K-SeqMAXFunc-23: Expected error FORG0001 but succeeded
  FAIL K-SeqMAXFunc-24: Expected error FORG0001 but succeeded
  FAIL K-SeqMAXFunc-27: assert-true failed. Got: false
  FAIL K-SeqMAXFunc-28: assert-true failed. Got: false
  FAIL K-SeqMAXFunc-31: assert-true failed. Got: false
  FAIL K-SeqMAXFunc-35: Expected error FORG0001 but succeeded
  FAIL K-SeqMAXFunc-36: Expected error FORG0006 but succeeded
  FAIL K-SeqMAXFunc-37: Expected error FORG0006 but succeeded
  FAIL K-SeqMAXFunc-38: Expected error FORG0006 but succeeded
  FAIL K-SeqMAXFunc-42: Expected error FORG0006 but succeeded
  FAIL K-SeqMAXFunc-58: Expected error FORG0006 but succeeded
  FAIL K2-SeqMAXFunc-4: Expected error FOCH0002 but succeeded
  FAIL K2-SeqMAXFunc-7: assert-true failed. Got: false
  FAIL fn-max-1: Expected error FORG0006 but succeeded
  FAIL fn-max-3: assert-true failed. Got: false
  FAIL fn-max-5: assert-string-value failed. Expected: 'PT10H', Got: 'PT9H'
  FAIL fn-max-7: assert-string-value failed. Expected: 'P10M', Got: 'P9M'
  FAIL fn-max-8: any-of: none matched. [Expected error FORG0006 but succeeded; Expected error XPTY0004 but succeeded]
  FAIL fn-max-9: any-of: none matched. [Expected error FORG0006 but succeeded; Expected error XPTY0004 but succeeded]
  FAIL fn-max-14: assert-type failed. Expected xs:nonNegativeInteger, got Decimal
  FAIL fn-max-15: assert-type failed. Expected xs:unsignedShort, got Decimal
  FAIL cbcl-max-019: assert-true failed. Got: false
  FAIL fn-matchesErr-2: Expected error FORX0002 but succeeded
  FAIL fn-matchesErr-4: Expected error FORX0002 but succeeded
  FAIL fn-matchesErr-5: Expected error FORX0002 but succeeded
  FAIL fn-matches-26: assert-false failed. Got: true
  FAIL fn-matches-29: assert-true failed. Got: false
  FAIL fn-matches-37: Expected error FORX0002 but succeeded
  FAIL fn-matches-38: Expected error FORX0002 but succeeded
  FAIL fn-matches-39: Expected error FORX0002 but succeeded
  FAIL fn-matches-40: Expected error FORX0002 but succeeded
  FAIL fn-matches-41: assert-false failed. Got: true
  FAIL fn-matches-42: assert-false failed. Got: true
  FAIL fn-matches-45: assert-false failed. Got: true
  FAIL fn-matches-47: assert-false failed. Got: true
  FAIL caselessmatch14: assert-false failed. Got: true
  FAIL caselessmatch15: assert-true failed. Got: false
  FAIL K-MatchesFunc-1: Expected error XPTY0004 but succeeded
  FAIL K-MatchesFunc-3: Expected error XPTY0004 but succeeded
  FAIL K2-MatchesFunc-1: assert-true failed. Got: false
  FAIL K2-MatchesFunc-11: Expected error FORX0002 but succeeded
  FAIL K2-MatchesFunc-12: Expected error FORX0002 but succeeded
  FAIL K2-MatchesFunc-13: Expected error FORX0002 but succeeded
  FAIL K2-MatchesFunc-14: Expected error FORX0002 but succeeded
  FAIL cbcl-matches-039: assert-true failed. Got: false
  FAIL re00032: Expected error FORX0002 but succeeded
  FAIL re00072: Expected error FORX0002 but succeeded
  FAIL re00096: assert-true failed. Got: false
  FAIL re00140: assert-true failed. Got: false
  FAIL re00141: assert-true failed. Got: false
  FAIL re00144: assert-true failed. Got: false
  FAIL re00145: assert-true failed. Got: false
  FAIL re00146: assert-true failed. Got: false
  FAIL re00147: assert-true failed. Got: false
  FAIL re00149: assert-true failed. Got: false
  FAIL re00150: assert-true failed. Got: false
  FAIL re00151: assert-true failed. Got: false
  FAIL re00152: assert-true failed. Got: false
  FAIL re00165: assert-true failed. Got: false
  FAIL re00169: assert-true failed. Got: false
  FAIL re00172: assert-true failed. Got: false
  FAIL re00173: assert-true failed. Got: false
  FAIL re00483: assert-true failed. Got: false
  FAIL re00493: assert-true failed. Got: false
  FAIL re00502: assert-true failed. Got: false
  FAIL re00503: assert-true failed. Got: false
  FAIL re00504: assert-true failed. Got: false
  FAIL re00506: assert-true failed. Got: false
  FAIL re00521: Expected error FORX0002 but succeeded
  FAIL re00530: assert-true failed. Got: false
  FAIL re00556: Expected error FORX0002 but succeeded
  FAIL re00558: Expected error FORX0002 but succeeded
  FAIL re00561: Expected error FORX0002 but succeeded
  FAIL re00562: Expected error FORX0002 but succeeded
  FAIL re00563: Expected error FORX0002 but succeeded
  FAIL re00564: Expected error FORX0002 but succeeded
  FAIL re00567: Expected error FORX0002 but succeeded
  FAIL re00568: Expected error FORX0002 but succeeded
  FAIL re00569: Expected error FORX0002 but succeeded
  FAIL re00572: Expected error FORX0002 but succeeded
  FAIL re00574: Expected error FORX0002 but succeeded
  FAIL re00597: Expected error FORX0002 but succeeded
  FAIL re00598: Expected error FORX0002 but succeeded
  FAIL re00613: Expected error FORX0002 but succeeded
  FAIL re00615: Expected error FORX0002 but succeeded
  FAIL re00616: Expected error FORX0002 but succeeded
  FAIL re00618: Expected error FORX0002 but succeeded
  FAIL re00619: Expected error FORX0002 but succeeded
  FAIL re00620: Expected error FORX0002 but succeeded
  FAIL re00621: Expected error FORX0002 but succeeded
  FAIL re00623: Expected error FORX0002 but succeeded
  FAIL re00624: Expected error FORX0002 but succeeded
  FAIL re00625: Expected error FORX0002 but succeeded
  FAIL re00626: Expected error FORX0002 but succeeded
  FAIL re00627: Expected error FORX0002 but succeeded
  FAIL re00628: Expected error FORX0002 but succeeded
  FAIL re00629: Expected error FORX0002 but succeeded
  FAIL re00630: Expected error FORX0002 but succeeded
  FAIL re00631: Expected error FORX0002 but succeeded
  FAIL re00632: Expected error FORX0002 but succeeded
  FAIL re00633: Expected error FORX0002 but succeeded
  FAIL re00634: Expected error FORX0002 but succeeded
  FAIL re00635: Expected error FORX0002 but succeeded
  FAIL re00636: Expected error FORX0002 but succeeded
  FAIL re00637: Expected error FORX0002 but succeeded
  FAIL re00638: Expected error FORX0002 but succeeded
  FAIL re00646: Expected error FORX0002 but succeeded
  FAIL re00647: Expected error FORX0002 but succeeded
  FAIL re00648: Expected error FORX0002 but succeeded
  FAIL re00649: Expected error FORX0002 but succeeded
  FAIL re00650: Expected error FORX0002 but succeeded
  FAIL re00651: Expected error FORX0002 but succeeded
  FAIL re00652: Expected error FORX0002 but succeeded
  FAIL re00653: Expected error FORX0002 but succeeded
  FAIL re00654: Expected error FORX0002 but succeeded
  FAIL re00741: Expected error FORX0002 but succeeded
  FAIL re00743: Expected error FORX0002 but succeeded
  FAIL re00744: Expected error FORX0002 but succeeded
  FAIL re00745: Expected error FORX0002 but succeeded
  FAIL re00746: Expected error FORX0002 but succeeded
  FAIL re00750: Expected error FORX0002 but succeeded
  FAIL re00751: Expected error FORX0002 but succeeded
  FAIL re00754: Expected error FORX0002 but succeeded
  FAIL re00756: Expected error FORX0002 but succeeded
  FAIL re00757: Expected error FORX0002 but succeeded
  FAIL re00761: Expected error FORX0002 but succeeded
  FAIL re00762: Expected error FORX0002 but succeeded
  FAIL re00763: Expected error FORX0002 but succeeded
  FAIL re00764: Expected error FORX0002 but succeeded
  FAIL re00765: Expected error FORX0002 but succeeded
  FAIL re00767: Expected error FORX0002 but succeeded
  FAIL re00768: Expected error FORX0002 but succeeded
  FAIL re00769: Expected error FORX0002 but succeeded
  FAIL re00784: Expected error FORX0002 but succeeded
  FAIL re00785: Expected error FORX0002 but succeeded
  FAIL re00786: Expected error FORX0002 but succeeded
  FAIL re00787: Expected error FORX0002 but succeeded
  FAIL re00791: Expected error FORX0002 but succeeded
  FAIL re00792: Expected error FORX0002 but succeeded
  FAIL re00804: Expected error FORX0002 but succeeded
  FAIL re00805: Expected error FORX0002 but succeeded
  FAIL re00806: Expected error FORX0002 but succeeded
  FAIL re00807: Expected error FORX0002 but succeeded
  FAIL re00808: Expected error FORX0002 but succeeded
  FAIL re00809: Expected error FORX0002 but succeeded
  FAIL re00810: Expected error FORX0002 but succeeded
  FAIL re00811: Expected error FORX0002 but succeeded
  FAIL re00812: Expected error FORX0002 but succeeded
  FAIL re00820: Expected error FORX0002 but succeeded
  FAIL re00821: Expected error FORX0002 but succeeded
  FAIL re00822: Expected error FORX0002 but succeeded
  FAIL re00827: Expected error FORX0002 but succeeded
  FAIL re00828: Expected error FORX0002 but succeeded
  FAIL re00829: Expected error FORX0002 but succeeded
  FAIL re00830: Expected error FORX0002 but succeeded
  FAIL re00867: Expected error FORX0002 but succeeded
  FAIL re00868: Expected error FORX0002 but succeeded
  FAIL re00869: Expected error FORX0002 but succeeded
  FAIL re00870: Expected error FORX0002 but succeeded
  FAIL re00871: Expected error FORX0002 but succeeded
  FAIL re00872: Expected error FORX0002 but succeeded
  FAIL re00873: Expected error FORX0002 but succeeded
  FAIL re00874: Expected error FORX0002 but succeeded
  FAIL re00875: Expected error FORX0002 but succeeded
  FAIL re00876: Expected error FORX0002 but succeeded
  FAIL re00879: Expected error FORX0002 but succeeded
  FAIL re00881: Expected error FORX0002 but succeeded
  FAIL re00882: Expected error FORX0002 but succeeded
  FAIL re00884: Expected error FORX0002 but succeeded
  FAIL re00885: Expected error FORX0002 but succeeded
  FAIL re00886: Expected error FORX0002 but succeeded
  FAIL re00887: Expected error FORX0002 but succeeded
  FAIL re00888: Expected error FORX0002 but succeeded
  FAIL re00889: Expected error FORX0002 but succeeded
  FAIL re00890: Expected error FORX0002 but succeeded
  FAIL re00891: Expected error FORX0002 but succeeded
  FAIL re00892: Expected error FORX0002 but succeeded
  FAIL re00893: Expected error FORX0002 but succeeded
  FAIL re00894: Expected error FORX0002 but succeeded
  FAIL re00895: Expected error FORX0002 but succeeded
  FAIL re00896: Expected error FORX0002 but succeeded
  FAIL re00897: Expected error FORX0002 but succeeded
  FAIL re00898: Expected error FORX0002 but succeeded
  FAIL re00903: Expected error FORX0002 but succeeded
  FAIL re00904: Expected error FORX0002 but succeeded
  FAIL re00905: Expected error FORX0002 but succeeded
  FAIL re00906: Expected error FORX0002 but succeeded
  FAIL re00907: Expected error FORX0002 but succeeded
  FAIL re00908: Expected error FORX0002 but succeeded
  FAIL re00910: Expected error FORX0002 but succeeded
  FAIL re00911: Expected error FORX0002 but succeeded
  FAIL re00912: Expected error FORX0002 but succeeded
  FAIL re00913: Expected error FORX0002 but succeeded
  FAIL re00914: Expected error FORX0002 but succeeded
  FAIL re00916: Expected error FORX0002 but succeeded
  FAIL re00917: Expected error FORX0002 but succeeded
  FAIL re00918: Expected error FORX0002 but succeeded
  FAIL re00919: Expected error FORX0002 but succeeded
  FAIL re00920: Expected error FORX0002 but succeeded
  FAIL re00921: Expected error FORX0002 but succeeded
  FAIL re00922: Expected error FORX0002 but succeeded
  FAIL re00923: Expected error FORX0002 but succeeded
  FAIL re00924: Expected error FORX0002 but succeeded
  FAIL re00925: Expected error FORX0002 but succeeded
  FAIL re00926: Expected error FORX0002 but succeeded
  FAIL re00927: Expected error FORX0002 but succeeded
  FAIL re00928: Expected error FORX0002 but succeeded
  FAIL re00929: Expected error FORX0002 but succeeded
  FAIL re00930: Expected error FORX0002 but succeeded
  FAIL re00931: Expected error FORX0002 but succeeded
  FAIL re00937: Expected error FORX0002 but succeeded
  FAIL re00938: Expected error FORX0002 but succeeded
  FAIL re00939: Expected error FORX0002 but succeeded
  FAIL re00940: Expected error FORX0002 but succeeded
  FAIL re00941: Expected error FORX0002 but succeeded
  FAIL re00958: Expected error FORX0002 but succeeded
  FAIL re00959: Expected error FORX0002 but succeeded
  FAIL re00960: Expected error FORX0002 but succeeded
  FAIL re00961: Expected error FORX0002 but succeeded
  FAIL re00962: Expected error FORX0002 but succeeded
  FAIL re00963: Expected error FORX0002 but succeeded
  FAIL re00964: Expected error FORX0002 but succeeded
  FAIL re00965: Expected error FORX0002 but succeeded
  FAIL re00966: Expected error FORX0002 but succeeded
  FAIL re00967: Expected error FORX0002 but succeeded
  FAIL re00968: Expected error FORX0002 but succeeded
  FAIL re00969: Expected error FORX0002 but succeeded
  FAIL re00970: Expected error FORX0002 but succeeded
  FAIL re00977: Expected error FORX0002 but succeeded
  FAIL re00978: Expected error FORX0002 but succeeded
  FAIL re00983: assert-true failed. Got: false
  FAIL re00984: assert-true failed. Got: false
  FAIL re00988: Expected error FORX0002 but succeeded
  FAIL re00989: Expected error FORX0002 but succeeded
  FAIL re00993: assert-true failed. Got: false
  FAIL re00994: assert-true failed. Got: false
  FAIL re00996: Expected error FORX0002 but succeeded
  FAIL re00997: Expected error FORX0002 but succeeded
  FAIL K-SeqMINFunc-9: assert-true failed. Got: false
  FAIL K-SeqMINFunc-11: assert-true failed. Got: false
  FAIL K-SeqMINFunc-13: assert-true failed. Got: false
  FAIL K-SeqMINFunc-15: assert-true failed. Got: false
  FAIL K-SeqMINFunc-16: assert-true failed. Got: false
  FAIL K-SeqMINFunc-21: Expected error FORG0006 but succeeded
  FAIL K-SeqMINFunc-22: Expected error FORG0006 but succeeded
  FAIL K-SeqMINFunc-23: Expected error FORG0001 but succeeded
  FAIL K-SeqMINFunc-24: Expected error FORG0001 but succeeded
  FAIL K-SeqMINFunc-27: assert-true failed. Got: false
  FAIL K-SeqMINFunc-28: assert-true failed. Got: false
  FAIL K-SeqMINFunc-31: assert-true failed. Got: false
  FAIL K-SeqMINFunc-35: Expected error FORG0001 but succeeded
  FAIL K-SeqMINFunc-36: Expected error FORG0006 but succeeded
  FAIL K-SeqMINFunc-37: Expected error FORG0006 but succeeded
  FAIL K-SeqMINFunc-38: Expected error FORG0006 but succeeded
  FAIL K-SeqMINFunc-42: Expected error FORG0006 but succeeded
  FAIL K-SeqMINFunc-50: Expected error FORG0006 but succeeded
  FAIL K2-SeqMINFunc-4: Expected error FOCH0002 but succeeded
  FAIL K2-SeqMINFunc-15: assert-true failed. Got: false
  FAIL fn-min-1: Expected error FORG0006 but succeeded
  FAIL fn-min-3: assert-true failed. Got: false
  FAIL fn-min-5: assert-string-value failed. Expected: 'PT1H', Got: 'PT10H'
  FAIL fn-min-7: assert-string-value failed. Expected: 'P1M', Got: 'P10M'
  FAIL fn-min-8: any-of: none matched. [Expected error FORG0006 but succeeded; Expected error XPTY0004 but succeeded]
  FAIL fn-min-9: any-of: none matched. [Expected error FORG0006 but succeeded; Expected error XPTY0004 but succeeded]
  FAIL fn-min-14: assert-type failed. Expected xs:nonNegativeInteger, got Decimal
  FAIL fn-min-15: assert-type failed. Expected xs:positiveInteger, got Decimal
  FAIL fn-months-from-duration-20: assert-eq failed. Expected: 2, Got: 0
  FAIL K-MonthsFromDurationFunc-7: assert-true failed. Got: false
  FAIL fn-month-from-dateTime-6: Unexpected error: Year -1999 is outside the range supported by DateTimeOffset.
  FAIL fn-name-7: Expected error XPDY0002 but succeeded
  FAIL fn-name-23: Expected error XPDY0002 but succeeded
  FAIL fn-namespace-uri-1: Expected error XPDY0002 but succeeded
  FAIL fn-namespace-uri-3: Expected error XPTY0004 but succeeded
  FAIL fn-namespace-uri-26: Expected error XPDY0002 but succeeded
  FAIL NamespaceURIFromQNameFunc005: assert-true failed. Got: false
  FAIL NamespaceURIFromQNameFunc006: Unexpected error: Cannot access QNameValue on XDM value of kind 'Sequence'
  FAIL NamespaceURIFromQNameFunc007: Unexpected error: Cannot access QNameValue on XDM value of kind 'Sequence'
  FAIL K-NamespaceURIFromQNameFunc-3: Unexpected error: Cannot access QNameValue on XDM value of kind 'Sequence'
  FAIL K-NamespaceURIFromQNameFunc-5: assert-true failed. Got: false
  FAIL fn-nilled-1: Unexpected error: XPST0017: Function {http://www.w3.org/2005/xpath-functions}nilled#1 not found.
  FAIL fn-nilled-2: Unexpected error: XPST0017: Function {http://www.w3.org/2005/xpath-functions}nilled#1 not found.
  FAIL fn-nilled-3: Unexpected error: XPST0017: Function {http://www.w3.org/2005/xpath-functions}nilled#1 not found.
  FAIL fn-nilled-23: Unexpected error: XPST0017: Function {http://www.w3.org/2005/xpath-functions}nilled#0 not found.
  FAIL fn-nilled-24: Unexpected error: XPST0017: Function {http://www.w3.org/2005/xpath-functions}nilled#0 not found.
  FAIL fn-nilled-25: Unexpected error: XPST0017: Function {http://www.w3.org/2005/xpath-functions}nilled#0 not found.
  FAIL fn-nilled-26: Unexpected error: XPST0017: Function {http://www.w3.org/2005/xpath-functions}nilled#0 not found.
  FAIL K-NilledFunc-3: Unexpected error: XPST0017: Function {http://www.w3.org/2005/xpath-functions}nilled#1 not found.
  FAIL fn-node-name-30: Expected error XPTY0004 but succeeded
  FAIL fn-node-name-31: Expected error XPTY0004 but succeeded
  FAIL fn-node-name-32: Expected error XPDY0002 but succeeded
  FAIL K-NodeNameFunc-1a: Expected error XPDY0002 but succeeded
  FAIL K2-NodeNameFunc-2: Expected error XPTY0004 but succeeded
  FAIL K3-NodeNameFunc-1: Expected error XPTY0004 but succeeded
  FAIL fn-normalize-space0args-1: assert-string-value failed. Expected: 'Hello, How are you?', Got: ''
  FAIL fn-normalize-unicode1args-7: Expected error XPTY0004 but succeeded
  FAIL fn-normalize-unicode2args-2: Unexpected error: FOCH0003
  FAIL fn-normalize-unicode2args-4: Unexpected error: FOCH0003
  FAIL fn-normalize-unicode-1: Unexpected error: FOCH0003
  FAIL K-NormalizeUnicodeFunc-9: Unexpected error: FOCH0003
  FAIL K-NormalizeUnicodeFunc-10: Unexpected error: FOCH0003
  FAIL cbcl-fn-normalize-unicode-001: Unexpected error: FOCH0003
  FAIL cbcl-fn-normalize-unicode-006: Unexpected error: FOCH0003
  FAIL fn-not-27: Expected error FORG0006 but succeeded
  FAIL fn-not-28: Expected error FORG0006 but succeeded
  FAIL fn-number-3: Expected error XPDY0002 but succeeded
  FAIL fn-number-4: Expected error XPDY0002 but succeeded
  FAIL fn-number-5: assert-eq failed. Expected: 1, Got: NaN
  FAIL fn-number-6: assert-eq failed. Expected: 0, Got: NaN
  FAIL K-NodeNumberFunc-13: assert-true failed. Got: false
  FAIL K-NodeNumberFunc-15: assert-true failed. Got: false
  FAIL fn-outermost-006: Expected error XPTY0004 but succeeded
  FAIL fn-outermost-007: Expected error XPTY0004 but succeeded
  FAIL fn-outermost-009: Expected error XPTY0004 but succeeded
  FAIL fn-outermost-011: Expected error XPTY0004 but succeeded
  FAIL fn-outermost-033: assert-eq failed. Expected: root, Got: root empty-level-0 non-empty-level-0 level empty-level-00 non-empty-level-00 level empty-level-000 non-empty-level-000 level empty-level-01 non-empty-level-01 level empty-level-010 non-empty-level-010 level empty-level-02 non-empty-level-02 level empty-level-020 non-empty-level-020
  FAIL fn-outermost-034: assert-true failed. Got: false
  FAIL fn-outermost-036: assert-true failed. Got: false
  FAIL fn-outermost-040: assert-true failed. Got: false
  FAIL fn-outermost-042: assert-true failed. Got: false
  FAIL fn-outermost-046: assert-true failed. Got: false
  FAIL fn-outermost-050: assert-true failed. Got: false
  FAIL fn-outermost-053: Unexpected error: Variable $doc1 is not defined.
  FAIL fn-outermost-054: Unexpected error: Variable $doc1 is not defined.
  FAIL fn-parse-json-007: assert-deep-eq failed at item 0. Expected: (map), Got: (map)
  FAIL fn-parse-json-030: assert failed. Expression: $result?1 = codepoints-to-string(13), Got: false
  FAIL fn-parse-json-031: assert failed. Expression: $result?1 = codepoints-to-string(10), Got: false
  FAIL fn-parse-json-036: assert failed. Expression: $result?1 = codepoints-to-string(13), Got: false
  FAIL fn-parse-json-053: assert-eq failed. Expected: �, Got: ￿
  FAIL fn-parse-json-054: Unexpected error: Cannot read invalid UTF-16 JSON text as string. Invalid surrogate value: '0xDEAD'.
  FAIL fn-parse-json-059: assert-eq failed. Expected: \uffff, Got: ￿
  FAIL fn-parse-json-060: Unexpected error: Cannot read invalid UTF-16 JSON text as string. Invalid surrogate value: '0xDEAD'.
  FAIL fn-parse-json-101: Unexpected error: FOUT1170
  FAIL fn-parse-json-102: Unexpected error: FOUT1170
  FAIL fn-parse-json-103: Unexpected error: FOUT1170
  FAIL fn-parse-json-104: Unexpected error: FOUT1170
  FAIL fn-parse-json-105: Unexpected error: FOUT1170
  FAIL fn-parse-json-112: Unexpected error: FOJS0001: Empty string is not valid JSON
  FAIL fn-parse-json-113: Unexpected error: FOJS0001: Empty string is not valid JSON
  FAIL fn-parse-json-114: Unexpected error: FOJS0001: Empty string is not valid JSON
  FAIL fn-parse-json-115: Unexpected error: FOJS0001: Empty string is not valid JSON
  FAIL fn-parse-json-922: Unexpected error: Cannot read incomplete UTF-16 JSON text as string with missing low surrogate.
  FAIL fn-parse-json-923: Unexpected error: Cannot read invalid UTF-16 JSON text as string. Invalid surrogate value: '0xDD1E'.
  FAIL fn-parse-json-937: Expected error FOJS0005 but succeeded
  FAIL fn-parse-json-940: Expected error FOJS0005 but succeeded
  FAIL parse-xml-001: assert-type failed. Unexpected error: FOUT1170
  FAIL parse-xml-006: assert-xml failed. Expected: <a>foo</a>, Got: <!DOCTYPE a [<!ELEMENT a (#PCDATA)>]><a>foo</a>
  FAIL parse-xml-007: assert-true failed. Got: 
  FAIL parse-xml-008: assert-xml failed. Expected: <a>foo</a>, Got: <!DOCTYPE a SYSTEM "parse-xml/a.dtd"[]><a>foo</a>
  FAIL parse-xml-009: assert-xml failed. Expected: <a>foo</a>, Got: <!DOCTYPE a SYSTEM "parse-xml/a.dtd"[]><a>foo</a>
  FAIL parse-xml-010: assert-xml failed. Expected: <a><bar>baz</bar></a>, Got: <!DOCTYPE a [<!ELEMENT a (#PCDATA)><!ENTITY foo SYSTEM 'parse-xml/foo.entity'>]><a></a>
  FAIL parse-xml-013: any-of: none matched. [assert-xml failed. Expected: <a><b /></a>, Got: <!DOCTYPE a [<!ELEMENT a (#PCDATA)>]><a><b /></a>; Expected error FODC0006 but succeeded]
  FAIL parse-xml-016: Unexpected error: fn:parse-xml argument must not be empty.
  FAIL parse-xml-017: Unexpected error: fn:parse-xml argument must not be empty.
  FAIL parse-xml-fragment-001: assert-type failed. Unexpected error: FOUT1170
  FAIL parse-xml-fragment-006: assert-string-value failed. Expected: 'vanessa', Got: ''
  FAIL parse-xml-fragment-007: assert failed. Expression: $result/*[1][self::a][not(child::node())], Got: 
  FAIL parse-xml-fragment-009: assert failed. Expression: $result/node()[1][self::a][. = ' '], Got: 
  FAIL parse-xml-fragment-010: assert failed. Expression: $result/node()[1][self::a][. = ''], Got: 
  FAIL parse-xml-fragment-011: assert-eq failed. Expected: <, Got: 
  FAIL parse-xml-fragment-012: assert-eq failed. Expected: &, Got: 
  FAIL parse-xml-fragment-021: assert-string-value failed. Expected: '97 10 98', Got: ''
  FAIL parse-xml-fragment-022: assert-empty failed. Got: 
  FAIL parse-xml-fragment-023: assert-true failed. Got: false
  FAIL position-2: Expected error XPDY0002 but succeeded
  FAIL fn-prefix-from-qname-3: assert-string-value failed. Expected: '0', Got: '1'
  FAIL fn-prefix-from-qname-7: Unexpected error: Cannot access QNameValue on XDM value of kind 'Sequence'
  FAIL fn-prefix-from-qname-8: Expected error FONS0004 but succeeded
  FAIL fn-prefix-from-qname-23: assert-empty failed. Got: 
  FAIL K-PrefixFromQName-3: Unexpected error: Cannot access QNameValue on XDM value of kind 'Sequence'
  FAIL ExpandedQNameConstructFunc005: Expected error FOCA0002 but succeeded
  FAIL ExpandedQNameConstructFunc006: Expected error FOCA0002 but succeeded
  FAIL ExpandedQNameConstructFunc007: Expected error FOCA0002 but succeeded
  FAIL ExpandedQNameConstructFunc008: Expected error FOCA0002 but succeeded
  FAIL ExpandedQNameConstructFunc009: Expected error FOCA0002 but succeeded
  FAIL ExpandedQNameConstructFunc010: Expected error FOCA0002 but succeeded
  FAIL ExpandedQNameConstructFunc011: Expected error FOCA0002 but succeeded
  FAIL ExpandedQNameConstructFunc012: Expected error FOCA0002 but succeeded
  FAIL ExpandedQNameConstructFunc015: Expected error XPTY0004 but succeeded
  FAIL ExpandedQNameConstructFunc016: Expected error XPTY0004 but succeeded
  FAIL qName-1: Expected error XPTY0004 but succeeded
  FAIL K-ExpandedQNameConstructFunc-4: assert-true failed. Got: false
  FAIL K-ExpandedQNameConstructFunc-5: Expected error FOCA0002 but succeeded
  FAIL K-ExpandedQNameConstructFunc-6: Expected error FOCA0002 but succeeded
  FAIL K-ExpandedQNameConstructFunc-7: Expected error FOCA0002 but succeeded
  FAIL K-ExpandedQNameConstructFunc-8: Expected error FOCA0002 but succeeded
  FAIL K2-ExpandedQNameConstructFunc-1: Expected error XPTY0004 but succeeded
  FAIL cbcl-qname-001: Expected error FOCA0002 but succeeded
  FAIL fn-random-number-generator-44: Unexpected error: Cannot access FunctionValue on XDM value of kind 'Map'
  FAIL K-SeqRemoveFunc-17: Expected error XPTY0004 but succeeded
  FAIL K-SeqRemoveFunc-18: Expected error XPTY0004 but succeeded
  FAIL fn-replace-35: assert-string-value failed. Expected: '\$1bracadabr\$1', Got: '$1bracadabr$1'
  FAIL fn-replace-41: assert-string-value failed. Expected: 'a20bra20ca20da20bra20', Got: '$1520br$1520c$1520d$1520br$1520'
  FAIL fn-replace-42: assert-string-value failed. Expected: '(ab.a.b.ab7)racad(ab.a.b.ab7)ra', Got: '(ab.a.b.$17)racad(ab.a.b.$17)ra'
  FAIL fn-replace-43: assert-eq failed. Expected: MaryJones, Got: Jacob Jones
  FAIL fn-replace-49: Unexpected error: FORX0004
  FAIL fn-replace-50: assert-string-value failed. Expected: 'a\\b\\c', Got: 'a\b\c'
  FAIL fn-replace-51: Unexpected error: FORX0004
  FAIL fn-replace-52: Unexpected error: FORX0004
  FAIL fn-replace-53: Unexpected error: FORX0004
  FAIL K-ReplaceFunc-3: Expected error XPTY0004 but succeeded
  FAIL K2-ReplaceFunc-3: Expected error FORX0002 but succeeded
  FAIL K2-ReplaceFunc-4: Expected error FORX0002 but succeeded
  FAIL K2-ReplaceFunc-5: Expected error FORX0002 but succeeded
  FAIL K2-ReplaceFunc-6: Expected error FORX0002 but succeeded
  FAIL K2-ReplaceFunc-7: Expected error FORX0002 but succeeded
  FAIL fn-resolve-uri-3: Expected error FORG0002 but succeeded
  FAIL fn-resolve-uri-26: Expected error FORG0002 but succeeded
  FAIL fn-resolve-uri-30: assert-true failed. Got: false
  FAIL fn-resolve-uri-32: any-of: none matched. [assert-string-value failed. Expected: 'http://www.example.com/this doc.html', Got: 'http://www.example.com/this%20doc.html'; Expected error FORG0002 but succeeded]
  FAIL K-ResolveURIFunc-4: assert-true failed. Got: 
  FAIL fn-root-1: Expected error XPDY0002 but succeeded
  FAIL fn-root-2: any-of: none matched. [Invalid assert-count value: ; Expected error XPTY0004 but succeeded]
  FAIL fn-root-2b: any-of: none matched. [assert-true failed. Got: false; Expected error XPTY0004 but succeeded]
  FAIL fn-root-24: Expected error XPDY0002 but succeeded
  FAIL K-NodeRootFunc-2: Expected error XPTY0004 but succeeded
  FAIL K-NodeRootFunc-3: Expected error XPTY0004 but succeeded
  FAIL fn-round-1: assert-deep-eq failed at item 3. Expected: double, Got: float
  FAIL fn-round2args-2: assert-type failed. Expected xs:decimal, got Integer
  FAIL fn-round-half-to-even-1: assert-deep-eq failed at item 3. Expected: double, Got: float
  FAIL fn-round-half-to-even-2: assert-deep-eq failed at item 3. Expected: double, Got: float
  FAIL fn-round-half-to-even-30: assert-type failed. Expected xs:decimal, got Integer
  FAIL fn-round-half-to-even-31: assert-type failed. Expected xs:decimal, got Integer
  FAIL fn-round-half-to-even-32: assert-type failed. Expected xs:decimal, got Integer
  FAIL fn-round-half-to-even-33: assert-type failed. Expected xs:decimal, got Integer
  FAIL fn-round-half-to-even-34: assert-type failed. Expected xs:decimal, got Integer
  FAIL fn-round-half-to-even-35: assert-type failed. Expected xs:decimal, got Integer
  FAIL cbcl-round-half-to-even-001: assert-string-value failed. Expected: '3567.812', Got: 'NaN'
  FAIL cbcl-round-half-to-even-009: assert-string-value failed. Expected: '12300', Got: '123'
  FAIL cbcl-round-half-to-even-011: assert-string-value failed. Expected: '1200', Got: '12'
  FAIL serialize-xml-002: Expected error SENR0001 but succeeded
  FAIL serialize-xml-003b: Unexpected error: Variable $params is not defined.
  FAIL serialize-xml-004b: Unexpected error: Variable $params is not defined.
  FAIL serialize-xml-006b: Unexpected error: Variable $params is not defined.
  FAIL serialize-xml-007c: Unexpected error: Variable $params is not defined.
  FAIL serialize-xml-008b: Unexpected error: Variable $params is not defined.
  FAIL serialize-xml-010: Expected error SENR0001 but succeeded
  FAIL serialize-xml-011: Expected error SENR0001 but succeeded
  FAIL serialize-xml-012: Expected error SENR0001 but succeeded
  FAIL serialize-xml-026b: Unexpected error: Variable $params is not defined.
  FAIL serialize-xml-027b: Unexpected error: Variable $params is not defined.
  FAIL serialize-xml-028b: Unexpected error: Variable $params is not defined.
  FAIL serialize-xml-029b: Unexpected error: Variable $params is not defined.
  FAIL serialize-xml-030b: Unexpected error: Variable $params is not defined.
  FAIL serialize-xml-031b: Unexpected error: Variable $params is not defined.
  FAIL serialize-xml-032b: Unexpected error: Variable $params is not defined.
  FAIL serialize-xml-033b: Unexpected error: Variable $params is not defined.
  FAIL serialize-xml-034b: Unexpected error: Variable $params is not defined.
  FAIL serialize-xml-105: Expected error XPTY0004 but succeeded
  FAIL serialize-xml-110: assert failed. Expression: contains($result, 'CDATA[bold]'), Got: false
  FAIL serialize-xml-119: Expected error XQDY0137 but succeeded
  FAIL serialize-xml-120b: assert failed. Expression: not(contains($result,' ')), Got: false
  FAIL serialize-xml-123: Expected error SEPM0016 but succeeded
  FAIL serialize-xml-124: Expected error XQDY0137 but succeeded
  FAIL serialize-xml-125: Expected error XQDY0137 but succeeded
  FAIL serialize-xml-128: assert failed. Expression: contains($result,'<?xml'), Got: false
  FAIL serialize-xml-129: assert failed. Expression: contains($result,'standalone="no"'), Got: false
  FAIL serialize-xml-130: assert failed. Expression: contains($result,'standalone="yes"'), Got: false
  FAIL serialize-xml-131a: Expected error XPTY0004 but succeeded
  FAIL serialize-xml-132: assert failed. Expression: contains($result,'£'), Got: false
  FAIL serialize-xml-133: assert failed. Expression: matches($result,'1\|2\|3\|4\|5\|6\|7\|8\|9\|10'), Got: false
  FAIL serialize-xml-134b: assert failed. Expression: contains($result,'1==2==3==4'), Got: false
  FAIL serialize-xml-137b: Unexpected error: Cannot access MapValue on XDM value of kind 'Sequence'
  FAIL serialize-xml-138b: assert failed. Expression: parse-xml($result)/e/string() eq "json", Got: false
  FAIL serialize-xml-139b: Expected error XPTY0004 but succeeded
  FAIL serialize-xml-141b: Expected error XPTY0004 but succeeded
  FAIL serialize-xml-142b: Unexpected error: Cannot access BooleanValue on XDM value of kind 'String'
  FAIL serialize-html-001b: assert failed. Expression: matches($result,'DOCTYPE (HTML|html)'), Got: false
  FAIL serialize-html-002b: assert failed. Expression: matches($result,'DOCTYPE (HTML|html)'), Got: false
  FAIL serialize-json-001: assert failed. Expression: matches($result,'\[\]'), Got: false
  FAIL serialize-json-002: assert failed. Expression: contains($result,'[1,2,3,4,5,6]'), Got: false
  FAIL serialize-json-003: assert failed. Expression: contains($result,'[1,2,[3,4,5],6]'), Got: false
  FAIL serialize-json-004: assert evaluation failed: '(' is an invalid start of a value. LineNumber: 0 | BytePositionInLine: 0.
  FAIL serialize-json-005: assert evaluation failed: '(' is an invalid start of a value. LineNumber: 0 | BytePositionInLine: 0.
  FAIL serialize-json-006: assert failed. Expression: matches($result,'null'), Got: false
  FAIL serialize-json-007: Expected error SERE0023 but succeeded
  FAIL serialize-json-008b: assert failed. Expression: matches($result, '"<!-- hello world -->"'), Got: false
  FAIL serialize-json-009b: Unexpected error: Variable $doc is not defined.
  FAIL serialize-json-010: Expected error SERE0022 but succeeded
  FAIL serialize-json-011: assert evaluation failed: '(' is an invalid start of a value. LineNumber: 0 | BytePositionInLine: 0.
  FAIL serialize-json-101: assert failed. Expression: translate($result,' 	
', '') = '{}', Got: false
  FAIL serialize-json-102: assert failed. Expression: translate($result,' 	
', '') = 'null', Got: false
  FAIL serialize-json-106: assert failed. Expression: translate($result,' 	
', '') = '{"abc":23}', Got: false
  FAIL serialize-json-107: assert failed. Expression: starts-with($result, '{'), Got: false
  FAIL serialize-json-108: assert-string-value failed. Expected: '[1,2,3,"four",true,false,null]', Got: '(array)'
  FAIL serialize-json-109: assert-string-value failed. Expected: '[1,2,3,"four",true,false]', Got: '(array)'
  FAIL serialize-json-110: assert-string-value failed. Expected: '[[1,2],[3,4],[5,6],[7],[],[null]]', Got: '(array)'
  FAIL serialize-json-111: assert-string-value failed. Expected: '{"abc":[1,2,3,4,5,6,7,8,9,10]}', Got: '(map)'
  FAIL serialize-json-112: assert-string-value failed. Expected: '[{"abc":1},{"def":2},{"ghi":3}]', Got: '(array)'
  FAIL serialize-json-113: assert failed. Expression: starts-with($result, '{"abc":{'), Got: false
  FAIL serialize-json-114: assert-string-value failed. Expected: '"\uD834\uDD1E"', Got: '𝄞'
  FAIL serialize-json-115: assert-string-value failed. Expected: '"\n"', Got: ''
  FAIL serialize-json-116: assert-string-value failed. Expected: '[{"abc":{"abc":1}},{"def":{"def":2}},{"ghi":{"ghi":3}}]', Got: '(array)'
  FAIL serialize-json-117: assert-string-value failed. Expected: '[{"abc":{"abc":1}},{"def":{"def":2}},{"ghi":{"ghi":3}}]', Got: '(array)'
  FAIL serialize-json-120: assert failed. Expression: $result eq '"abc\"def"', Got: false
  FAIL serialize-json-121: assert failed. Expression: $result eq '"abc\\\\def"', Got: false
  FAIL serialize-json-122: Expected error SERE0020 but succeeded
  FAIL serialize-json-123: assert-string-value failed. Expected: '[0,0,"abcd"]', Got: '(array)'
  FAIL serialize-json-124: assert failed. Expression: starts-with($result, '{'), Got: false
  FAIL serialize-json-125: assert-string-value failed. Expected: '[0,0,"2011-04-06"]', Got: '(array)'
  FAIL serialize-json-126: assert-string-value failed. Expected: '{"a":"2011-04-06"}', Got: '(map)'
  FAIL serialize-json-128: assert-string-value failed. Expected: '{"uri":"http:\/\/www.w3.org\/"}', Got: '(map)'
  FAIL serialize-json-130: Expected error SERE0023 but succeeded
  FAIL serialize-json-131: Expected error SERE0023 but succeeded
  FAIL serialize-json-132: Expected error SERE0023 but succeeded
  FAIL serialize-adaptive-001: assert-string-value failed. Expected: '1;2;3', Got: '123'
  FAIL serialize-adaptive-002: assert-string-value failed. Expected: '<a/>;<b/>', Got: '<a /><b />'
  FAIL serialize-adaptive-003: assert-string-value failed. Expected: 'x="1";y="2"', Got: '12'
  FAIL serialize-adaptive-004: assert-string-value failed. Expected: 'map{1:true(),2:false()};map{8:80,9:90}', Got: '(map)(map)'
  FAIL fn-static-base-15: any-of: none matched. [assert-string-value failed. Expected: 'http://www.example.com', Got: ''; assert-string-value failed. Expected: 'http://www.example.com/', Got: '']
  FAIL fn-string-3: Expected error XPDY0002 but succeeded
  FAIL K-StringJoinFunc-7: Expected error XPTY0004 but succeeded
  FAIL fn-string-length-19: Expected error XPTY0004 but succeeded
  FAIL fn-string-length-25: Expected error XPTY0004 but succeeded
  FAIL fn-string-to-codepoints1args-7: Expected error XPTY0004 but succeeded
  FAIL fn-substring-after-23: Unexpected error: FOCH0002
  FAIL fn-substring-before-23: Unexpected error: FOCH0002
  FAIL K-SeqSUMFunc-23: Expected error FORG0006 but succeeded
  FAIL K-SeqSUMFunc-24: Expected error FORG0006 but succeeded
  FAIL K-SeqSUMFunc-25: Expected error FORG0006 but succeeded
  FAIL K-SeqSUMFunc-26: Expected error FORG0006 but succeeded
  FAIL K-SeqSUMFunc-33: Expected error FORG0006 but succeeded
  FAIL K2-SeqSUMFunc-4: assert-true failed. Got: false
  FAIL fn-sum-7: any-of: none matched. [Expected error FORG0006 but succeeded; Expected error XPTY0004 but succeeded]
  FAIL fn-sum-9: any-of: none matched. [Expected error FORG0006 but succeeded; Expected error XPTY0004 but succeeded]
  FAIL fn-sum-10: any-of: none matched. [Expected error FORG0006 but succeeded; Expected error XPTY0004 but succeeded]
  FAIL fn-tokenize-9: assert-string-value failed. Expected: '#r#c#d#r#', Got: '#ab#r#a#c#a#d#ab#r#a#'
  FAIL fn-tokenize-34: assert-eq failed. Expected: MaryJones, Got: Mar ones
  FAIL fn-tokenize-51: assert-eq failed. Expected: 1, Got: 2
  FAIL K2-TokenizeFunc-3: assert-string-value failed. Expected: 'r', Got: 'a'
  FAIL K2-TokenizeFunc-4: assert-string-value failed. Expected: 'c', Got: 'ab'
  FAIL fn-transform-4: Unexpected error: XPST0017: Function {http://www.w3.org/2005/xpath-functions}transform#1 not found.
  FAIL fn-transform-5: Unexpected error: XPST0017: Function {http://www.w3.org/2005/xpath-functions}transform#1 not found.
  FAIL fn-transform-6: assert-type failed. Unexpected error: XPST0017: Function {http://www.w3.org/2005/xpath-functions}transform#1 not found.
  FAIL fn-transform-7: assert-type failed. Unexpected error: XPST0017: Function {http://www.w3.org/2005/xpath-functions}transform#1 not found.
  FAIL fn-transform-7a: assert-type failed. Unexpected error: XPST0017: Function {http://www.w3.org/2005/xpath-functions}transform#1 not found.
  FAIL fn-transform-7b: assert-type failed. Unexpected error: XPST0017: Function {http://www.w3.org/2005/xpath-functions}transform#1 not found.
  FAIL fn-transform-7c: assert-type failed. Unexpected error: XPST0017: Function {http://www.w3.org/2005/xpath-functions}transform#1 not found.
  FAIL fn-transform-7d: assert-type failed. Unexpected error: XPST0017: Function {http://www.w3.org/2005/xpath-functions}transform#1 not found.
  FAIL fn-transform-7e: assert-type failed. Unexpected error: XPST0017: Function {http://www.w3.org/2005/xpath-functions}transform#1 not found.
  FAIL fn-transform-8: assert-type failed. Unexpected error: XPST0017: Function {http://www.w3.org/2005/xpath-functions}transform#1 not found.
  FAIL fn-transform-9: assert-type failed. Unexpected error: XPST0017: Function {http://www.w3.org/2005/xpath-functions}transform#1 not found.
  FAIL fn-transform-10: assert-type failed. Unexpected error: XPST0017: Function {http://www.w3.org/2005/xpath-functions}transform#1 not found.
  FAIL fn-transform-11: assert-type failed. Unexpected error: XPST0017: Function {http://www.w3.org/2005/xpath-functions}transform#1 not found.
  FAIL fn-transform-12: assert-type failed. Unexpected error: XPST0017: Function {http://www.w3.org/2005/xpath-functions}transform#1 not found.
  FAIL fn-transform-13: assert-type failed. Unexpected error: XPST0017: Function {http://www.w3.org/2005/xpath-functions}transform#1 not found.
  FAIL fn-transform-13a: assert-type failed. Unexpected error: XPST0017: Function {http://www.w3.org/2005/xpath-functions}transform#1 not found.
  FAIL fn-transform-18: Unexpected error: XPST0017: Function {http://www.w3.org/2005/xpath-functions}transform#1 not found.
  FAIL fn-transform-20: any-of: none matched. [Unexpected error: XPST0017: Function {http://www.w3.org/2005/xpath-functions}transform#1 not found.; Unexpected error: XPST0017: Function {http://www.w3.org/2005/xpath-functions}transform#1 not found.]
  FAIL fn-transform-21: Unexpected error: XPST0017: Function {http://www.w3.org/2005/xpath-functions}transform#1 not found.
  FAIL fn-transform-22: Unexpected error: XPST0017: Function {http://www.w3.org/2005/xpath-functions}transform#1 not found.
  FAIL fn-transform-23: Unexpected error: Variable $include is not defined.
  FAIL fn-transform-24: Unexpected error: Variable $include is not defined.
  FAIL fn-transform-25: Unexpected error: Variable $works is not defined.
  FAIL fn-transform-26: any-of: none matched. [Unexpected error: XPST0017: Function {http://www.w3.org/2005/xpath-functions}transform#1 not found.; Unexpected error: XPST0017: Function {http://www.w3.org/2005/xpath-functions}transform#1 not found.]
  FAIL fn-transform-27: Unexpected error: XPST0017: Function {http://www.w3.org/2005/xpath-functions}transform#1 not found.
  FAIL fn-transform-31: Unexpected error: XPST0017: Function {http://www.w3.org/2005/xpath-functions}transform#1 not found.
  FAIL fn-transform-32: Unexpected error: XPST0017: Function {http://www.w3.org/2005/xpath-functions}transform#1 not found.
  FAIL fn-transform-33: assert-type failed. Unexpected error: FODC0005: No base URI available
  FAIL fn-transform-34: Unexpected error: Variable $render is not defined.
  FAIL fn-transform-37: assert-type failed. Unexpected error: FODC0005: No base URI available
  FAIL fn-transform-38: Unexpected error: Variable $multipledocs is not defined.
  FAIL fn-transform-39: Unexpected error: Variable $multipledocs2 is not defined.
  FAIL fn-transform-40: Unexpected error: Variable $onedoc is not defined.
  FAIL fn-transform-41: any-of: none matched. [Unexpected error: Variable $staticbaseuri is not defined.; Unexpected error: Variable $staticbaseuri is not defined.]
  FAIL fn-transform-42: Unexpected error: Variable $staticbaseuri is not defined.
  FAIL fn-transform-43: Unexpected error: Variable $multipledocs is not defined.
  FAIL fn-transform-44: assert-type failed. Unexpected error: FODC0005: No base URI available
  FAIL fn-transform-46: Unexpected error: Variable $multipledocs2 is not defined.
  FAIL fn-transform-47: Unexpected error: Variable $multipledocs2 is not defined.
  FAIL fn-transform-48: assert-type failed. Unexpected error: XPST0017: Function {http://www.w3.org/2005/xpath-functions}transform#1 not found.
  FAIL fn-transform-50: assert-type failed. Unexpected error: XPST0017: Function {http://www.w3.org/2005/xpath-functions}transform#1 not found.
  FAIL fn-transform-51: assert-type failed. Unexpected error: XPST0017: Function {http://www.w3.org/2005/xpath-functions}transform#1 not found.
  FAIL fn-transform-52: assert-type failed. Unexpected error: XPST0017: Function {http://www.w3.org/2005/xpath-functions}transform#1 not found.
  FAIL fn-transform-53: assert-type failed. Unexpected error: XPST0017: Function {http://www.w3.org/2005/xpath-functions}transform#1 not found.
  FAIL fn-transform-54: assert-type failed. Unexpected error: XPST0017: Function {http://www.w3.org/2005/xpath-functions}transform#1 not found.
  FAIL fn-transform-55: assert-type failed. Unexpected error: XPST0017: Function {http://www.w3.org/2005/xpath-functions}transform#1 not found.
  FAIL fn-transform-56: assert-type failed. Unexpected error: XPST0017: Function {http://www.w3.org/2005/xpath-functions}transform#1 not found.
  FAIL fn-transform-57: assert-type failed. Unexpected error: XPST0017: Function {http://www.w3.org/2005/xpath-functions}transform#1 not found.
  FAIL fn-transform-58: assert-type failed. Unexpected error: XPST0017: Function {http://www.w3.org/2005/xpath-functions}transform#1 not found.
  FAIL fn-transform-60: assert-type failed. Unexpected error: XPST0017: Function {http://www.w3.org/2005/xpath-functions}transform#1 not found.
  FAIL fn-transform-61: assert-type failed. Unexpected error: XPST0017: Function {http://www.w3.org/2005/xpath-functions}transform#1 not found.
  FAIL fn-transform-62: assert-type failed. Unexpected error: XPST0017: Function {http://www.w3.org/2005/xpath-functions}transform#1 not found.
  FAIL fn-transform-63: assert-type failed. Unexpected error: XPST0017: Function {http://www.w3.org/2005/xpath-functions}transform#1 not found.
  FAIL fn-transform-64: assert-type failed. Unexpected error: XPST0017: Function {http://www.w3.org/2005/xpath-functions}transform#1 not found.
  FAIL fn-transform-82a: Unexpected error: Variable $stylesheet is not defined.
  FAIL fn-transform-82b: Unexpected error: Variable $stylesheet is not defined.
  FAIL fn-transform-82c: Unexpected error: Variable $stylesheet is not defined.
  FAIL fn-transform-82d: Unexpected error: Variable $stylesheet is not defined.
  FAIL fn-transform-88: Unexpected error: XPST0017: Function {http://www.w3.org/2005/xpath-functions}transform#1 not found.
  FAIL fn-transform-err-8: Unexpected error: Variable $sbu is not defined.
  FAIL fn-transform-err-9a: Unexpected error: XPST0017: Function {http://www.w3.org/2005/xpath-functions}transform#1 not found.
  FAIL fn-translate3args-5: Expected error XPTY0004 but succeeded
  FAIL fn-translate3args-6: Expected error XPTY0004 but succeeded
  FAIL fn-translate3args-7: Expected error XPTY0004 but succeeded
  FAIL fn-translate-17: assert-eq failed. Expected: ybcd, Got: bcd
  FAIL fn-translate-18: assert-eq failed. Expected: ybcd, Got: �bcd
  FAIL fn-translate-20: assert-eq failed. Expected: 𐀆bcdYZ, Got: �bcd�YZ
  FAIL K2-TranslateFunc-1: Expected error XPTY0004 but succeeded
  FAIL K2-TranslateFunc-2: Expected error XPTY0004 but succeeded
  FAIL cbcl-fn-translate-002: assert-string-value failed. Expected: 'l', Got: 'll'
  FAIL fn-unparsed-text-027: Unexpected error: FOUT1170
  FAIL fn-unparsed-text-028: Unexpected error: FOUT1170
  FAIL fn-unparsed-text-031: Unexpected error: FOUT1170
  FAIL fn-unparsed-text-032: Unexpected error: FOUT1170
  FAIL fn-unparsed-text-040: Unexpected error: FOUT1170
  FAIL fn-unparsed-text-041: Unexpected error: FOUT1170
  FAIL fn-unparsed-text-042: Unexpected error: FOUT1170
  FAIL fn-unparsed-text-043: Unexpected error: FOUT1170
  FAIL fn-unparsed-text-044: Unexpected error: FOUT1170
  FAIL fn-unparsed-text-046: Unexpected error: FOUT1170
  FAIL fn-unparsed-text-047: Unexpected error: FOUT1170
  FAIL fn-unparsed-text-049: Unexpected error: FOUT1170
  FAIL fn-unparsed-text-050: Unexpected error: FOUT1170
  FAIL fn-unparsed-text-051: Unexpected error: FOUT1170
  FAIL fn-unparsed-text-052: Unexpected error: FOUT1170
  FAIL fn-unparsed-text-054a: any-of: none matched. [Unexpected error: FOUT1170]
  FAIL fn-unparsed-text-055: Unexpected error: FOUT1170
  FAIL fn-unparsed-text-available-008: Expected error XPTY0004 but succeeded
  FAIL fn-unparsed-text-available-010: Expected error XPTY0004 but succeeded
  FAIL fn-unparsed-text-available-012: Expected error XPTY0004 but succeeded
  FAIL fn-unparsed-text-available-027: assert-true failed. Got: false
  FAIL fn-unparsed-text-available-028: assert-true failed. Got: false
  FAIL fn-unparsed-text-available-031: assert-true failed. Got: false
  FAIL fn-unparsed-text-available-032: assert-true failed. Got: false
  FAIL fn-unparsed-text-available-039: assert-true failed. Got: false
  FAIL fn-unparsed-text-available-040: assert-true failed. Got: false
  FAIL fn-unparsed-text-available-041: assert-true failed. Got: false
  FAIL fn-unparsed-text-available-042: assert-true failed. Got: false
  FAIL fn-unparsed-text-available-043: assert-true failed. Got: false
  FAIL fn-unparsed-text-available-045: assert-true failed. Got: false
  FAIL fn-unparsed-text-available-046: assert-true failed. Got: false
  FAIL fn-unparsed-text-available-048: assert-true failed. Got: false
  FAIL fn-unparsed-text-available-049: assert-true failed. Got: false
  FAIL fn-unparsed-text-available-050: assert-true failed. Got: false
  FAIL fn-unparsed-text-available-051: assert-true failed. Got: false
  FAIL fn-unparsed-text-lines-027: Unexpected error: FOUT1170
  FAIL fn-unparsed-text-lines-028: Unexpected error: FOUT1170
  FAIL fn-unparsed-text-lines-031: Unexpected error: FOUT1170
  FAIL fn-unparsed-text-lines-032: Unexpected error: FOUT1170
  FAIL fn-unparsed-text-lines-041: Unexpected error: FOUT1170
  FAIL fn-unparsed-text-lines-042: Unexpected error: FOUT1170
  FAIL fn-unparsed-text-lines-043: Unexpected error: FOUT1170
  FAIL fn-unparsed-text-lines-044: Unexpected error: FOUT1170
  FAIL fn-unparsed-text-lines-046: Unexpected error: FOUT1170
  FAIL fn-unparsed-text-lines-049: Unexpected error: FOUT1170
  FAIL fn-unparsed-text-lines-050: Unexpected error: FOUT1170
  FAIL fn-unparsed-text-lines-053: Unexpected error: FOUT1170
  FAIL fn-unparsed-text-lines-054: Unexpected error: FOUT1170
  FAIL fn-upper-case-22: assert-deep-eq failed. Expected 2 items, got 1
  FAIL xml-to-json-017: assert-eq failed. Expected: "\\\/\"\r\t\n ", Got: "\\/\"��� "
  FAIL xml-to-json-066: Unexpected error: XPTY0004: xml-to-json requires a node
  FAIL xml-to-json-067: Unexpected error: XPTY0004: xml-to-json requires a node
  FAIL xml-to-json-C-016: Unexpected error: XPTY0004: xml-to-json requires a node
  FAIL xml-to-json-D-001: Unexpected error: XPTY0004: xml-to-json requires a node
  FAIL xml-to-json-D-002: Unexpected error: XPTY0004: xml-to-json requires a node
  FAIL xml-to-json-D-003: Unexpected error: XPTY0004: xml-to-json requires a node
  FAIL xml-to-json-D-004: Unexpected error: XPTY0004: xml-to-json requires a node
  FAIL xml-to-json-D-005: Unexpected error: XPTY0004: xml-to-json requires a node
  FAIL xml-to-json-D-006: Unexpected error: XPTY0004: xml-to-json requires a node
  FAIL xml-to-json-D-007: Unexpected error: XPTY0004: xml-to-json requires a node
  FAIL xml-to-json-D-008: Unexpected error: XPTY0004: xml-to-json requires a node
  FAIL xml-to-json-D-009: Unexpected error: XPTY0004: xml-to-json requires a node
  FAIL xml-to-json-D-010: Unexpected error: XPTY0004: xml-to-json requires a node
  FAIL xml-to-json-D-011: Unexpected error: XPTY0004: xml-to-json requires a node
  FAIL xml-to-json-D-012: Unexpected error: XPTY0004: xml-to-json requires a node
  FAIL xml-to-json-D-013: Unexpected error: XPTY0004: xml-to-json requires a node
  FAIL xml-to-json-D-014: Unexpected error: XPTY0004: xml-to-json requires a node
  FAIL xml-to-json-D-016: Unexpected error: XPTY0004: xml-to-json requires a node
  FAIL xml-to-json-D-101: Unexpected error: XPTY0004: xml-to-json requires a node
  FAIL xml-to-json-D-102: Unexpected error: XPTY0004: xml-to-json requires a node
  FAIL xml-to-json-D-103: Unexpected error: XPTY0004: xml-to-json requires a node
  FAIL xml-to-json-D-104: Unexpected error: XPTY0004: xml-to-json requires a node
  FAIL xml-to-json-D-201: Unexpected error: XPTY0004: xml-to-json requires a node
  FAIL xml-to-json-D-202: Unexpected error: XPTY0004: xml-to-json requires a node
  FAIL xml-to-json-D-203: Unexpected error: XPTY0004: xml-to-json requires a node
  FAIL xml-to-json-D-204: Unexpected error: XPTY0004: xml-to-json requires a node
  FAIL xml-to-json-D-205: Unexpected error: XPTY0004: xml-to-json requires a node
  FAIL xml-to-json-D-206: Unexpected error: XPTY0004: xml-to-json requires a node
  FAIL xml-to-json-D-301: Unexpected error: XPTY0004: xml-to-json requires a node
  FAIL xml-to-json-D-302: Unexpected error: XPTY0004: xml-to-json requires a node
  FAIL xml-to-json-D-303: Unexpected error: XPTY0004: xml-to-json requires a node
  FAIL xml-to-json-D-401: Unexpected error: XPTY0004: xml-to-json requires a node
  FAIL xml-to-json-D-402: Unexpected error: XPTY0004: xml-to-json requires a node
  FAIL xml-to-json-D-403: Unexpected error: XPTY0004: xml-to-json requires a node
  FAIL xml-to-json-D-404: Unexpected error: XPTY0004: xml-to-json requires a node
  FAIL xml-to-json-D-405: Unexpected error: XPTY0004: xml-to-json requires a node
  FAIL xml-to-json-D-406: Unexpected error: XPTY0004: xml-to-json requires a node
  FAIL xml-to-json-D-407: Unexpected error: XPTY0004: xml-to-json requires a node
  FAIL xml-to-json-D-504: Unexpected error: XPTY0004: xml-to-json requires a node
  FAIL xml-to-json-D-505: Unexpected error: XPTY0004: xml-to-json requires a node
  FAIL xml-to-json-D-506: Unexpected error: XPTY0004: xml-to-json requires a node
  FAIL xml-to-json-D-507: Unexpected error: XPTY0004: xml-to-json requires a node
  FAIL xml-to-json-D-508: Unexpected error: XPTY0004: xml-to-json requires a node
  FAIL xml-to-json-D-509: Unexpected error: XPTY0004: xml-to-json requires a node
  FAIL xml-to-json-D-510: Unexpected error: XPTY0004: xml-to-json requires a node
  FAIL xml-to-json-D-511: Unexpected error: XPTY0004: xml-to-json requires a node
  FAIL fn-years-from-duration-20: assert-eq failed. Expected: 1, Got: 0
  FAIL K-YearsFromDurationFunc-7: assert-true failed. Got: false
  FAIL fn-year-from-dateTime-6: Unexpected error: Year -1999 is outside the range supported by DateTimeOffset.
  FAIL map-merge-006f: Expected error FOJS0003 but succeeded
  FAIL map-merge-025: assert-deep-eq failed. Expected 2000 items, got 1
  FAIL map-merge-026: Expected error XPTY0004 but succeeded
  FAIL map-contains-017: assert-true failed. Got: false
  FAIL map-find-001: Unexpected error: XPST0017: Function {http://www.w3.org/2005/xpath-functions/map}find#2 not found.
  FAIL map-find-002: Unexpected error: XPST0017: Function {http://www.w3.org/2005/xpath-functions/map}find#2 not found.
  FAIL map-find-003: Unexpected error: XPST0017: Function {http://www.w3.org/2005/xpath-functions/map}find#2 not found.
  FAIL map-find-004: Unexpected error: XPST0017: Function {http://www.w3.org/2005/xpath-functions/map}find#2 not found.
  FAIL map-find-005: Unexpected error: XPST0017: Function {http://www.w3.org/2005/xpath-functions/map}find#2 not found.
  FAIL map-find-006: Unexpected error: XPST0017: Function {http://www.w3.org/2005/xpath-functions/map}find#2 not found.
  FAIL map-find-007: any-of: none matched. [Unexpected error: XPST0017: Function {http://www.w3.org/2005/xpath-functions/map}find#2 not found.; Unexpected error: XPST0017: Function {http://www.w3.org/2005/xpath-functions/map}find#2 not found.]
  FAIL map-find-008: any-of: none matched. [Unexpected error: XPST0017: Function {http://www.w3.org/2005/xpath-functions/map}find#2 not found.; Unexpected error: XPST0017: Function {http://www.w3.org/2005/xpath-functions/map}find#2 not found.]
  FAIL map-find-009: any-of: none matched. [Unexpected error: XPST0017: Function {http://www.w3.org/2005/xpath-functions/map}find#2 not found.; Unexpected error: XPST0017: Function {http://www.w3.org/2005/xpath-functions/map}find#2 not found.]
  FAIL map-find-010: any-of: none matched. [Unexpected error: XPST0017: Function {http://www.w3.org/2005/xpath-functions/map}find#2 not found.; Unexpected error: XPST0017: Function {http://www.w3.org/2005/xpath-functions/map}find#2 not found.]
  FAIL map-get-017: assert-string-value failed. Expected: 'Wednesday', Got: ''
  FAIL map-get-023: assert-string-value failed. Expected: '100', Got: '101'
  FAIL map-size-007: Expected error XQDY0137 but succeeded
  FAIL map-size-014: assert-eq failed. Expected: 2, Got: 1
  FAIL map-size-015: assert-eq failed. Expected: 29, Got: 31
  FAIL map-keys-007: Expected error XQDY0137 but succeeded
  FAIL map-put-023: assert-eq failed. Expected: 3, Got: 1
  FAIL map-remove-014: assert-eq failed. Expected: 101, Got: 
  FAIL map-remove-016: assert-eq failed. Expected: 2, Got: 0
  FAIL map-remove-017: assert-true failed. Got: false
  FAIL map-remove-019: assert-true failed. Got: false
  FAIL map-for-each-007: Expected error XQDY0137 but succeeded
  FAIL map-for-each-016: assert evaluation failed: Cannot access FunctionValue on XDM value of kind 'Map'
  FAIL map-call-001: Unexpected error: Cannot access FunctionValue on XDM value of kind 'Map'
  FAIL map-call-002: Unexpected error: Cannot access FunctionValue on XDM value of kind 'Map'
  FAIL map-call-003: Unexpected error: Cannot access FunctionValue on XDM value of kind 'Map'
  FAIL map-call-004: Unexpected error: Cannot access FunctionValue on XDM value of kind 'Map'
  FAIL map-call-005: Unexpected error: Cannot access FunctionValue on XDM value of kind 'Map'
  FAIL map-call-006: Unexpected error: Cannot access FunctionValue on XDM value of kind 'Map'
  FAIL map-call-007: Unexpected error: Cannot access FunctionValue on XDM value of kind 'Map'
  FAIL map-call-008: Unexpected error: Cannot access FunctionValue on XDM value of kind 'Map'
  FAIL map-call-009: Unexpected error: Cannot access FunctionValue on XDM value of kind 'Map'
  FAIL map-call-010: Unexpected error: Cannot access FunctionValue on XDM value of kind 'Map'
  FAIL map-call-011: Unexpected error: Cannot access FunctionValue on XDM value of kind 'Map'
  FAIL map-call-012: Unexpected error: Cannot access FunctionValue on XDM value of kind 'Map'
  FAIL map-call-013: Unexpected error: Cannot access FunctionValue on XDM value of kind 'Map'
  FAIL map-call-014: Unexpected error: Cannot access FunctionValue on XDM value of kind 'Map'
  FAIL map-call-016: Unexpected error: Cannot access FunctionValue on XDM value of kind 'Map'
  FAIL map-call-017: Unexpected error: Cannot access FunctionValue on XDM value of kind 'Map'
  FAIL map-call-018: Unexpected error: Cannot access FunctionValue on XDM value of kind 'Map'
  FAIL map-call-019: Unexpected error: Cannot access FunctionValue on XDM value of kind 'Map'
  FAIL map-call-020: Unexpected error: Cannot access FunctionValue on XDM value of kind 'Map'
  FAIL map-call-021: Unexpected error: Cannot access FunctionValue on XDM value of kind 'Map'
  FAIL map-call-022: Unexpected error: Cannot access FunctionValue on XDM value of kind 'Map'
  FAIL map-call-023: Unexpected error: Cannot access FunctionValue on XDM value of kind 'Map'
  FAIL array-get-003: Expected error FOAY0001 but succeeded
  FAIL array-get-004: Expected error FOAY0001 but succeeded
  FAIL array-get-005: Expected error FOAY0001 but succeeded
  FAIL array-head-604: Expected error FOAY0001 but succeeded
  FAIL array-head-609: Expected error FOAY0001 but succeeded
  FAIL array-insert-before-506: Expected error FOAY0001 but succeeded
  FAIL array-insert-before-507: Expected error FOAY0001 but succeeded
  FAIL array-put-006: Expected error FOAY0001 but succeeded
  FAIL array-put-007: Expected error FOAY0001 but succeeded
  FAIL array-put-011: Expected error FOAY0001 but succeeded
  FAIL array-put-012: Expected error FOAY0001 but succeeded
  FAIL array-remove-405: Expected error FOAY0001 but succeeded
  FAIL array-remove-406: Expected error FOAY0001 but succeeded
  FAIL array-remove-407: Expected error FOAY0001 but succeeded
  FAIL array-remove-408: Expected error FOAY0001 but succeeded
  FAIL array-remove-412: Expected error FOAY0001 but succeeded
  FAIL array-remove-415: Expected error FOAY0001 but succeeded
  FAIL array-subarray-310: Expected error FOAY0001 but succeeded
  FAIL array-subarray-311: Expected error FOAY0002 but succeeded
  FAIL array-subarray-312: Expected error FOAY0001 but succeeded
  FAIL array-subarray-315: Expected error FOAY0001 but succeeded
  FAIL array-subarray-316: Expected error FOAY0001 but succeeded
  FAIL array-tail-704: Expected error FOAY0001 but succeeded
  FAIL xs-dateTimeStamp-2: Unexpected error: XPST0017: Function {http://www.w3.org/2001/XMLSchema}dateTimeStamp#1 not found.
  FAIL xs-dateTimeStamp-5: Unexpected error: XPST0017: Function {http://www.w3.org/2001/XMLSchema}dateTimeStamp#1 not found.
  FAIL xs-dateTimeStamp-6: assert-true failed. Got: false
  FAIL xs-error-005: Unexpected error: XPST0017: Function {http://www.w3.org/2001/XMLSchema}error#1 not found.
  FAIL xs-error-006: Unexpected error: XPST0017: Function {http://www.w3.org/2001/XMLSchema}error#1 not found.
  FAIL xs-error-007: Unexpected error: XPST0017: Function {http://www.w3.org/2001/XMLSchema}error#1 not found.
  FAIL xs-error-015: assert-true failed. Got: false
  FAIL xs-error-016: assert-true failed. Got: false
  FAIL xs-error-034: Unexpected error: XPST0017: Function {http://www.w3.org/2001/XMLSchema}error#1 not found.
  FAIL xs-error-035: Unexpected error: XPST0017: Function {http://www.w3.org/2001/XMLSchema}error#1 not found.
  FAIL xs-error-041: Unexpected error: XPST0017: Function {http://www.w3.org/2001/XMLSchema}error#1 not found.
  FAIL cbcl-normalizedstring-002b: assert-string-value failed. Expected: '', Got: ' '
  FAIL xs-numeric-007: Unexpected error: XPST0017: Function {http://www.w3.org/2001/XMLSchema}numeric#1 not found.
  FAIL xs-numeric-008: Unexpected error: XPST0017: Function {http://www.w3.org/2001/XMLSchema}numeric#1 not found.
  FAIL xs-numeric-009: Unexpected error: XPST0017: Function {http://www.w3.org/2001/XMLSchema}numeric#1 not found.
  FAIL xs-numeric-011: assert-true failed. Got: false
  FAIL xs-numeric-013: Unexpected error: Cannot cast '17' to xs:numeric.
  FAIL xs-numeric-014: Unexpected error: Cannot cast '17.2' to xs:numeric.
  FAIL xs-numeric-015: Unexpected error: Cannot cast '1' to xs:numeric.
  FAIL xs-numeric-016: Unexpected error: Cannot cast '1' to xs:numeric.
  FAIL xs-numeric-017: Unexpected error: Cannot cast '256' to xs:numeric.
  FAIL xs-numeric-018: Unexpected error: Cannot cast 'true' to xs:numeric.
  FAIL K-DateAddDTD-1: assert-true failed. Got: false
  FAIL K-DateAddDTD-2: assert-true failed. Got: false
  FAIL op-add-dayTimeDuration-to-dateTime-1: assert-string-value failed. Expected: '2000-11-02T12:27:00', Got: '2000-11-02T12:27:00+01:00'
  FAIL K-TimeAddDTD-1: assert-true failed. Got: false
  FAIL K-TimeAddDTD-2: assert-true failed. Got: false
  FAIL op-add-yearMonthDuration-to-date-1: assert-string-value failed. Expected: '2001-12-30', Got: '2001-12-30+01:00'
  FAIL K-DateAddYMD-1: assert-true failed. Got: false
  FAIL K-DateAddYMD-2: assert-true failed. Got: false
  FAIL op-add-yearMonthDuration-to-dateTime-1: assert-string-value failed. Expected: '2001-12-30T11:12:00', Got: '2001-12-30T11:12:00+01:00'
  FAIL K-YearMonthDurationAddDT-1: assert-true failed. Got: false
  FAIL K-YearMonthDurationAddDT-2: assert-true failed. Got: false
  FAIL bang-7: assert-eq failed. Expected: 20, Got: 2
  FAIL base64Binary-lt-17: assert-false failed. Got: true
  FAIL base64Binary-lt-18: assert-false failed. Got: true
  FAIL base64Binary-lt-25: Expected error XPTY0004 but succeeded
  FAIL base64Binary-lt-26: Expected error XPTY0004 but succeeded
  FAIL base64Binary-gt-17: assert-true failed. Got: false
  FAIL base64Binary-gt-18: assert-true failed. Got: false
  FAIL base64Binary-gt-25: Expected error XPTY0004 but succeeded
  FAIL base64Binary-gt-26: Expected error XPTY0004 but succeeded
  FAIL op-boolean-equal-4: assert-false failed. Got: true
  FAIL op-boolean-equal-17: Expected error XPTY0004 but succeeded
  FAIL op-concat-2: assert-string-value failed. Expected: 'Thy old groans ring yet in my ancient ears.', Got: 'Thy (sequence)old groans ring yet in my ancient ears.'
  FAIL op-concat-3: assert-string-value failed. Expected: 'Ciao!', Got: 'Ciao!(sequence)'
  FAIL op-concat-18: Expected error FOTY0013 but succeeded
  FAIL K-ConcatOp-6: assert-true failed. Got: false
  FAIL K-ConcatOp-7: assert-true failed. Got: false
  FAIL sequenceexpressionhc9: Unexpected error: Variable $works is not defined.
  FAIL op-concatenate-mix-args-019: assert failed. Expression: $result[1][self::price][.="65.95"], Got: 65.95
  FAIL cbcl-date-equal-009: assert-true failed. Got: false
  FAIL cbcl-date-equal-010: assert-true failed. Got: false
  FAIL cbcl-date-greater-equal-005: assert-true failed. Got: false
  FAIL cbcl-date-greater-equal-009: assert-true failed. Got: false
  FAIL cbcl-date-less-than-005: assert-true failed. Got: false
  FAIL cbcl-date-less-than-010: assert-true failed. Got: false
  FAIL cbcl-dateTime-equal-009: assert-true failed. Got: false
  FAIL cbcl-dateTime-equal-010: assert-true failed. Got: false
  FAIL cbcl-dateTime-equal-018: assert-true failed. Got: false
  FAIL cbcl-dateTime-greater-than-004: assert-true failed. Got: false
  FAIL cbcl-dateTime-greater-than-009: assert-true failed. Got: false
  FAIL cbcl-dateTime-less-than-005: assert-true failed. Got: false
  FAIL cbcl-dateTime-less-than-010: assert-true failed. Got: false
  FAIL K-DayTimeDurationDivide-7: Expected error XPTY0004 but succeeded
  FAIL op-divide-yearMonthDuration-17: assert-string-value failed. Expected: '-P2M -P1M P0M P0M P0M P1M P1M P3M', Got: '-P2M -P1M P0M P0M P0M P0M P1M P2M'
  FAIL K-YearMonthDurationDivide-4: Expected error FODT0002 but succeeded
  FAIL K-YearMonthDurationDivide-5: Expected error FOCA0005 but succeeded
  FAIL fn-except-node-args-006: assert-string-value failed. Expected: 'PI2', Got: ''
  FAIL fn-except-node-args-010: assert-string-value failed. Expected: 'PI1', Got: 'PI1 PI2'
  FAIL K2-SeqExcept-1: Expected error XPTY0004 but succeeded
  FAIL op-gDay-equal2args-1: Unexpected error: Unsupported date/time subtype: gDay
  FAIL op-gDay-equal2args-2: Unexpected error: Unsupported date/time subtype: gDay
  FAIL op-gDay-equal2args-3: Unexpected error: Unsupported date/time subtype: gDay
  FAIL op-gDay-equal2args-4: Unexpected error: Unsupported date/time subtype: gDay
  FAIL op-gDay-equal2args-5: Unexpected error: Unsupported date/time subtype: gDay
  FAIL op-gDay-equal2args-6: Unexpected error: Unsupported date/time subtype: gDay
  FAIL op-gDay-equal2args-7: Unexpected error: Unsupported date/time subtype: gDay
  FAIL op-gDay-equal2args-8: Unexpected error: Unsupported date/time subtype: gDay
  FAIL op-gDay-equal2args-9: Unexpected error: Unsupported date/time subtype: gDay
  FAIL op-gDay-equal2args-10: Unexpected error: Unsupported date/time subtype: gDay
  FAIL op-gDay-equal-2: Unexpected error: Unsupported date/time subtype: gDay
  FAIL op-gDay-equal-3: Unexpected error: Unsupported date/time subtype: gDay
  FAIL op-gDay-equal-4: Unexpected error: Unsupported date/time subtype: gDay
  FAIL op-gDay-equal-5: Unexpected error: Unsupported date/time subtype: gDay
  FAIL op-gDay-equal-6: Unexpected error: Unsupported date/time subtype: gDay
  FAIL op-gDay-equal-7: Unexpected error: Unsupported date/time subtype: gDay
  FAIL op-gDay-equal-8: Unexpected error: Unsupported date/time subtype: gDay
  FAIL op-gDay-equal-9: Unexpected error: Unsupported date/time subtype: gDay
  FAIL op-gDay-equal-10: Unexpected error: Unsupported date/time subtype: gDay
  FAIL op-gDay-equal-11: Unexpected error: Unsupported date/time subtype: gDay
  FAIL op-gDay-equal-12: Unexpected error: Unsupported date/time subtype: gDay
  FAIL op-gDay-equal-13: Unexpected error: Unsupported date/time subtype: gDay
  FAIL op-gDay-equal-14: Unexpected error: Unsupported date/time subtype: gDay
  FAIL K-gDayEQ-1: Unexpected error: Unsupported date/time subtype: gDay
  FAIL K-gDayEQ-2: Unexpected error: Unsupported date/time subtype: gDay
  FAIL K-gDayEQ-3: Unexpected error: Unsupported date/time subtype: gDay
  FAIL K-gDayEQ-4: Unexpected error: Unsupported date/time subtype: gDay
  FAIL K-gDayEQ-5: Unexpected error: Unsupported date/time subtype: gDay
  FAIL K-gDayEQ-6: Unexpected error: Unsupported date/time subtype: gDay
  FAIL K-gDayEQ-7: Unexpected error: Unsupported date/time subtype: gDay
  FAIL K-gDayEQ-8: Unexpected error: Unsupported date/time subtype: gDay
  FAIL cbcl-gDay-equal-002: Unexpected error: Unsupported date/time subtype: gDay
  FAIL cbcl-gDay-equal-003: Unexpected error: Unsupported date/time subtype: gDay
  FAIL cbcl-gDay-equal-004: Unexpected error: Unsupported date/time subtype: gDay
  FAIL cbcl-gDay-equal-005: Unexpected error: Unsupported date/time subtype: gDay
  FAIL cbcl-gDay-equal-007: Unexpected error: Unsupported date/time subtype: gDay
  FAIL cbcl-gDay-equal-008: Unexpected error: Unsupported date/time subtype: gDay
  FAIL cbcl-gDay-equal-009: Unexpected error: Unsupported date/time subtype: gDay
  FAIL cbcl-gDay-equal-010: Unexpected error: Unsupported date/time subtype: gDay
  FAIL cbcl-gDay-equal-015: Unexpected error: Unsupported date/time subtype: gDay
  FAIL cbcl-gDay-equal-016: Unexpected error: Unsupported date/time subtype: gDay
  FAIL cbcl-gDay-equal-017: Unexpected error: Unsupported date/time subtype: gDay
  FAIL cbcl-gDay-equal-018: Unexpected error: Unsupported date/time subtype: gDay
  FAIL cbcl-gDay-equal-019: Unexpected error: Unsupported date/time subtype: gDay
  FAIL cbcl-gDay-equal-020: Unexpected error: Unsupported date/time subtype: gDay
  FAIL op-gMonth-equal2args-1: Unexpected error: Unsupported date/time subtype: gMonth
  FAIL op-gMonth-equal2args-2: Unexpected error: Unsupported date/time subtype: gMonth
  FAIL op-gMonth-equal2args-3: Unexpected error: Unsupported date/time subtype: gMonth
  FAIL op-gMonth-equal2args-4: Unexpected error: Unsupported date/time subtype: gMonth
  FAIL op-gMonth-equal2args-5: Unexpected error: Unsupported date/time subtype: gMonth
  FAIL op-gMonth-equal2args-6: Unexpected error: Unsupported date/time subtype: gMonth
  FAIL op-gMonth-equal2args-7: Unexpected error: Unsupported date/time subtype: gMonth
  FAIL op-gMonth-equal2args-8: Unexpected error: Unsupported date/time subtype: gMonth
  FAIL op-gMonth-equal2args-9: Unexpected error: Unsupported date/time subtype: gMonth
  FAIL op-gMonth-equal2args-10: Unexpected error: Unsupported date/time subtype: gMonth
  FAIL op-gMonth-equal-2: Unexpected error: Unsupported date/time subtype: gMonth
  FAIL op-gMonth-equal-3: Unexpected error: Unsupported date/time subtype: gMonth
  FAIL op-gMonth-equal-4: Unexpected error: Unsupported date/time subtype: gMonth
  FAIL op-gMonth-equal-5: Unexpected error: Unsupported date/time subtype: gMonth
  FAIL op-gMonth-equal-6: Unexpected error: Unsupported date/time subtype: gMonth
  FAIL op-gMonth-equal-7: Unexpected error: Unsupported date/time subtype: gMonth
  FAIL op-gMonth-equal-8: Unexpected error: Unsupported date/time subtype: gMonth
  FAIL op-gMonth-equal-9: Unexpected error: Unsupported date/time subtype: gMonth
  FAIL op-gMonth-equal-10: Unexpected error: Unsupported date/time subtype: gMonth
  FAIL op-gMonth-equal-11: Unexpected error: Unsupported date/time subtype: gMonth
  FAIL op-gMonth-equal-12: Unexpected error: Unsupported date/time subtype: gMonth
  FAIL op-gMonth-equal-13: Unexpected error: Unsupported date/time subtype: gMonth
  FAIL op-gMonth-equal-14: Unexpected error: Unsupported date/time subtype: gMonth
  FAIL K-gMonthEQ-1: Unexpected error: Unsupported date/time subtype: gMonth
  FAIL K-gMonthEQ-2: Unexpected error: Unsupported date/time subtype: gMonth
  FAIL K-gMonthEQ-3: Unexpected error: Unsupported date/time subtype: gMonth
  FAIL K-gMonthEQ-4: Unexpected error: Unsupported date/time subtype: gMonth
  FAIL K-gMonthEQ-5: Unexpected error: Unsupported date/time subtype: gMonth
  FAIL K-gMonthEQ-6: Unexpected error: Unsupported date/time subtype: gMonth
  FAIL K-gMonthEQ-7: Unexpected error: Unsupported date/time subtype: gMonth
  FAIL K-gMonthEQ-8: Unexpected error: Unsupported date/time subtype: gMonth
  FAIL cbcl-gMonth-equal-002: Unexpected error: Unsupported date/time subtype: gMonth
  FAIL cbcl-gMonth-equal-003: Unexpected error: Unsupported date/time subtype: gMonth
  FAIL cbcl-gMonth-equal-004: Unexpected error: Unsupported date/time subtype: gMonth
  FAIL cbcl-gMonth-equal-005: Unexpected error: Unsupported date/time subtype: gMonth
  FAIL cbcl-gMonth-equal-007: Unexpected error: Unsupported date/time subtype: gMonth
  FAIL cbcl-gMonth-equal-008: Unexpected error: Unsupported date/time subtype: gMonth
  FAIL cbcl-gMonth-equal-009: Unexpected error: Unsupported date/time subtype: gMonth
  FAIL cbcl-gMonth-equal-010: Unexpected error: Unsupported date/time subtype: gMonth
  FAIL op-gMonthDay-equal2args-1: Unexpected error: Unsupported date/time subtype: gMonthDay
  FAIL op-gMonthDay-equal2args-2: Unexpected error: Unsupported date/time subtype: gMonthDay
  FAIL op-gMonthDay-equal2args-3: Unexpected error: Unsupported date/time subtype: gMonthDay
  FAIL op-gMonthDay-equal2args-4: Unexpected error: Unsupported date/time subtype: gMonthDay
  FAIL op-gMonthDay-equal2args-5: Unexpected error: Unsupported date/time subtype: gMonthDay
  FAIL op-gMonthDay-equal2args-6: Unexpected error: Unsupported date/time subtype: gMonthDay
  FAIL op-gMonthDay-equal2args-7: Unexpected error: Unsupported date/time subtype: gMonthDay
  FAIL op-gMonthDay-equal2args-8: Unexpected error: Unsupported date/time subtype: gMonthDay
  FAIL op-gMonthDay-equal2args-9: Unexpected error: Unsupported date/time subtype: gMonthDay
  FAIL op-gMonthDay-equal2args-10: Unexpected error: Unsupported date/time subtype: gMonthDay
  FAIL op-gMonthDay-equal-2: Unexpected error: Unsupported date/time subtype: gMonthDay
  FAIL op-gMonthDay-equal-3: Unexpected error: Unsupported date/time subtype: gMonthDay
  FAIL op-gMonthDay-equal-4: Unexpected error: Unsupported date/time subtype: gMonthDay
  FAIL op-gMonthDay-equal-5: Unexpected error: Unsupported date/time subtype: gMonthDay
  FAIL op-gMonthDay-equal-6: Unexpected error: Unsupported date/time subtype: gMonthDay
  FAIL op-gMonthDay-equal-7: Unexpected error: Unsupported date/time subtype: gMonthDay
  FAIL op-gMonthDay-equal-8: Unexpected error: Unsupported date/time subtype: gMonthDay
  FAIL op-gMonthDay-equal-9: Unexpected error: Unsupported date/time subtype: gMonthDay
  FAIL op-gMonthDay-equal-10: Unexpected error: Unsupported date/time subtype: gMonthDay
  FAIL op-gMonthDay-equal-11: Unexpected error: Unsupported date/time subtype: gMonthDay
  FAIL op-gMonthDay-equal-12: Unexpected error: Unsupported date/time subtype: gMonthDay
  FAIL op-gMonthDay-equal-13: Unexpected error: Unsupported date/time subtype: gMonthDay
  FAIL op-gMonthDay-equal-14: Unexpected error: Unsupported date/time subtype: gMonthDay
  FAIL K-gMonthDayEQ-1: Unexpected error: Unsupported date/time subtype: gMonthDay
  FAIL K-gMonthDayEQ-2: Unexpected error: Unsupported date/time subtype: gMonthDay
  FAIL K-gMonthDayEQ-3: Unexpected error: Unsupported date/time subtype: gMonthDay
  FAIL K-gMonthDayEQ-4: Unexpected error: Unsupported date/time subtype: gMonthDay
  FAIL K-gMonthDayEQ-5: Unexpected error: Unsupported date/time subtype: gMonthDay
  FAIL K-gMonthDayEQ-6: Unexpected error: Unsupported date/time subtype: gMonthDay
  FAIL K-gMonthDayEQ-7: Unexpected error: Unsupported date/time subtype: gMonthDay
  FAIL K-gMonthDayEQ-8: Unexpected error: Unsupported date/time subtype: gMonthDay
  FAIL cbcl-gMonthDay-equal-002: Unexpected error: Unsupported date/time subtype: gMonthDay
  FAIL cbcl-gMonthDay-equal-003: Unexpected error: Unsupported date/time subtype: gMonthDay
  FAIL cbcl-gMonthDay-equal-004: Unexpected error: Unsupported date/time subtype: gMonthDay
  FAIL cbcl-gMonthDay-equal-005: Unexpected error: Unsupported date/time subtype: gMonthDay
  FAIL cbcl-gMonthDay-equal-007: Unexpected error: Unsupported date/time subtype: gMonthDay
  FAIL cbcl-gMonthDay-equal-008: Unexpected error: Unsupported date/time subtype: gMonthDay
  FAIL cbcl-gMonthDay-equal-009: Unexpected error: Unsupported date/time subtype: gMonthDay
  FAIL cbcl-gMonthDay-equal-010: Unexpected error: Unsupported date/time subtype: gMonthDay
  FAIL cbcl-gMonthDay-equal-015: Unexpected error: Unsupported date/time subtype: gMonthDay
  FAIL cbcl-gMonthDay-equal-016: Unexpected error: Unsupported date/time subtype: gMonthDay
  FAIL cbcl-gMonthDay-equal-017: Unexpected error: Unsupported date/time subtype: gMonthDay
  FAIL cbcl-gMonthDay-equal-018: Unexpected error: Unsupported date/time subtype: gMonthDay
  FAIL cbcl-gMonthDay-equal-019: Unexpected error: Unsupported date/time subtype: gMonthDay
  FAIL cbcl-gMonthDay-equal-020: Unexpected error: Unsupported date/time subtype: gMonthDay
  FAIL op-gYear-equal2args-1: Unexpected error: Unsupported date/time subtype: gYear
  FAIL op-gYear-equal2args-2: Unexpected error: Unsupported date/time subtype: gYear
  FAIL op-gYear-equal2args-3: Unexpected error: Unsupported date/time subtype: gYear
  FAIL op-gYear-equal2args-4: Unexpected error: Unsupported date/time subtype: gYear
  FAIL op-gYear-equal2args-5: Unexpected error: Unsupported date/time subtype: gYear
  FAIL op-gYear-equal2args-6: Unexpected error: Unsupported date/time subtype: gYear
  FAIL op-gYear-equal2args-7: Unexpected error: Unsupported date/time subtype: gYear
  FAIL op-gYear-equal2args-8: Unexpected error: Unsupported date/time subtype: gYear
  FAIL op-gYear-equal2args-9: Unexpected error: Unsupported date/time subtype: gYear
  FAIL op-gYear-equal2args-10: Unexpected error: Unsupported date/time subtype: gYear
  FAIL op-gYear-equal-1: Unexpected error: Unsupported date/time subtype: gYear
  FAIL op-gYear-equal-2: Unexpected error: Unsupported date/time subtype: gYear
  FAIL op-gYear-equalNew-3: Unexpected error: Unsupported date/time subtype: gYear
  FAIL op-gYear-equalNew-4: Unexpected error: Unsupported date/time subtype: gYear
  FAIL op-gYear-equal-5: Unexpected error: Unsupported date/time subtype: gYear
  FAIL op-gYear-equalNew-6: Unexpected error: Unsupported date/time subtype: gYear
  FAIL op-gYear-equalNew-7: Unexpected error: Unsupported date/time subtype: gYear
  FAIL op-gYear-equal-8: Unexpected error: Unsupported date/time subtype: gYear
  FAIL op-gYear-equalNew-9: Unexpected error: Unsupported date/time subtype: gYear
  FAIL op-gYear-equal-10: Unexpected error: Unsupported date/time subtype: gYear
  FAIL op-gYear-equal-11: Unexpected error: Unsupported date/time subtype: gYear
  FAIL op-gYear-equalNew-12: Unexpected error: Unsupported date/time subtype: gYear
  FAIL op-gYear-equal-13: Unexpected error: Unsupported date/time subtype: gYear
  FAIL op-gYear-equal-14: Unexpected error: Unsupported date/time subtype: gYear
  FAIL K-gYearEQ-1: Unexpected error: Unsupported date/time subtype: gYear
  FAIL K-gYearEQ-2: Unexpected error: Unsupported date/time subtype: gYear
  FAIL K-gYearEQ-3: Unexpected error: Unsupported date/time subtype: gYear
  FAIL K-gYearEQ-4: Unexpected error: Unsupported date/time subtype: gYear
  FAIL K-gYearEQ-5: Unexpected error: Unsupported date/time subtype: gYear
  FAIL K-gYearEQ-6: Unexpected error: Unsupported date/time subtype: gYear
  FAIL K-gYearEQ-7: Unexpected error: Unsupported date/time subtype: gYear
  FAIL K-gYearEQ-8: Unexpected error: Unsupported date/time subtype: gYear
  FAIL cbcl-gYear-equal-002: Unexpected error: Unsupported date/time subtype: gYear
  FAIL cbcl-gYear-equal-003: Unexpected error: Unsupported date/time subtype: gYear
  FAIL cbcl-gYear-equal-004: Unexpected error: Unsupported date/time subtype: gYear
  FAIL cbcl-gYear-equal-005: Unexpected error: Unsupported date/time subtype: gYear
  FAIL cbcl-gYear-equal-007: Unexpected error: Unsupported date/time subtype: gYear
  FAIL cbcl-gYear-equal-008: Unexpected error: Unsupported date/time subtype: gYear
  FAIL cbcl-gYear-equal-009: Unexpected error: Unsupported date/time subtype: gYear
  FAIL cbcl-gYear-equal-010: Unexpected error: Unsupported date/time subtype: gYear
  FAIL op-gYearMonth-equal2args-1: Unexpected error: Unsupported date/time subtype: gYearMonth
  FAIL op-gYearMonth-equal2args-2: Unexpected error: Unsupported date/time subtype: gYearMonth
  FAIL op-gYearMonth-equal2args-3: Unexpected error: Unsupported date/time subtype: gYearMonth
  FAIL op-gYearMonth-equal2args-4: Unexpected error: Unsupported date/time subtype: gYearMonth
  FAIL op-gYearMonth-equal2args-5: Unexpected error: Unsupported date/time subtype: gYearMonth
  FAIL op-gYearMonth-equal2args-6: Unexpected error: Unsupported date/time subtype: gYearMonth
  FAIL op-gYearMonth-equal2args-7: Unexpected error: Unsupported date/time subtype: gYearMonth
  FAIL op-gYearMonth-equal2args-8: Unexpected error: Unsupported date/time subtype: gYearMonth
  FAIL op-gYearMonth-equal2args-9: Unexpected error: Unsupported date/time subtype: gYearMonth
  FAIL op-gYearMonth-equal2args-10: Unexpected error: Unsupported date/time subtype: gYearMonth
  FAIL op-gYearMonth-equalNew-1: Unexpected error: Unsupported date/time subtype: gYearMonth
  FAIL op-gYearMonth-equalNew-2: Unexpected error: Unsupported date/time subtype: gYearMonth
  FAIL op-gYearMonth-equalNew-3: Unexpected error: Unsupported date/time subtype: gYearMonth
  FAIL op-gYearMonth-equalNew-4: Unexpected error: Unsupported date/time subtype: gYearMonth
  FAIL op-gYearMonth-equalNew-5: Unexpected error: Unsupported date/time subtype: gYearMonth
  FAIL op-gYearMonth-equalNew-6: Unexpected error: Unsupported date/time subtype: gYearMonth
  FAIL op-gYearMonth-equalNew-7: Unexpected error: Unsupported date/time subtype: gYearMonth
  FAIL op-gYearMonth-equalNew-8: Unexpected error: Unsupported date/time subtype: gYearMonth
  FAIL op-gYearMonth-equalNew-9: Unexpected error: Unsupported date/time subtype: gYearMonth
  FAIL op-gYearMonth-equalNew-10: Unexpected error: Unsupported date/time subtype: gYearMonth
  FAIL op-gYearMonth-equalNew-11: Unexpected error: Unsupported date/time subtype: gYearMonth
  FAIL op-gYearMonth-equalNew-12: Unexpected error: Unsupported date/time subtype: gYearMonth
  FAIL op-gYearMonth-equalNew-13: Unexpected error: Unsupported date/time subtype: gYearMonth
  FAIL op-gYearMonth-equalNew-14: Unexpected error: Unsupported date/time subtype: gYearMonth
  FAIL K-gYearMonthEQ-1: Unexpected error: Unsupported date/time subtype: gYearMonth
  FAIL K-gYearMonthEQ-2: Unexpected error: Unsupported date/time subtype: gYearMonth
  FAIL K-gYearMonthEQ-3: Unexpected error: Unsupported date/time subtype: gYearMonth
  FAIL K-gYearMonthEQ-4: Unexpected error: Unsupported date/time subtype: gYearMonth
  FAIL K-gYearMonthEQ-5: Unexpected error: Unsupported date/time subtype: gYearMonth
  FAIL K-gYearMonthEQ-6: Unexpected error: Unsupported date/time subtype: gYearMonth
  FAIL K-gYearMonthEQ-7: Unexpected error: Unsupported date/time subtype: gYearMonth
  FAIL K-gYearMonthEQ-8: Unexpected error: Unsupported date/time subtype: gYearMonth
  FAIL cbcl-gYearMonth-equal-002: Unexpected error: Unsupported date/time subtype: gYearMonth
  FAIL cbcl-gYearMonth-equal-003: Unexpected error: Unsupported date/time subtype: gYearMonth
  FAIL cbcl-gYearMonth-equal-004: Unexpected error: Unsupported date/time subtype: gYearMonth
  FAIL cbcl-gYearMonth-equal-005: Unexpected error: Unsupported date/time subtype: gYearMonth
  FAIL cbcl-gYearMonth-equal-007: Unexpected error: Unsupported date/time subtype: gYearMonth
  FAIL cbcl-gYearMonth-equal-008: Unexpected error: Unsupported date/time subtype: gYearMonth
  FAIL cbcl-gYearMonth-equal-009: Unexpected error: Unsupported date/time subtype: gYearMonth
  FAIL cbcl-gYearMonth-equal-010: Unexpected error: Unsupported date/time subtype: gYearMonth
  FAIL hexBinary-gt-25: Expected error XPTY0004 but succeeded
  FAIL hexBinary-gt-26: Expected error XPTY0004 but succeeded
  FAIL hexBinary-lt-25: Expected error XPTY0004 but succeeded
  FAIL hexBinary-lt-26: Expected error XPTY0004 but succeeded
  FAIL fn-intersect-node-args-006: assert-string-value failed. Expected: 'PI1', Got: 'PI1 PI2'
  FAIL fn-intersect-node-args-015: assert-xml failed. Expected: <atomic:integer xmlns:foo="http://www.example.com/foo" xmlns:xsi="http://www.w3.org/2001/XMLSchema-instance" xmlns:atomic="http://www.w3.org/XQueryTest">12678967543233</atomic:integer>, Got: <atomic:integer xmlns:atomic="http://www.w3.org/XQueryTest">12678967543233</atomic:integer>
  FAIL fn-intersect-node-args-016: assert-xml failed. Expected: <atomic:integer xmlns:foo="http://www.example.com/foo" xmlns:xsi="http://www.w3.org/2001/XMLSchema-instance" xmlns:atomic="http://www.w3.org/XQueryTest">12678967543233</atomic:integer>, Got: <atomic:integer xmlns:atomic="http://www.w3.org/XQueryTest">12678967543233</atomic:integer>
  FAIL K2-SeqIntersect-1: Expected error XPTY0004 but succeeded
  FAIL K2-SeqIntersect-43: Expected error XPTY0004 but succeeded
  FAIL K2-SeqIntersect-44: Expected error XPTY0004 but succeeded
  FAIL nodeexpression12: Unexpected error: Variable $works is not defined.
  FAIL nodeexpression15: Unexpected error: Variable $staff is not defined.
  FAIL K-NodeSame-6: Expected error XPST0017, got: Parse error at position 0: XPST0003: Unexpected token ValueIs in primary expression
  FAIL op-multiply-yearMonthDuration-1: assert-string-value failed. Expected: 'P6Y9M', Got: 'P6Y8M'
  FAIL op-multiply-yearMonthDuration-19: Expected error FOCA0005 but succeeded
  FAIL op-multiply-yearMonthDuration-20: assert-string-value failed. Expected: '-P4M -P3M -P3M -P1M P0M P0M P0M P1M P1M P3M P4M P4M', Got: '-P4M -P4M -P3M -P1M P0M P0M P0M P0M P1M P3M P4M P4M'
  FAIL K-YearMonthDurationMultiply-5: Expected error FODT0002 but succeeded
  FAIL K-YearMonthDurationMultiply-7: Expected error FOCA0005 but succeeded
  FAIL K-YearMonthDurationMultiply-8: Expected error XPTY0004 but succeeded
  FAIL K-YearMonthDurationMultiply-9: Expected error XPTY0004 but succeeded
  FAIL cbcl-multiply-yearMonthDuration-003: Expected error FOCA0005 but succeeded
  FAIL cbcl-multiply-yearMonthDuration-006: Expected error FOCA0005 but succeeded
  FAIL nodeexpression44: any-of: none matched. [Unexpected error: Variable $works is not defined.; Unexpected error: Variable $works is not defined.]
  FAIL nodeexpression47: Unexpected error: Variable $works is not defined.
  FAIL nodeexpression28: any-of: none matched. [Unexpected error: Variable $works is not defined.; Unexpected error: Variable $works is not defined.]
  FAIL nodeexpression31: Unexpected error: Variable $works is not defined.
  FAIL op-numeric-addmix2args-2: Expected error XPTY0004 but succeeded
  FAIL K-NumericAdd-37: Expected error XPTY0004 but succeeded
  FAIL K-NumericAdd-39: any-of: none matched. [Expected error XPTY0004 but succeeded; Expected error XPST0005 but succeeded]
  FAIL K-NumericAdd-43: Expected error XPTY0004 but succeeded
  FAIL K-NumericAdd-44: Expected error XPTY0004 but succeeded
  FAIL K2-NumericAdd-1: Expected error XPTY0004 but succeeded
  FAIL K-NumericEqual-44: Expected error XPTY0004 but succeeded
  FAIL op-numeric-dividemix2args-2: Expected error XPTY0004 but succeeded
  FAIL K-NumericDivide-32: Expected error XPTY0004 but succeeded
  FAIL K-NumericDivide-33: Expected error XPTY0004 but succeeded
  FAIL K-NumericDivide-37: Expected error XPST0003 but succeeded
  FAIL op-numeric-divide-1: assert-string-value failed. Expected: 'decimal decimal float double double decimal decimal float double double float float float double double double double double double double double double double double double', Got: 'decimal decimal float double decimal decimal decimal float double decimal float float float double float double double double double double decimal decimal float double decimal'
  FAIL K2-NumericGT-1: Unexpected error: Cannot cast '18446744073709551615' to unsignedLong.
  FAIL K2-NumericGT-2: Unexpected error: Cannot cast '18446744073709551615' to unsignedLong.
  FAIL op-numeric-integer-dividemix2args-2: Expected error XPTY0004 but succeeded
  FAIL op-numeric-integer-divide-1: Expected error FOAR0002 but succeeded
  FAIL K-NumericIntegerDivide-31: Expected error FOAR0002 but succeeded
  FAIL K-NumericIntegerDivide-32: Expected error FOAR0002 but succeeded
  FAIL K-NumericIntegerDivide-33: Expected error FOAR0002 but succeeded
  FAIL K-NumericIntegerDivide-34: Expected error FOAR0002 but succeeded
  FAIL K-NumericIntegerDivide-37: Expected error FOAR0002 but succeeded
  FAIL K-NumericIntegerDivide-38: Expected error FOAR0002 but succeeded
  FAIL K-NumericIntegerDivide-39: Expected error FOAR0002 but succeeded
  FAIL K-NumericIntegerDivide-40: Expected error FOAR0002 but succeeded
  FAIL K-NumericIntegerDivide-43: Expected error XPST0003 but succeeded
  FAIL K-NumericIntegerDivide-46: Expected error XPTY0004 but succeeded
  FAIL K-NumericIntegerDivide-47: Expected error XPTY0004 but succeeded
  FAIL K2-NumericIntegerDivide-5: Expected error FOAR0001 but succeeded
  FAIL K2-NumericIntegerDivide-6: Expected error FOAR0001 but succeeded
  FAIL K2-NumericIntegerDivide-7: Expected error FOAR0001 but succeeded
  FAIL K2-NumericIntegerDivide-8: Expected error FOAR0001 but succeeded
  FAIL op-numeric-integer-dividefloat2args-1: Expected error FOAR0002 but succeeded
  FAIL op-numeric-integer-dividefloat2args-2: Expected error FOAR0002 but succeeded
  FAIL op-numeric-integer-dividefloat2args-3: Expected error FOAR0001 but succeeded
  FAIL op-numeric-integer-dividefloat2args-4: Expected error FOAR0001 but succeeded
  FAIL op-numeric-integer-dividedouble2args-1: Expected error FOAR0002 but succeeded
  FAIL op-numeric-integer-dividedouble2args-2: Expected error FOAR0002 but succeeded
  FAIL op-numeric-integer-dividedouble2args-3: Expected error FOAR0001 but succeeded
  FAIL op-numeric-integer-dividedouble2args-4: Expected error FOAR0001 but succeeded
  FAIL cbcl-numeric-idivide-008: any-of: none matched. [Expected error FOAR0002 but succeeded; Expected error FOCA0002 but succeeded; assert failed. Expression: matches(string($result), '^[0-9]{75,76}$'), Got: false]
  FAIL K2-NumericLT-1: Unexpected error: Cannot cast '18446744073709551615' to unsignedLong.
  FAIL K2-NumericLT-2: Unexpected error: Cannot cast '18446744073709551615' to unsignedLong.
  FAIL op-numeric-modmix2args-2: Expected error XPTY0004 but succeeded
  FAIL K-NumericMod-22: Expected error XPST0003 but succeeded
  FAIL K-NumericMod-24: Expected error XPTY0004 but succeeded
  FAIL K-NumericMod-25: Expected error XPTY0004 but succeeded
  FAIL op-numeric-multiplymix2args-2: Expected error XPTY0004 but succeeded
  FAIL K-NumericMultiply-28: Expected error XPTY0004 but succeeded
  FAIL K-NumericMultiply-29: Expected error XPTY0004 but succeeded
  FAIL op-numeric-subtractmix2args-2: Expected error XPTY0004 but succeeded
  FAIL K-NumericSubtract-25: Expected error XPTY0004 but succeeded
  FAIL K-NumericSubtract-26: Expected error XPTY0004 but succeeded
  FAIL K2-NumericUnaryMinus-9: Unexpected error: Cannot convert Undefined to integer
  FAIL K-NumericUnaryPlus-1: Expected error XPTY0004 but succeeded
  FAIL op-qname-equal-3: assert-false failed. Got: true
  FAIL op-qname-equal-4: assert-true failed. Got: false
  FAIL op-qname-equal-9: assert-true failed. Got: false
  FAIL op-qname-equal-10: assert-false failed. Got: true
  FAIL op-qname-equal-15: assert-false failed. Got: true
  FAIL op-qname-equal-16: assert-true failed. Got: false
  FAIL op-qname-equal-17: assert-false failed. Got: true
  FAIL op-qname-equal-18: assert-true failed. Got: false
  FAIL K-QNameEQ-2: assert-true failed. Got: false
  FAIL K-QNameEQ-3: assert-true failed. Got: false
  FAIL K-QNameEQ-7: Expected error XPTY0004 but succeeded
  FAIL K-QNameEQ-8: Expected error XPTY0004 but succeeded
  FAIL K-QNameEQ-9: Expected error XPTY0004 but succeeded
  FAIL K-QNameEQ-10: Expected error XPTY0004 but succeeded
  FAIL K2-StringLT-1: assert-true failed. Got: false
  FAIL K-DatesSubtract-1: assert-true failed. Got: false
  FAIL cbcl-subtract-dates-003: assert-string-value failed. Expected: 'P2192DT1H', Got: 'P2192DT2H'
  FAIL cbcl-subtract-dates-004: assert-string-value failed. Expected: '-P2192DT1H', Got: '-P2192DT2H'
  FAIL cbcl-subtract-dateTimes-003: assert-string-value failed. Expected: 'P2192DT1H', Got: 'P2192DT2H'
  FAIL cbcl-subtract-dateTimes-004: assert-string-value failed. Expected: '-P2192DT1H', Got: '-P2192DT2H'
  FAIL op-subtract-dayTimeDuration-from-date-1: assert-string-value failed. Expected: '2000-10-26', Got: '2000-10-26+01:00'
  FAIL K-DateSubtractDTD-1: assert-true failed. Got: false
  FAIL op-subtract-dayTimeDuration-from-dateTime-1: assert-string-value failed. Expected: '2000-10-27T09:57:00', Got: '2000-10-27T09:57:00+01:00'
  FAIL K-TimeSubtractDTD-2: Expected error XPTY0004 but succeeded
  FAIL K-TimeSubtractDTD-3: Expected error XPTY0004 but succeeded
  FAIL cbcl-subtract-times-001: assert-string-value failed. Expected: '-PT1H', Got: '-PT3H'
  FAIL cbcl-subtract-times-002: assert-string-value failed. Expected: 'PT1H', Got: 'PT3H'
  FAIL op-subtract-yearMonthDuration-from-date-1: assert-string-value failed. Expected: '1999-08-30', Got: '1999-08-30+01:00'
  FAIL K-DateSubtractYMD-1: assert-true failed. Got: false
  FAIL op-subtract-yearMonthDuration-from-dateTime-1: assert-string-value failed. Expected: '1999-08-30T11:12:00', Got: '1999-08-30T11:12:00+01:00'
  FAIL K-DateTimeSubtractYMD-1: assert-true failed. Got: false
  FAIL rangeExpr-34: assert-eq failed. Expected: it is already, Got: it is (sequence)already
  FAIL K-RangeExpr-31: Unexpected error: Parse error at position 10: XPST0003: Expected RParen but found Dot
  FAIL K-RangeExpr-33: Expected error XPTY0004 but succeeded
  FAIL K-RangeExpr-34: Expected error XPTY0004 but succeeded
  FAIL K-RangeExpr-35: Expected error XPTY0004 but succeeded
  FAIL K-RangeExpr-36: Expected error XPTY0004 but succeeded
  FAIL K2-RangeExpr-1: Expected error XPTY0004 but succeeded
  FAIL K2-RangeExpr-2: Expected error XPTY0004 but succeeded
  FAIL fn-union-node-args-003: assert failed. Expression: $result[1][self::document-node()][bib/book[1]/@year = "1994"], Got: 
    
        TCP/IP Illustrated
        StevensW.
        Addison-Wesley
         65.95
    
 
    
        Advanced Programming in the Unix environment
        StevensW.
        Addison-Wesley
        65.95
    
 
    
        Data on the Web
        AbiteboulSerge
        BunemanPeter
        SuciuDan
        Morgan Kaufmann Publishers
         39.95
    
 
    
        The Economics of Technology and Content for Digital TV
        
               GerbargDarcy
                CITI
        
            Kluwer Academic Publishers
        129.95
    

  FAIL fn-union-node-args-006: assert-xml failed. Expected: <?PI1 Processing Instruction 1?><title>Data on the Web</title>, Got: <?PI1 Processing Instruction 1?><title>Data on the Web</title><?PI2 Processing Instruction 2?>
  FAIL fn-union-node-args-010: assert-xml failed. Expected: <?PI1 Processing Instruction 1?><title>Data on the Web</title>, Got: <?PI1 Processing Instruction 1?><title>Data on the Web</title><?PI2 Processing Instruction 2?>
  FAIL fn-union-node-args-015: assert-xml failed. Expected: <atomic:integer xmlns:foo="http://www.example.com/foo" xmlns:xsi="http://www.w3.org/2001/XMLSchema-instance" xmlns:atomic="http://www.w3.org/XQueryTest">12678967543233</atomic:integer>, Got: <atomic:integer xmlns:atomic="http://www.w3.org/XQueryTest">12678967543233</atomic:integer>
  FAIL fn-union-node-args-016: assert-xml failed. Expected: <atomic:integer xmlns:foo="http://www.example.com/foo" xmlns:xsi="http://www.w3.org/2001/XMLSchema-instance" xmlns:atomic="http://www.w3.org/XQueryTest">12678967543233</atomic:integer>, Got: <atomic:integer xmlns:atomic="http://www.w3.org/XQueryTest">12678967543233</atomic:integer>
  FAIL fn-union-node-args-017: assert-xml failed. Expected: <atomic:string xmlns:atomic="http://www.w3.org/XQueryTest" xmlns:xsi="http://www.w3.org/2001/XMLSchema-instance" xmlns:foo="http://www.example.com/foo">A String Function</atomic:string><atomic:integer xmlns:atomic="http://www.w3.org/XQueryTest" xmlns:xsi="http://www.w3.org/2001/XMLSchema-instance" xmlns:foo="http://www.example.com/foo">12678967543233</atomic:integer>, Got: <atomic:string xmlns:atomic="http://www.w3.org/XQueryTest">A String Function</atomic:string><atomic:integer xmlns:atomic="http://www.w3.org/XQueryTest">12678967543233</atomic:integer>
  FAIL K2-SeqUnion-5: Expected error XPTY0004 but succeeded
  FAIL K2-SeqUnion-46: Expected error XPTY0004 but succeeded
  FAIL K2-SeqUnion-47: Expected error XPTY0004 but succeeded
  FAIL same-key-001: assert failed. Expression: map:keys($result)[deep-equal(.,"abc")] instance of xs:anyURI, Got: false
  FAIL same-key-003: Expected error XQDY0137 but succeeded
  FAIL same-key-007: assert failed. Expression: $result?(xs:decimal("1.1")) => empty(), Got: false
  FAIL same-key-008: assert failed. Expression: $result?((1 div (3 cast as xs:double))  cast as xs:decimal) eq "double", Got: 
  FAIL same-key-021: assert failed. Expression: $result?(xs:duration("P12M")) eq 5, Got: 
  FAIL same-key-022: assert failed. Expression: map:size($result) eq 1, Got: false
  FAIL same-key-027: Expected error XQDY0137 but succeeded
  FAIL same-key-028: Expected error XQDY0137 but succeeded
  FAIL outer-019: Expected error FORG0005, got: Parse error at position 7: XPST0003: Expected KeywordIn but found Name
  FAIL ArrayTest-038: assert-true failed. Got: false
  FAIL ArrayTest-039: assert-true failed. Got: false
  FAIL ArrayTest-040: assert-true failed. Got: false
  FAIL ArrayTest-042: assert-true failed. Got: false
  FAIL ArrayTest-043: assert-true failed. Got: false
  FAIL ArrayTest-044: Expected error FORG0006 but succeeded
  FAIL ArrayTest-045: Unexpected error: XPTY0004
  FAIL ArrayTest-046: Unexpected error: XPTY0004
  FAIL ArrayTest-052: Unexpected error: Cannot access FunctionValue on XDM value of kind 'Array'
  FAIL ArrayTest-053: Unexpected error: Cannot access FunctionValue on XDM value of kind 'Array'
  FAIL ArrayTest-054: Unexpected error: Cannot access FunctionValue on XDM value of kind 'Array'
  FAIL ArrayTest-056: assert-true failed. Got: false
  FAIL ArrayTest-057: assert-true failed. Got: false
  FAIL ArrayTest-058: assert-true failed. Got: false
  FAIL ArrayTest-060: assert-true failed. Got: false
  FAIL ArrayTest-062: assert-true failed. Got: false
  FAIL ArrayTest-063: assert-true failed. Got: false
  FAIL ArrayTest-065: assert-true failed. Got: false
  FAIL ArrayTest-066: assert-true failed. Got: false
  FAIL ArrayTest-076: Unexpected error: XPTY0004
  FAIL ArrayTest-077: Unexpected error: XPTY0004
  FAIL ArrayTest-078: Unexpected error: XPTY0004
  FAIL ArrayTest-080: Unexpected error: XPTY0004
  FAIL ArrayTest-082: Unexpected error: XPTY0004
  FAIL ArrayTest-083: Unexpected error: XPTY0004
  FAIL ArrayTest-085: Unexpected error: XPTY0004
  FAIL ArrayTest-086: Unexpected error: XPTY0004
  FAIL ArrayTest-088: Unexpected error: XPTY0004
  FAIL ArrowPostfix-008: Expected error XPTY0004 but succeeded
  FAIL ArrowPostfix-020: Unexpected error: Cannot access FunctionValue on XDM value of kind 'Map'
  FAIL ArrowPostfix-021: Unexpected error: Cannot access FunctionValue on XDM value of kind 'Map'
  FAIL ArrowPostfix-022: Unexpected error: Cannot access FunctionValue on XDM value of kind 'Array'
  FAIL ArrowPostfix-023: Unexpected error: Cannot access FunctionValue on XDM value of kind 'Array'
  FAIL ArrowPostfix-107: Unexpected error: Cannot access FunctionValue on XDM value of kind 'Sequence'
  FAIL ArrowPostfix-109: Unexpected error: Cannot access FunctionValue on XDM value of kind 'Map'
  FAIL ArrowPostfix-110: Unexpected error: Cannot access FunctionValue on XDM value of kind 'Map'
  FAIL Axes126: assert-empty failed. Got: 
  FAIL K2-Axes-5: Expected error XPST0003 but succeeded
  FAIL K2-Axes-6: Expected error XPST0003 but succeeded
  FAIL K2-Axes-7: Expected error XPST0003 but succeeded
  FAIL K2-Axes-8: Expected error XPST0003 but succeeded
  FAIL K2-Axes-9: Expected error XPST0003 but succeeded
  FAIL K2-Axes-10: Expected error XPST0003 but succeeded
  FAIL K2-Axes-11: Expected error XPST0003 but succeeded
  FAIL K2-Axes-12: Expected error XPST0003 but succeeded
  FAIL K2-Axes-13: Expected error XPST0003 but succeeded
  FAIL K2-Axes-14: Expected error XPST0003 but succeeded
  FAIL K2-Axes-15: Expected error XPST0003 but succeeded
  FAIL K2-Axes-16: Expected error XPST0003 but succeeded
  FAIL K2-Axes-45: any-of: none matched. [assert-eq failed. Expected: 1, Got: ; Expected error XPDY0002 but succeeded]
  FAIL K2-Axes-50: Expected error XPTY0019 but succeeded
  FAIL K2-Axes-53: Expected error XPTY0019 but succeeded
  FAIL K2-Axes-90: Expected error XPST0003 but succeeded
  FAIL K2-Axes-91: Expected error XPST0003 but succeeded
  FAIL K2-Axes-94: Expected error XPDY0002 but succeeded
  FAIL K2-Axes-98: Expected error XPDY0002 but succeeded
  FAIL ST-Axes001: Expected error XPST0005 but succeeded
  FAIL ST-Axes002: Expected error XPST0005 but succeeded
  FAIL ST-Axes003: Expected error XPST0005 but succeeded
  FAIL ST-Axes004: Expected error XPST0005 but succeeded
  FAIL ST-Axes005: Expected error XPST0005 but succeeded
  FAIL ST-Axes006: Expected error XPST0005 but succeeded
  FAIL ST-Axes007: Expected error XPST0005 but succeeded
  FAIL ST-Axes008: Expected error XPST0005 but succeeded
  FAIL ST-Axes009: Expected error XPST0005 but succeeded
  FAIL ST-Axes010: Expected error XPST0005 but succeeded
  FAIL ST-Axes011: Expected error XPST0005 but succeeded
  FAIL ST-Axes012: Expected error XPST0005 but succeeded
  FAIL ST-Axes013: Expected error XPST0005 but succeeded
  FAIL ST-Axes014: Expected error XPST0005 but succeeded
  FAIL ST-Axes015: Expected error XPST0005 but succeeded
  FAIL unabbreviatedSyntax-30: assert-xml failed. Expected: <employee name="Jane Doe 9" gender="female">
   <empnum>E3</empnum>
   <pnum>P2</pnum>
   <hours>20</hours>
  </employee><employee name="John Doe 10" gender="male">
   <empnum>E3</empnum>
   <pnum>P2</pnum>
   <hours>20</hours>
  </employee>, Got: <employee name="Jane Doe 9" gender="female">
   <empnum>E3</empnum>
   <pnum>P2</pnum>
   <hours>20</hours>
  </employee><employee name="John Doe 10" gender="male">
   <empnum>E3</empnum>
   <pnum>P2</pnum>
   <hours>20</hours>
  </employee>
  FAIL K-BaseURIProlog-1: Unexpected error: Parse error at position 11: XPST0003: Unexpected token Name
  FAIL K-BaseURIProlog-2: Expected error XQST0032, got: Parse error at position 11: XPST0003: Unexpected token Name
  FAIL K-BaseURIProlog-3: Expected error XQST0032, got: Parse error at position 11: XPST0003: Unexpected token Name
  FAIL K2-BaseURIProlog-7: Expected error XPDY0002 but succeeded
  FAIL K-BoundarySpaceProlog-1: Unexpected error: Parse error at position 15: XPST0003: Unexpected token Name
  FAIL K-BoundarySpaceProlog-2: Unexpected error: Parse error at position 15: XPST0003: Unexpected token Name
  FAIL K-BoundarySpaceProlog-3: Expected error XQST0068, got: Parse error at position 15: XPST0003: Unexpected token Name
  FAIL K2-BoundarySpaceProlog-1: Expected error XPDY0002 but succeeded
  FAIL K-SeqExprCastable-20: assert-true failed. Got: false
  FAIL K-SeqExprCastable-35: assert-true failed. Got: false
  FAIL casthc9: assert-string-value failed. Expected: '2100', Got: '21'
  FAIL CastAs009: assert-string-value failed. Expected: '0.00001', Got: '1.0E-5'
  FAIL CastAs014: assert-string-value failed. Expected: '0.00001', Got: '1.0E-5'
  FAIL CastAs091: assert-string-value failed. Expected: '0.00001', Got: '1.0E-5'
  FAIL CastAs096: assert-string-value failed. Expected: '0.00001', Got: '1.0E-5'
  FAIL CastAs165: assert-string-value failed. Expected: '100000', Got: '1'
  FAIL CastAs199: assert-string-value failed. Expected: '100000', Got: '1'
  FAIL K-SeqExprCast-67: any-of: none matched. [Expected error XPTY0004 but succeeded; Expected error XPST0005 but succeeded]
  FAIL K-SeqExprCast-69: any-of: none matched. [Expected error XPTY0004 but succeeded; Expected error XPDY0002 but succeeded]
  FAIL K-SeqExprCast-307: Unexpected error: Unsupported date/time subtype: gMonthDay
  FAIL K-SeqExprCast-326: Unexpected error: Unsupported date/time subtype: gYear
  FAIL K-SeqExprCast-327: Unexpected error: Unsupported date/time subtype: gYear
  FAIL K-SeqExprCast-328: Unexpected error: Unsupported date/time subtype: gYearMonth
  FAIL K-SeqExprCast-329: Unexpected error: Unsupported date/time subtype: gYearMonth
  FAIL K-SeqExprCast-330: Unexpected error: Unsupported date/time subtype: gMonth
  FAIL K-SeqExprCast-331: Unexpected error: Unsupported date/time subtype: gMonth
  FAIL K-SeqExprCast-332: Unexpected error: Unsupported date/time subtype: gMonthDay
  FAIL K-SeqExprCast-333: Unexpected error: Unsupported date/time subtype: gMonthDay
  FAIL K-SeqExprCast-334: Unexpected error: Unsupported date/time subtype: gDay
  FAIL K-SeqExprCast-335: Unexpected error: Unsupported date/time subtype: gDay
  FAIL K-SeqExprCast-389: Unexpected error: Unsupported date/time subtype: gYear
  FAIL K-SeqExprCast-390: Unexpected error: Unsupported date/time subtype: gYear
  FAIL K-SeqExprCast-391: Unexpected error: Unsupported date/time subtype: gYearMonth
  FAIL K-SeqExprCast-392: Unexpected error: Unsupported date/time subtype: gYearMonth
  FAIL K-SeqExprCast-393: Unexpected error: Unsupported date/time subtype: gMonth
  FAIL K-SeqExprCast-394: Unexpected error: Unsupported date/time subtype: gMonth
  FAIL K-SeqExprCast-395: Unexpected error: Unsupported date/time subtype: gMonthDay
  FAIL K-SeqExprCast-396: Unexpected error: Unsupported date/time subtype: gMonthDay
  FAIL K-SeqExprCast-397: Unexpected error: Unsupported date/time subtype: gDay
  FAIL K-SeqExprCast-398: Unexpected error: Unsupported date/time subtype: gDay
  FAIL K-SeqExprCast-824: Unexpected error: Unsupported date/time subtype: gYearMonth
  FAIL K-SeqExprCast-826: Unexpected error: Unsupported date/time subtype: gYear
  FAIL K-SeqExprCast-828: Unexpected error: Unsupported date/time subtype: gMonthDay
  FAIL K-SeqExprCast-830: Unexpected error: Unsupported date/time subtype: gDay
  FAIL K-SeqExprCast-832: Unexpected error: Unsupported date/time subtype: gMonth
  FAIL K-SeqExprCast-928: Unexpected error: Unsupported date/time subtype: gYearMonth
  FAIL K-SeqExprCast-930: Unexpected error: Unsupported date/time subtype: gYear
  FAIL K-SeqExprCast-932: Unexpected error: Unsupported date/time subtype: gMonthDay
  FAIL K-SeqExprCast-934: Unexpected error: Unsupported date/time subtype: gDay
  FAIL K-SeqExprCast-936: Unexpected error: Unsupported date/time subtype: gMonth
  FAIL K-SeqExprCast-952: Unexpected error: Unsupported date/time subtype: gYearMonth
  FAIL K-SeqExprCast-954: Unexpected error: Unsupported date/time subtype: gYearMonth
  FAIL K-SeqExprCast-980: Unexpected error: Unsupported date/time subtype: gYearMonth
  FAIL K-SeqExprCast-1004: Unexpected error: Unsupported date/time subtype: gYear
  FAIL K-SeqExprCast-1006: Unexpected error: Unsupported date/time subtype: gYear
  FAIL K-SeqExprCast-1034: Unexpected error: Unsupported date/time subtype: gYear
  FAIL K-SeqExprCast-1056: Unexpected error: Unsupported date/time subtype: gMonthDay
  FAIL K-SeqExprCast-1058: Unexpected error: Unsupported date/time subtype: gMonthDay
  FAIL K-SeqExprCast-1088: Unexpected error: Unsupported date/time subtype: gMonthDay
  FAIL K-SeqExprCast-1108: Unexpected error: Unsupported date/time subtype: gDay
  FAIL K-SeqExprCast-1110: Unexpected error: Unsupported date/time subtype: gDay
  FAIL K-SeqExprCast-1142: Unexpected error: Unsupported date/time subtype: gDay
  FAIL K-SeqExprCast-1160: Unexpected error: Unsupported date/time subtype: gMonth
  FAIL K-SeqExprCast-1162: Unexpected error: Unsupported date/time subtype: gMonth
  FAIL K-SeqExprCast-1196: Unexpected error: Unsupported date/time subtype: gMonth
  FAIL K2-SeqExprCast-1: Unexpected error: XPTY0004
  FAIL K2-SeqExprCast-480: assert-string-value failed. Expected: 'xs:untypedAtomic 2002-10-10T23:02:12Z 2002-10-10Z 23:02:12Z P1Y PT1S P1M 3000 40000 2 16 0 -4 5 6 7 8 9 10 11 12 13 14 1976-02Z 2005-12:00 --12-25-14:00 ---25-14:00 --12-14:00 true aaaa FFFF http://example.com/ localName An xs:string normalizedString token language NMTOKEN Name NCName ID IDREF ENTITY', Got: 'xs:untypedAtomic 2002-10-10T23:02:12Z 2002-10-10Z 23:02:12Z P1Y PT1S P1M 3 4 2 16 0 -4 5 6 7 8 9 10 11 12 13 14 1976-02Z 2005-12:00 --12-25-14:00 ---25-14:00 --12-14:00 true aaaa FFFF http://example.com/ localName An xs:string normalizedString token language NMTOKEN Name NCName ID IDREF ENTITY'
  FAIL K-XQueryComment-14: Expected error XPST0003 but succeeded
  FAIL K-XQueryComment-15: Expected error XPST0003 but succeeded
  FAIL Constr-compattr-name-1: Unexpected error: Parse error at position 8: XPST0003: Unexpected token Name
  FAIL Constr-compattr-name-3: Expected error XPST0081, got: Parse error at position 8: XPST0003: Unexpected token Name
  FAIL Constr-compattr-compname-1: Expected error XPTY0004, got: Parse error at position 8: XPST0003: Unexpected token Name
  FAIL Constr-compattr-compname-2: Expected error XPTY0004, got: Parse error at position 8: XPST0003: Unexpected token Name
  FAIL Constr-compattr-compname-3: Expected error XPTY0004, got: Parse error at position 8: XPST0003: Unexpected token Name
  FAIL Constr-compattr-compname-4: Expected error XPTY0004, got: Parse error at position 8: XPST0003: Unexpected token Name
  FAIL Constr-compattr-compname-5: Expected error XPTY0004, got: Parse error at position 8: XPST0003: Unexpected token Name
  FAIL Constr-compattr-compname-6: Expected error XPTY0004, got: Parse error at position 8: XPST0003: Unexpected token Name
  FAIL Constr-compattr-compname-7: Expected error XPTY0004, got: Parse error at position 8: XPST0003: Unexpected token Name
  FAIL Constr-compattr-compname-8: Unexpected error: Parse error at position 8: XPST0003: Unexpected token Name
  FAIL Constr-compattr-compname-9: Unexpected error: Parse error at position 8: XPST0003: Unexpected token Name
  FAIL Constr-compattr-compname-10: Unexpected error: Parse error at position 8: XPST0003: Unexpected token Name
  FAIL Constr-compattr-compname-11: Unexpected error: Parse error at position 8: XPST0003: Unexpected token Name
  FAIL Constr-compattr-compname-12: Unexpected error: Parse error at position 8: XPST0003: Unexpected token Name
  FAIL Constr-compattr-compname-14: Expected error XQDY0074, got: Parse error at position 8: XPST0003: Unexpected token Name
  FAIL Constr-compattr-compname-15: Unexpected error: Parse error at position 8: XPST0003: Unexpected token Name
  FAIL Constr-compattr-compname-17: Expected error XQDY0074, got: Parse error at position 8: XPST0003: Unexpected token Name
  FAIL Constr-compattr-compname-18: Expected error XQDY0074, got: Parse error at position 8: XPST0003: Unexpected token Name
  FAIL Constr-compattr-compname-19: Expected error XQDY0074, got: Parse error at position 8: XPST0003: Unexpected token Name
  FAIL Constr-compattr-doc-1: Unexpected error: Parse error at position 8: XPST0003: Unexpected token Name
  FAIL Constr-compattr-parent-1: Unexpected error: Parse error at position 17: XPST0003: Expected RParen but found Name
  FAIL Constr-compattr-string-1: Unexpected error: Parse error at position 20: XPST0003: Expected RParen but found Name
  FAIL Constr-compattr-data-1: Unexpected error: Parse error at position 18: XPST0003: Expected RParen but found Name
  FAIL Constr-compattr-enclexpr-1: Unexpected error: Parse error at position 8: XPST0003: Unexpected token Name
  FAIL Constr-compattr-enclexpr-3: Unexpected error: Parse error at position 8: XPST0003: Unexpected token Name
  FAIL Constr-compattr-id-1: Unexpected error: Parse error at position 8: XPST0003: Unexpected token Name
  FAIL Constr-compattr-id-2: any-of: none matched. [Unexpected error: Parse error at position 8: XPST0003: Unexpected token Name; Expected error XQDY0091, got: Parse error at position 8: XPST0003: Unexpected token Name]
  FAIL constattrerr-1: Expected error XQDY0044, got: Parse error at position 10: XPST0003: Unexpected token Name
  FAIL K2-ComputeConAttr-38: any-of: none matched. [Expected error XQDY0044, got: Parse error at position 10: XPST0003: Unexpected token LBrace; Expected error XQDY0074, got: Parse error at position 10: XPST0003: Unexpected token LBrace]
  FAIL K2-ComputeConAttr-39: Expected error XPST0081, got: Parse error at position 10: XPST0003: Unexpected token Name
  FAIL K2-ComputeConAttr-40: Expected error XQDY0074, got: Parse error at position 10: XPST0003: Unexpected token LBrace
  FAIL K2-ComputeConAttr-41: Expected error XQDY0074, got: Parse error at position 10: XPST0003: Unexpected token LBrace
  FAIL K2-ComputeConAttr-44: Expected error XQDY0044, got: Parse error at position 10: XPST0003: Unexpected token LBrace
  FAIL K2-ComputeConAttr-45: Expected error XQDY0044, got: Parse error at position 10: XPST0003: Unexpected token Name
  FAIL K2-ComputeConAttr-47: Unexpected error: Parse error at position 15: XPST0003: Expected RParen but found Name
  FAIL K2-ComputeConAttr-48: any-of: none matched. [Unexpected error: Parse error at position 17: XPST0003: Expected RParen but found Name; Expected error XQDY0091, got: Parse error at position 17: XPST0003: Expected RParen but found Name]
  FAIL K2-ComputeConAttr-54: Unexpected error: Parse error at position 62: XPST0003: Expected RParen but found LBrace
  FAIL K2-ComputeConAttr-55: Unexpected error: Parse error at position 38: XPST0003: Expected RParen but found LBrace
  FAIL cbcl-constr-compattr-001: Expected error XQDY0044, got: Parse error at position 20: XPST0003: Expected KeywordReturn but found LBrace
  FAIL cbcl-constr-compattr-002: Expected error XQDY0044, got: Parse error at position 20: XPST0003: Expected KeywordReturn but found LBrace
  FAIL cbcl-constr-compattr-003: Expected error XQDY0044, got: Parse error at position 20: XPST0003: Expected KeywordReturn but found LBrace
  FAIL cbcl-constr-compattr-005: Expected error XQDY0044, got: Parse error at position 20: XPST0003: Expected KeywordReturn but found LBrace
  FAIL cbcl-constr-compattr-006: Expected error XQDY0044, got: Parse error at position 20: XPST0003: Expected KeywordReturn but found LBrace
  FAIL Constr-docnode-adjtext-1: Unexpected error: Parse error at position 16: XPST0003: Expected RParen but found LBrace
  FAIL Constr-docnode-adjtext-2: Unexpected error: Parse error at position 16: XPST0003: Expected RParen but found LBrace
  FAIL Constr-docnode-nested-1: Unexpected error: Parse error at position 9: XPST0003: Unexpected token LBrace
  FAIL Constr-docnode-nested-2: Unexpected error: Parse error at position 9: XPST0003: Unexpected token LBrace
  FAIL Constr-docnode-nested-3: Unexpected error: Parse error at position 15: XPST0003: Expected RParen but found LBrace
  FAIL Constr-docnode-nested-4: Unexpected error: Parse error at position 15: XPST0003: Expected RParen but found LBrace
  FAIL Constr-docnode-enclexpr-1: Unexpected error: Parse error at position 9: XPST0003: Unexpected token LBrace
  FAIL Constr-docnode-enclexpr-2: Unexpected error: Parse error at position 9: XPST0003: Unexpected token LBrace
  FAIL Constr-docnode-enclexpr-3: Unexpected error: Parse error at position 9: XPST0003: Unexpected token LBrace
  FAIL Constr-docnode-enclexpr-4: Unexpected error: Parse error at position 9: XPST0003: Unexpected token LBrace
  FAIL Constr-docnode-doc-1: any-of: none matched. [Unexpected error: Parse error at position 9: XPST0003: Unexpected token LBrace; Expected error XPST0005, got: Parse error at position 9: XPST0003: Unexpected token LBrace]
  FAIL Constr-docnode-parent-1: any-of: none matched. [Unexpected error: Parse error at position 16: XPST0003: Expected RParen but found LBrace; Expected error XPST0005, got: Parse error at position 16: XPST0003: Expected RParen but found LBrace]
  FAIL Constr-docnode-string-1: Unexpected error: Parse error at position 19: XPST0003: Expected RParen but found LBrace
  FAIL Constr-docnode-data-1: Unexpected error: Parse error at position 17: XPST0003: Expected RParen but found LBrace
  FAIL Constr-docnode-attr-1: Expected error XPTY0004, got: Parse error at position 9: XPST0003: Unexpected token LBrace
  FAIL K2-ConDocNode-14: Unexpected error: Parse error at position 15: XPST0003: Expected RParen but found LBrace
  FAIL K2-ConDocNode-15: Unexpected error: Parse error at position 14: XPST0003: Expected RParen but found LBrace
  FAIL K2-ConDocNode-16: Unexpected error: Parse error at position 9: XPST0003: Unexpected token LBrace
  FAIL K2-ConDocNode-18: Unexpected error: Parse error at position 15: XPST0003: Expected RParen but found LBrace
  FAIL K2-ConDocNode-19: Unexpected error: Parse error at position 14: XPST0003: Expected RParen but found LBrace
  FAIL K2-ConDocNode-20: Unexpected error: Parse error at position 11: XPST0003: Unexpected token LBrace
  FAIL K2-ConDocNode-23: Unexpected error: Parse error at position 15: XPST0003: Expected RParen but found LBrace
  FAIL K2-ConDocNode-25: Unexpected error: Parse error at position 14: XPST0003: Expected RParen but found LBrace
  FAIL K2-ConDocNode-31: Unexpected error: Parse error at position 16: XPST0003: Expected RParen but found LBrace
  FAIL K2-ConDocNode-32: Unexpected error: Parse error at position 9: XPST0003: Unexpected token LBrace
  FAIL Constr-compcomment-enclexpr-1: Unexpected error: Parse error at position 8: XPST0003: Unexpected token LBrace
  FAIL Constr-compcomment-enclexpr-3: Unexpected error: Parse error at position 8: XPST0003: Unexpected token LBrace
  FAIL Constr-compcomment-enclexpr-5: Unexpected error: Parse error at position 8: XPST0003: Unexpected token LBrace
  FAIL Constr-compcomment-doc-1: Unexpected error: Parse error at position 8: XPST0003: Unexpected token LBrace
  FAIL Constr-compcomment-parent-1: Unexpected error: Parse error at position 15: XPST0003: Expected RParen but found LBrace
  FAIL Constr-compcomment-string-1: Unexpected error: Parse error at position 18: XPST0003: Expected RParen but found LBrace
  FAIL Constr-compcomment-data-1: Unexpected error: Parse error at position 16: XPST0003: Expected RParen but found LBrace
  FAIL Constr-compcomment-nested-1: Unexpected error: Parse error at position 8: XPST0003: Unexpected token LBrace
  FAIL Constr-compcomment-dash-1: Expected error XQDY0072, got: Parse error at position 8: XPST0003: Unexpected token LBrace
  FAIL Constr-compcomment-dash-2: Expected error XQDY0072, got: Parse error at position 8: XPST0003: Unexpected token LBrace
  FAIL Constr-compcomment-dash-3: Expected error XQDY0072, got: Parse error at position 8: XPST0003: Unexpected token LBrace
  FAIL Constr-compcomment-dash-4: Expected error XQDY0072, got: Parse error at position 8: XPST0003: Unexpected token LBrace
  FAIL Constr-compcomment-doubledash-1: Expected error XQDY0072, got: Parse error at position 8: XPST0003: Unexpected token LBrace
  FAIL Constr-compcomment-doubledash-2: Expected error XQDY0072, got: Parse error at position 8: XPST0003: Unexpected token LBrace
  FAIL Constr-compcomment-doubledash-3: Expected error XQDY0072, got: Parse error at position 8: XPST0003: Unexpected token LBrace
  FAIL Constr-compcomment-doubledash-4: Expected error XQDY0072, got: Parse error at position 8: XPST0003: Unexpected token LBrace
  FAIL Constr-compcomment-doubledash-5: Unexpected error: Parse error at position 8: XPST0003: Unexpected token LBrace
  FAIL K2-ComputeConComment-3: Unexpected error: Parse error at position 8: XPST0003: Unexpected token LBrace
  FAIL K2-ComputeConComment-5: Unexpected error: Parse error at position 13: XPST0003: Expected RParen but found LBrace
  FAIL Constr-compelem-name-1: Unexpected error: Parse error at position 8: XPST0003: Unexpected token Name
  FAIL Constr-compelem-name-3: Expected error XPST0081, got: Parse error at position 8: XPST0003: Unexpected token Name
  FAIL Constr-compelem-compname-1: Expected error XPTY0004, got: Parse error at position 8: XPST0003: Unexpected token LBrace
  FAIL Constr-compelem-compname-2: Expected error XPTY0004, got: Parse error at position 8: XPST0003: Unexpected token LBrace
  FAIL Constr-compelem-compname-3: Expected error XPTY0004, got: Parse error at position 8: XPST0003: Unexpected token LBrace
  FAIL Constr-compelem-compname-4: Expected error XPTY0004, got: Parse error at position 8: XPST0003: Unexpected token LBrace
  FAIL Constr-compelem-compname-5: Expected error XPTY0004, got: Parse error at position 8: XPST0003: Unexpected token LBrace
  FAIL Constr-compelem-compname-6: Expected error XPTY0004, got: Parse error at position 8: XPST0003: Unexpected token LBrace
  FAIL Constr-compelem-compname-7: Expected error XPTY0004, got: Parse error at position 8: XPST0003: Unexpected token LBrace
  FAIL Constr-compelem-compname-8: Unexpected error: Parse error at position 8: XPST0003: Unexpected token LBrace
  FAIL Constr-compelem-compname-9: Unexpected error: Parse error at position 8: XPST0003: Unexpected token LBrace
  FAIL Constr-compelem-compname-10: Unexpected error: Parse error at position 8: XPST0003: Unexpected token LBrace
  FAIL Constr-compelem-compname-11: Unexpected error: Parse error at position 8: XPST0003: Unexpected token LBrace
  FAIL Constr-compelem-compname-12: Unexpected error: Parse error at position 8: XPST0003: Unexpected token LBrace
  FAIL Constr-compelem-compname-14: Expected error XQDY0074, got: Parse error at position 8: XPST0003: Unexpected token LBrace
  FAIL Constr-compelem-compname-15: Unexpected error: Parse error at position 8: XPST0003: Unexpected token LBrace
  FAIL Constr-compelem-compname-17: Expected error XQDY0074, got: Parse error at position 8: XPST0003: Unexpected token LBrace
  FAIL Constr-compelem-compname-18: Expected error XQDY0074, got: Parse error at position 8: XPST0003: Unexpected token LBrace
  FAIL Constr-compelem-compname-19: Expected error XQDY0074, got: Parse error at position 8: XPST0003: Unexpected token LBrace
  FAIL Constr-compelem-adjtext-1: Unexpected error: Parse error at position 15: XPST0003: Expected RParen but found Name
  FAIL Constr-compelem-adjtext-2: Unexpected error: Parse error at position 15: XPST0003: Expected RParen but found Name
  FAIL Constr-compelem-nested-1: Unexpected error: Parse error at position 8: XPST0003: Unexpected token Name
  FAIL Constr-compelem-nested-2: Unexpected error: Parse error at position 8: XPST0003: Unexpected token Name
  FAIL Constr-compelem-enclexpr-1: Unexpected error: Parse error at position 8: XPST0003: Unexpected token Name
  FAIL Constr-compelem-enclexpr-2: Unexpected error: Parse error at position 8: XPST0003: Unexpected token Name
  FAIL Constr-compelem-enclexpr-3: Unexpected error: Parse error at position 8: XPST0003: Unexpected token Name
  FAIL Constr-compelem-enclexpr-4: Unexpected error: Parse error at position 8: XPST0003: Unexpected token Name
  FAIL Constr-compelem-baseuri-1: Unexpected error: Parse error at position 20: XPST0003: Expected RParen but found Name
  FAIL Constr-compelem-doc-1: Unexpected error: Parse error at position 8: XPST0003: Unexpected token Name
  FAIL Constr-compelem-parent-1: Unexpected error: Parse error at position 15: XPST0003: Expected RParen but found Name
  FAIL Constr-compelem-string-1: Unexpected error: Parse error at position 18: XPST0003: Expected RParen but found Name
  FAIL Constr-compelem-data-1: Unexpected error: Parse error at position 16: XPST0003: Expected RParen but found Name
  FAIL Constr-compelem-attr-1: Expected error XQTY0024, got: Parse error at position 8: XPST0003: Unexpected token Name
  FAIL Constr-compelem-attr-2: Expected error XQTY0024, got: Parse error at position 8: XPST0003: Unexpected token Name
  FAIL Constr-compelem-attr-3: Unexpected error: Parse error at position 8: XPST0003: Unexpected token Name
  FAIL Constr-compelem-attr-4: Expected error XQDY0025, got: Parse error at position 8: XPST0003: Unexpected token Name
  FAIL K2-ComputeConElem-4: Expected error XQDY0074, got: Parse error at position 8: XPST0003: Unexpected token LBrace
  FAIL K2-ComputeConElem-5: Expected error XQDY0074, got: Parse error at position 8: XPST0003: Unexpected token LBrace
  FAIL K2-ComputeConElem-6: Unexpected error: Parse error at position 13: XPST0003: Expected RParen but found Name
  FAIL K2-ComputeConElem-7: Unexpected error: Parse error at position 13: XPST0003: Expected RParen but found Name
  FAIL K2-ComputeConElem-8: Unexpected error: Parse error at position 8: XPST0003: Unexpected token Name
  FAIL K2-ComputeConElem-9: any-of: none matched. [Unexpected error: Parse error at position 8: XPST0003: Unexpected token Name; Unexpected error: Parse error at position 8: XPST0003: Unexpected token Name]
  FAIL K2-ComputeConElem-11: Unexpected error: Parse error at position 8: XPST0003: Unexpected token Name
  FAIL K2-ComputeConElem-13: Unexpected error: Parse error at position 8: XPST0003: Unexpected token Name
  FAIL comp-elem-bad-name-1: any-of: none matched. [Expected error XQDY0096, got: Parse error at position 8: XPST0003: Unexpected token LBrace; Expected error XQDY0074, got: Parse error at position 8: XPST0003: Unexpected token LBrace]
  FAIL comp-elem-bad-name-2: Expected error XQDY0096, got: Parse error at position 137: XPST0003: Unexpected token LBrace
  FAIL comp-elem-bad-name-3: Expected error XQDY0096, got: Parse error at position 137: XPST0003: Unexpected token LBrace
  FAIL comp-elem-bad-name-4: Expected error XQDY0096, got: Parse error at position 178: XPST0003: Unexpected token LBrace
  FAIL comp-elem-bad-name-5: Expected error XQDY0096, got: Parse error at position 182: XPST0003: Unexpected token LBrace
  FAIL comp-elem-bad-name-6: Expected error XQDY0096, got: Parse error at position 116: XPST0003: Unexpected token LBrace
  FAIL nscons-013: Unexpected error: Parse error at position 12: XPST0003: Unexpected token LessThan in primary expression
  FAIL nscons-014: Unexpected error: Parse error at position 93: XPST0003: Unexpected token LessThan in primary expression
  FAIL nscons-016: Expected error XQDY0074, got: Parse error at position 12: XPST0003: Unexpected token LessThan in primary expression
  FAIL nscons-017: Expected error XQDY0074, got: Parse error at position 95: XPST0003: Unexpected token LessThan in primary expression
  FAIL nscons-018: Expected error XPTY0004, got: Parse error at position 91: XPST0003: Unexpected token LessThan in primary expression
  FAIL nscons-019: Expected error XQDY0101, got: Parse error at position 76: XPST0003: Unexpected token LessThan in primary expression
  FAIL nscons-020: Expected error XQDY0101, got: Parse error at position 69: XPST0003: Unexpected token LessThan in primary expression
  FAIL nscons-021: Expected error XQDY0101, got: Parse error at position 0: XPST0003: Unexpected token LessThan in primary expression
  FAIL nscons-022: Unexpected error: Parse error at position 13: XPST0003: Unexpected token LessThan in primary expression
  FAIL nscons-023: Expected error XPST0081, got: Parse error at position 0: XPST0003: Unexpected token LessThan in primary expression
  FAIL nscons-024: Expected error XPST0081, got: Parse error at position 0: XPST0003: Unexpected token LessThan in primary expression
  FAIL nscons-025: Expected error XPST0081, got: Parse error at position 8: XPST0003: Unexpected token Name
  FAIL nscons-026: Expected error FONS0004, got: Parse error at position 0: XPST0003: Unexpected token LessThan in primary expression
  FAIL nscons-029: Expected error SENR0001, got: Parse error at position 21: XPST0003: Expected RParen but found Name
  FAIL nscons-030: Unexpected error: Parse error at position 19: XPST0003: Expected RParen but found Name
  FAIL nscons-042: Expected error XQDY0102, got: Parse error at position 8: XPST0003: Unexpected token Name
  FAIL nscons-043: Expected error XPTY0004, got: Parse error at position 105: XPST0003: Unexpected token LessThan in primary expression
  FAIL nscons-044: Expected error XPTY0004, got: Parse error at position 108: XPST0003: Unexpected token LessThan in primary expression
  FAIL Constr-comppi-name-1: Unexpected error: Parse error at position 23: XPST0003: Unexpected token Name
  FAIL Constr-comppi-compname-1: Expected error XPTY0004, got: Parse error at position 23: XPST0003: Unexpected token LBrace
  FAIL Constr-comppi-compname-2: Expected error XPTY0004, got: Parse error at position 23: XPST0003: Unexpected token LBrace
  FAIL Constr-comppi-compname-3: Expected error XPTY0004, got: Parse error at position 23: XPST0003: Unexpected token LBrace
  FAIL Constr-comppi-compname-4: Expected error XPTY0004, got: Parse error at position 23: XPST0003: Unexpected token LBrace
  FAIL Constr-comppi-compname-5: Expected error XPTY0004, got: Parse error at position 23: XPST0003: Unexpected token LBrace
  FAIL Constr-comppi-compname-6: Expected error XPTY0004, got: Parse error at position 23: XPST0003: Unexpected token LBrace
  FAIL Constr-comppi-compname-7: Expected error XPTY0004, got: Parse error at position 23: XPST0003: Unexpected token LBrace
  FAIL Constr-comppi-compname-8: Unexpected error: Parse error at position 23: XPST0003: Unexpected token LBrace
  FAIL Constr-comppi-compname-9: any-of: none matched. [Expected error XQDY0041, got: Parse error at position 23: XPST0003: Unexpected token LBrace; Expected error XPTY0004, got: Parse error at position 23: XPST0003: Unexpected token LBrace]
  FAIL Constr-comppi-compname-10: Unexpected error: Parse error at position 23: XPST0003: Unexpected token LBrace
  FAIL Constr-comppi-compname-11: Unexpected error: Parse error at position 23: XPST0003: Unexpected token LBrace
  FAIL Constr-comppi-compname-12: Unexpected error: Parse error at position 23: XPST0003: Unexpected token LBrace
  FAIL Constr-comppi-compname-15: Unexpected error: Parse error at position 23: XPST0003: Unexpected token LBrace
  FAIL Constr-comppi-compname-18: Expected error XQDY0041, got: Parse error at position 23: XPST0003: Unexpected token LBrace
  FAIL Constr-comppi-compname-19: Expected error XQDY0041, got: Parse error at position 23: XPST0003: Unexpected token LBrace
  FAIL Constr-comppi-compname-20: Expected error XPTY0004, got: Parse error at position 23: XPST0003: Unexpected token LBrace
  FAIL Constr-comppi-compname-21: Expected error XPTY0004, got: Parse error at position 23: XPST0003: Unexpected token LBrace
  FAIL Constr-comppi-compname-22: Expected error XPTY0004, got: Parse error at position 23: XPST0003: Unexpected token LBrace
  FAIL Constr-comppi-doc-1: Unexpected error: Parse error at position 23: XPST0003: Unexpected token Name
  FAIL Constr-comppi-parent-1: Unexpected error: Parse error at position 30: XPST0003: Expected RParen but found Name
  FAIL Constr-comppi-string-1: Unexpected error: Parse error at position 33: XPST0003: Expected RParen but found Name
  FAIL Constr-comppi-data-1: Unexpected error: Parse error at position 31: XPST0003: Expected RParen but found Name
  FAIL Constr-comppi-enclexpr-1: Unexpected error: Parse error at position 23: XPST0003: Unexpected token Name
  FAIL Constr-comppi-enclexpr-3: Unexpected error: Parse error at position 23: XPST0003: Unexpected token Name
  FAIL Constr-comppi-enclexpr-5: Unexpected error: Parse error at position 23: XPST0003: Unexpected token Name
  FAIL Constr-comppi-namexml-1: Expected error XQDY0064, got: Parse error at position 23: XPST0003: Unexpected token Name
  FAIL Constr-comppi-namexml-2: Expected error XQDY0064, got: Parse error at position 23: XPST0003: Unexpected token Name
  FAIL Constr-comppi-namexml-3: Expected error XQDY0064, got: Parse error at position 23: XPST0003: Unexpected token LBrace
  FAIL Constr-comppi-namexml-4: Expected error XQDY0064, got: Parse error at position 23: XPST0003: Unexpected token LBrace
  FAIL Constr-comppi-invalid-1: Expected error XQDY0026, got: Parse error at position 23: XPST0003: Unexpected token Name
  FAIL Constr-comppi-invalid-2: Expected error XQDY0026, got: Parse error at position 23: XPST0003: Unexpected token Name
  FAIL Constr-comppi-invalid-3: Expected error XQDY0026, got: Parse error at position 23: XPST0003: Unexpected token Name
  FAIL Constr-comppi-space-1: Unexpected error: Parse error at position 23: XPST0003: Unexpected token Name
  FAIL Constr-comppi-space-2: Unexpected error: Parse error at position 23: XPST0003: Unexpected token Name
  FAIL Constr-comppi-space-3: Unexpected error: Parse error at position 44: XPST0003: Expected RParen but found Name
  FAIL Constr-comppi-space-4: Unexpected error: Parse error at position 44: XPST0003: Expected RParen but found Name
  FAIL Constr-comppi-empty-1: Unexpected error: Parse error at position 23: XPST0003: Unexpected token Name
  FAIL Constr-comppi-empty-2: Unexpected error: Parse error at position 23: XPST0003: Unexpected token Name
  FAIL K2-ComputeConPI-2: Expected error XQDY0064, got: Parse error at position 23: XPST0003: Unexpected token LBrace
  FAIL K2-ComputeConPI-3: Expected error XQDY0064, got: Parse error at position 23: XPST0003: Unexpected token LBrace
  FAIL K2-ComputeConPI-4: Unexpected error: Parse error at position 34: XPST0003: Expected RParen but found LBrace
  FAIL K2-ComputeConPI-5: Unexpected error: Parse error at position 34: XPST0003: Expected RParen but found LBrace
  FAIL K2-ComputeConPI-6: Expected error XQDY0041, got: Parse error at position 23: XPST0003: Unexpected token LBrace
  FAIL K2-ComputeConPI-7: Expected error XQDY0026, got: Parse error at position 23: XPST0003: Unexpected token LBrace
  FAIL K2-ComputeConPI-8: Unexpected error: Parse error at position 30: XPST0003: Expected RParen but found LBrace
  FAIL K2-ComputeConPI-9: Unexpected error: Parse error at position 30: XPST0003: Expected RParen but found LBrace
  FAIL K2-ComputeConPI-10: Unexpected error: Parse error at position 23: XPST0003: Unexpected token Name
  FAIL K2-ComputeConPI-11: Unexpected error: Parse error at position 28: XPST0003: Expected RParen but found Name
  FAIL Constr-text-enclexpr-1: Unexpected error: Parse error at position 5: XPST0003: Unexpected token LBrace
  FAIL Constr-text-enclexpr-3: Unexpected error: Parse error at position 5: XPST0003: Unexpected token LBrace
  FAIL Constr-text-enclexpr-5: Unexpected error: Parse error at position 5: XPST0003: Unexpected token LBrace
  FAIL Constr-text-doc-1: Unexpected error: Parse error at position 5: XPST0003: Unexpected token LBrace
  FAIL Constr-text-parent-1: Unexpected error: Parse error at position 12: XPST0003: Expected RParen but found LBrace
  FAIL Constr-text-string-1: Unexpected error: Parse error at position 15: XPST0003: Expected RParen but found LBrace
  FAIL Constr-text-data-1: Unexpected error: Parse error at position 13: XPST0003: Expected RParen but found LBrace
  FAIL Constr-text-count-1: Unexpected error: Parse error at position 11: XPST0003: Expected RParen but found LBrace
  FAIL Constr-text-count-2: Unexpected error: Parse error at position 11: XPST0003: Expected RParen but found LBrace
  FAIL Constr-text-count-3: Unexpected error: Parse error at position 14: XPST0003: Expected RParen but found Name
  FAIL Constr-text-count-4: any-of: none matched. [Unexpected error: Parse error at position 15: XPST0003: Expected RParen but found LBrace; Expected error XPST0005, got: Parse error at position 15: XPST0003: Expected RParen but found LBrace]
  FAIL Constr-text-adjtext-2: Unexpected error: Parse error at position 15: XPST0003: Expected RParen but found LBrace
  FAIL Constr-text-nested-1: Unexpected error: Parse error at position 5: XPST0003: Unexpected token LBrace
  FAIL K2-ConText-3: Unexpected error: Parse error at position 12: XPST0003: Expected RParen but found LBrace
  FAIL K2-ConText-6: Unexpected error: Parse error at position 10: XPST0003: Expected RParen but found LBrace
  FAIL K-ConstructionProlog-1: Unexpected error: Parse error at position 15: XPST0003: Unexpected token Name
  FAIL K-ConstructionProlog-3: Unexpected error: Parse error at position 11: XPST0003: Unexpected token Name
  FAIL K-ConstructionProlog-4: Expected error XQST0067, got: Parse error at position 11: XPST0003: Unexpected token Name
  FAIL K2-ConstructionProlog-1: Expected error XPDY0002 but succeeded
  FAIL externalcontextitem-5: assert-eq failed. Expected: 40, Got: 4
  FAIL externalcontextitem-6: assert-eq failed. Expected: 40, Got: 4
  FAIL externalcontextitem-9: assert-eq failed. Expected: 80, Got: 8
  FAIL externalcontextitem-19: assert-eq failed. Expected: 40, Got: 4
  FAIL externalcontextitem-23: any-of: none matched. [Expected error XPDY0002 but succeeded; Expected error XPST0005 but succeeded]
  FAIL K2-CopyNamespacesProlog-2: Expected error XPDY0002 but succeeded
  FAIL K2-CopyNamespacesProlog-3: Expected error XPDY0002 but succeeded
  FAIL K-DefaultNamespaceProlog-1: Unexpected error: Parse error at position 13: XPST0003: Unexpected token Name
  FAIL K-DefaultNamespaceProlog-2: Unexpected error: Parse error at position 13: XPST0003: Unexpected token Name
  FAIL K-DefaultNamespaceProlog-3: Unexpected error: Parse error at position 13: XPST0003: Unexpected token Name
  FAIL K-DefaultNamespaceProlog-4: Unexpected error: Parse error at position 13: XPST0003: Unexpected token Name
  FAIL K-DefaultNamespaceProlog-5: Expected error XPST0017, got: Parse error at position 13: XPST0003: Unexpected token Name
  FAIL K2-DefaultNamespaceProlog-18: Expected error XPDY0002 but succeeded
  FAIL Constr-attr-syntax-1: Unexpected error: Parse error at position 0: XPST0003: Unexpected token LessThan in primary expression
  FAIL Constr-attr-syntax-2: Unexpected error: Parse error at position 0: XPST0003: Unexpected token LessThan in primary expression
  FAIL Constr-attr-syntax-3: Unexpected error: Parse error at position 0: XPST0003: Unexpected token LessThan in primary expression
  FAIL Constr-attr-syntax-4: Unexpected error: Parse error at position 0: XPST0003: Unexpected token LessThan in primary expression
  FAIL Constr-attr-syntax-5: Unexpected error: Parse error at position 0: XPST0003: Unexpected token LessThan in primary expression
  FAIL Constr-attr-syntax-8: Unexpected error: Parse error at position 0: XPST0003: Unexpected token LessThan in primary expression
  FAIL Constr-attr-syntax-9: Unexpected error: Parse error at position 0: XPST0003: Unexpected token LessThan in primary expression
  FAIL Constr-attr-syntax-10: Unexpected error: Parse error at position 0: XPST0003: Unexpected token LessThan in primary expression
  FAIL Constr-attr-syntax-12: Unexpected error: Parse error at position 0: XPST0003: Unexpected token LessThan in primary expression
  FAIL Constr-attr-parent-1: Unexpected error: Parse error at position 10: XPST0003: Unexpected token LessThan in primary expression
  FAIL Constr-attr-nsdecl-1: Unexpected error: Parse error at position 10: XPST0003: Unexpected token LessThan in primary expression
  FAIL Constr-attr-nsdecl-2: Unexpected error: Parse error at position 10: XPST0003: Unexpected token LessThan in primary expression
  FAIL Constr-attr-nspre-2: Unexpected error: Parse error at position 0: XPST0003: Unexpected token LessThan in primary expression
  FAIL Constr-attr-nsprein-1: Unexpected error: Parse error at position 0: XPST0003: Unexpected token LessThan in primary expression
  FAIL Constr-attr-nsprein-2: Unexpected error: Parse error at position 0: XPST0003: Unexpected token LessThan in primary expression
  FAIL Constr-attr-nsprein-3: Unexpected error: Parse error at position 0: XPST0003: Unexpected token LessThan in primary expression
  FAIL Constr-attr-nsprein-4: Unexpected error: Parse error at position 0: XPST0003: Unexpected token LessThan in primary expression
  FAIL Constr-attr-distnames-1: Expected error XQST0040, got: Parse error at position 0: XPST0003: Unexpected token LessThan in primary expression
  FAIL Constr-attr-distnames-2: Expected error XQST0040, got: Parse error at position 0: XPST0003: Unexpected token LessThan in primary expression
  FAIL Constr-attr-distnames-3: Expected error XQST0040, got: Parse error at position 0: XPST0003: Unexpected token LessThan in primary expression
  FAIL Constr-attr-distnames-4: Expected error XQST0040, got: Parse error at position 0: XPST0003: Unexpected token LessThan in primary expression
  FAIL Constr-attr-content-1: any-of: none matched. [Unexpected error: Parse error at position 0: XPST0003: Unexpected token LessThan in primary expression; Unexpected error: Parse error at position 0: XPST0003: Unexpected token LessThan in primary expression]
  FAIL Constr-attr-ws-1: Unexpected error: Parse error at position 0: XPST0003: Unexpected token LessThan in primary expression
  FAIL Constr-attr-ws-2: Unexpected error: Parse error at position 0: XPST0003: Unexpected token LessThan in primary expression
  FAIL Constr-attr-entref-2: Unexpected error: Parse error at position 25: XPST0003: Unexpected token LessThan in primary expression
  FAIL Constr-attr-enclexpr-1: Unexpected error: Parse error at position 0: XPST0003: Unexpected token LessThan in primary expression
  FAIL Constr-attr-enclexpr-2: Unexpected error: Parse error at position 0: XPST0003: Unexpected token LessThan in primary expression
  FAIL Constr-attr-enclexpr-3: Unexpected error: Parse error at position 0: XPST0003: Unexpected token LessThan in primary expression
  FAIL Constr-attr-enclexpr-4: Unexpected error: Parse error at position 0: XPST0003: Unexpected token LessThan in primary expression
  FAIL Constr-attr-enclexpr-5: Unexpected error: Parse error at position 0: XPST0003: Unexpected token LessThan in primary expression
  FAIL Constr-attr-enclexpr-6: Unexpected error: Parse error at position 0: XPST0003: Unexpected token LessThan in primary expression
  FAIL Constr-attr-enclexpr-7: Unexpected error: Parse error at position 0: XPST0003: Unexpected token LessThan in primary expression
  FAIL Constr-attr-enclexpr-8: Unexpected error: Parse error at position 0: XPST0003: Unexpected token LessThan in primary expression
  FAIL Constr-attr-enclexpr-13: Unexpected error: Parse error at position 0: XPST0003: Unexpected token LessThan in primary expression
  FAIL Constr-attr-enclexpr-14: Unexpected error: Parse error at position 0: XPST0003: Unexpected token LessThan in primary expression
  FAIL Constr-attr-enclexpr-15: Unexpected error: Parse error at position 0: XPST0003: Unexpected token LessThan in primary expression
  FAIL Constr-attr-id-1: Unexpected error: Parse error at position 0: XPST0003: Unexpected token LessThan in primary expression
  FAIL Constr-attr-id-2: any-of: none matched. [Unexpected error: Parse error at position 0: XPST0003: Unexpected token LessThan in primary expression; Expected error XQDY0091, got: Parse error at position 0: XPST0003: Unexpected token LessThan in primary expression]
  FAIL K2-DirectConElemAttr-5: Unexpected error: Parse error at position 0: XPST0003: Unexpected token LessThan in primary expression
  FAIL K2-DirectConElemAttr-29: Unexpected error: Parse error at position 7: XPST0003: Unexpected token LessThan in primary expression
  FAIL K2-DirectConElemAttr-30: Unexpected error: Parse error at position 7: XPST0003: Unexpected token LessThan in primary expression
  FAIL K2-DirectConElemAttr-31: Unexpected error: Parse error at position 7: XPST0003: Unexpected token LessThan in primary expression
  FAIL K2-DirectConElemAttr-32: Unexpected error: Parse error at position 7: XPST0003: Unexpected token LessThan in primary expression
  FAIL K2-DirectConElemAttr-33: Unexpected error: Parse error at position 0: XPST0003: Unexpected token LessThan in primary expression
  FAIL K2-DirectConElemAttr-34: Unexpected error: Parse error at position 7: XPST0003: Unexpected token LessThan in primary expression
  FAIL K2-DirectConElemAttr-35: Unexpected error: Parse error at position 11: XPST0003: Unexpected token LessThan in primary expression
  FAIL K2-DirectConElemAttr-36: Unexpected error: Parse error at position 7: XPST0003: Unexpected token LessThan in primary expression
  FAIL K2-DirectConElemAttr-37: Unexpected error: Parse error at position 11: XPST0003: Unexpected token LessThan in primary expression
  FAIL K2-DirectConElemAttr-38: Unexpected error: Parse error at position 11: XPST0003: Unexpected token LessThan in primary expression
  FAIL K2-DirectConElemAttr-39: Unexpected error: Parse error at position 7: XPST0003: Unexpected token LessThan in primary expression
  FAIL K2-DirectConElemAttr-40: Unexpected error: Parse error at position 0: XPST0003: Unexpected token LessThan in primary expression
  FAIL K2-DirectConElemAttr-41: Unexpected error: Parse error at position 0: XPST0003: Unexpected token LessThan in primary expression
  FAIL K2-DirectConElemAttr-42: Unexpected error: Parse error at position 0: XPST0003: Unexpected token LessThan in primary expression
  FAIL K2-DirectConElemAttr-43: Unexpected error: Parse error at position 0: XPST0003: Unexpected token LessThan in primary expression
  FAIL K2-DirectConElemAttr-46: Unexpected error: Parse error at position 0: XPST0003: Unexpected token LessThan in primary expression
  FAIL K2-DirectConElemAttr-47: Unexpected error: Parse error at position 5: XPST0003: Unexpected token LessThan in primary expression
  FAIL K2-DirectConElemAttr-49: Unexpected error: Parse error at position 0: XPST0003: Unexpected token LessThan in primary expression
  FAIL K2-DirectConElemAttr-50: Unexpected error: Parse error at position 0: XPST0003: Unexpected token LessThan in primary expression
  FAIL K2-DirectConElemAttr-52: Unexpected error: Parse error at position 0: XPST0003: Unexpected token LessThan in primary expression
  FAIL K2-DirectConElemAttr-68: Expected error XQST0071, got: Parse error at position 0: XPST0003: Unexpected token LessThan in primary expression
  FAIL K2-DirectConElemAttr-69: Expected error XQST0071, got: Parse error at position 0: XPST0003: Unexpected token LessThan in primary expression
  FAIL K2-DirectConElemAttr-72: Unexpected error: Parse error at position 47: XPST0003: Unexpected token LessThan in primary expression
  FAIL K2-DirectConElemAttr-74: Unexpected error: Parse error at position 0: XPST0003: Unexpected token LessThan in primary expression
  FAIL DirectConElemAttr-1: Unexpected error: Parse error at position 0: XPST0003: Unexpected token LessThan in primary expression
  FAIL DirectConElemAttr-2: Unexpected error: Parse error at position 0: XPST0003: Unexpected token LessThan in primary expression
  FAIL K-EmptyOrderProlog-1: Unexpected error: Parse error at position 11: XPST0003: Unexpected token Name
  FAIL K-EmptyOrderProlog-2: Unexpected error: Parse error at position 11: XPST0003: Unexpected token Name
  FAIL K-EmptyOrderProlog-3: Expected error XQST0069, got: Parse error at position 11: XPST0003: Unexpected token Name
  FAIL eqname-015: Unexpected error: Variable $x is not defined.
  FAIL eqname-020: Unexpected error: XPST0017: Function {  http://www.w3.org/2005/xpath-functions/math}pi#0 not found.
  FAIL eqname-021: Unexpected error: XPST0017: Function {http://www.w3.org/2005/xpath-functions/math   }pi#0 not found.
  FAIL eqname-022: Unexpected error: XPST0017: Function {  
         http://www.w3.org/2005/xpath-functions/math
         }pi#0 not found.
  FAIL eqname-024: Unexpected error: Variable $x is not defined.
  FAIL eqname-025: Unexpected error: Variable $T is not defined.
  FAIL eqname-026: assert-string-value failed. Expected: '3.00', Got: ''
  FAIL eqname-027: assert-string-value failed. Expected: '13143816', Got: ''
  FAIL eqname-031: Unexpected error: Variable $f is not defined.
  FAIL eqname-032: Unexpected error: Variable $a is not defined.
  FAIL eqname-033: Unexpected error: Variable $a is not defined.
  FAIL eqname-907: Expected error XPST0003 but succeeded
  FAIL eqname-910: Expected error XQST0070 but succeeded
  FAIL eqname-913: Expected error XQST0039 but succeeded
  FAIL K2-ExtensionExpression-17: Unexpected error: Parse error at position 1: XPST0003: Unexpected token Hash in primary expression
  FAIL statictyping-21: Expected error XPST0008, got: Parse error at position 12: XPST0003: Expected KeywordReturn but found KeywordLet
  FAIL statictyping-23: Expected error XPST0008, got: Parse error at position 20: XPST0003: Expected KeywordReturn but found KeywordFor
  FAIL statictyping-24: any-of: none matched. [Expected error XPTY0004, got: Parse error at position 26: XPST0003: Expected KeywordReturn but found Name; Expected error FORG0006, got: Parse error at position 26: XPST0003: Expected KeywordReturn but found Name]
  FAIL ST-WhereExpr001: any-of: none matched. [Expected error XPTY0004, got: Parse error at position 32: XPST0003: Expected KeywordReturn but found Name; Expected error FORG0006, got: Parse error at position 32: XPST0003: Expected KeywordReturn but found Name]
  FAIL ST-WhereExpr002: any-of: none matched. [Expected error XPTY0004, got: Parse error at position 32: XPST0003: Expected KeywordReturn but found Name; Expected error FORG0006, got: Parse error at position 32: XPST0003: Expected KeywordReturn but found Name]
  FAIL statictyping-1: Expected error XPTY0004, got: Parse error at position 26: XPST0003: Expected KeywordReturn but found Name
  FAIL statictyping-2: Expected error XPTY0004, got: Parse error at position 26: XPST0003: Expected KeywordReturn but found Name
  FAIL statictyping-3: Expected error FORG0006, got: Parse error at position 26: XPST0003: Expected KeywordReturn but found Name
  FAIL statictyping-4: Expected error FORG0006, got: Parse error at position 26: XPST0003: Expected KeywordReturn but found Name
  FAIL statictyping-5: Expected error FORG0006, got: Parse error at position 26: XPST0003: Expected KeywordReturn but found Name
  FAIL statictyping-6: Expected error FORG0006, got: Parse error at position 26: XPST0003: Expected KeywordReturn but found Name
  FAIL statictyping-7: any-of: none matched. [Expected error XPTY0004, got: Parse error at position 26: XPST0003: Expected KeywordReturn but found Name; Expected error FORG0006, got: Parse error at position 26: XPST0003: Expected KeywordReturn but found Name]
  FAIL statictyping-8: Expected error XPTY0004, got: Parse error at position 26: XPST0003: Expected KeywordReturn but found Name
  FAIL statictyping-9: Expected error XPTY0004, got: Parse error at position 26: XPST0003: Expected KeywordReturn but found Name
  FAIL statictyping-10: Expected error XPTY0004, got: Parse error at position 26: XPST0003: Expected KeywordReturn but found Name
  FAIL statictyping-11: Expected error XPTY0004, got: Parse error at position 26: XPST0003: Expected KeywordReturn but found Name
  FAIL statictyping-12: Expected error XPTY0004, got: Parse error at position 26: XPST0003: Expected KeywordReturn but found Name
  FAIL statictyping-13: Expected error XPTY0004, got: Parse error at position 26: XPST0003: Expected KeywordReturn but found Name
  FAIL statictyping-14: Expected error XPTY0004, got: Parse error at position 26: XPST0003: Expected KeywordReturn but found Name
  FAIL statictyping-15: Expected error XPTY0004, got: Parse error at position 26: XPST0003: Expected KeywordReturn but found Name
  FAIL statictyping-16: Expected error XPTY0004, got: Parse error at position 26: XPST0003: Expected KeywordReturn but found Name
  FAIL statictyping-17: Expected error XPTY0004, got: Parse error at position 26: XPST0003: Expected KeywordReturn but found Name
  FAIL statictyping-18: Expected error XPTY0004, got: Parse error at position 20: XPST0003: Expected KeywordReturn but found Name
  FAIL statictyping-19: Expected error XPTY0004, got: Parse error at position 20: XPST0003: Expected KeywordReturn but found Name
  FAIL statictyping-20: Expected error XPTY0004, got: Parse error at position 20: XPST0003: Expected KeywordReturn but found Name
  FAIL ST-PITest-01: Expected error XPTY0004, got: Parse error at position 371: XPST0003: Expected Assign but found KeywordAs
  FAIL ST-PITest-02: Expected error XPTY0004, got: Parse error at position 58: XPST0003: Expected KeywordReturn but found KeywordLet
  FAIL ForExpr013: assert-xml failed. Expected: , Got: <FolderName>Folder00000000026</FolderName><FileName>File00000000000</FileName><FolderName>Folder00000000026</FolderName><FileName>File00000000001</FileName><FolderName>Folder00000000026</FolderName><FileName>File00000000002</FileName><FolderName>Folder00000000026</FolderName><FileName>File00000000003</FileName><FolderName>Folder00000000026</FolderName><FileName>File00000000004</FileName><FolderName>Folder00000000026</FolderName><FileName>File00000000005</FileName><FolderName>Folder00000000026</FolderName><FileName>File00000000006</FileName><FolderName>Folder00000000026</FolderName><FileName>File00000000007</FileName><FolderName>Folder00000000026</FolderName><FileName>File00000000008</FileName><FolderName>Folder00000000026</FolderName><FileName>File00000000009</FileName><FolderName>Folder00000000026</FolderName><FileName>File00000000010</FileName><FolderName>Folder00000000026</FolderName><FileName>File00000000011</FileName><FolderName>Folder00000000026</FolderName><FileName>File00000000012</FileName><FolderName>Folder00000000026</FolderName><FileName>File00000000013</FileName><FolderName>Folder00000000026</FolderName><FileName>File00000000014</FileName><FolderName>Folder00000000026</FolderName><FileName>File00000000015</FileName><FolderName>Folder00000000026</FolderName><FileName>File00000000016</FileName><FolderName>Folder00000000026</FolderName><FileName>File00000000017</FileName><FolderName>Folder00000000026</FolderName><FileName>File00000000018</FileName><FolderName>Folder00000000026</FolderName><FileName>File00000000019</FileName><FolderName>Folder00000000026</FolderName><FileName>File00000000020</FileName><FolderName>Folder00000000026</FolderName><FileName>File00000000021</FileName><FolderName>Folder00000000026</FolderName><FileName>File00000000022</FileName><FolderName>Folder00000000026</FolderName><FileName>File00000000023</FileName><FolderName>Folder00000000026</FolderName><FileName>File00000000024</FileName><FolderName>Folder00000000026</FolderName><FileName>File00000000025</FileName><FolderName>Folder00000000026</FolderName><FileName>File00000000026</FileName><FolderName>Folder00000000026</FolderName><FileName>File00000000027</FileName><FolderName>Folder00000000026</FolderName><FileName>File00000000028</FileName><FolderName>Folder00000000026</FolderName><FileName>File00000000029</FileName><FolderName>Folder00000000026</FolderName><FileName>File00000000030</FileName><FolderName>Folder00000000026</FolderName><FileName>File00000000031</FileName><FolderName>Folder00000000026</FolderName><FileName>File00000000032</FileName><FolderName>Folder00000000026</FolderName><FileName>File00000000033</FileName><FolderName>Folder00000000026</FolderName><FileName>File00000000034</FileName><FolderName>Folder00000000026</FolderName><FileName>File00000000035</FileName><FolderName>Folder00000000026</FolderName><FileName>File00000000036</FileName><FolderName>Folder00000000026</FolderName><FileName>File00000000037</FileName><FolderName>Folder00000000026</FolderName><FileName>File00000000038</FileName><FolderName>Folder00000000026</FolderName><FileName>File00000000039</FileName><FolderName>Folder00000000026</FolderName><FileName>File00000000040</FileName><FolderName>Folder00000000026</FolderName><FileName>File00000000041</FileName><FolderName>Folder00000000026</FolderName><FileName>File00000000042</FileName><FolderName>Folder00000000026</FolderName><FileName>File00000000043</FileName><FolderName>Folder00000000026</FolderName><FileName>File00000000044</FileName><FolderName>Folder00000000026</FolderName><FileName>File00000000045</FileName><FolderName>Folder00000000026</FolderName><FileName>File00000000046</FileName><FolderName>Folder00000000026</FolderName><FileName>File00000000047</FileName><FolderName>Folder00000000026</FolderName><FileName>File00000000048</FileName><FolderName>Folder00000000026</FolderName><FileName>File00000000049</FileName><FolderName>Folder00000000026</FolderName><FileName>File00000000050</FileName><FolderName>Folder00000000026</FolderName><FileName>File00000000051</FileName><FolderName>Folder00000000026</FolderName><FileName>File00000000052</FileName><FolderName>Folder00000000026</FolderName><FileName>File00000000053</FileName><FolderName>Folder00000000026</FolderName><FileName>File00000000054</FileName><FolderName>Folder00000000026</FolderName><FileName>File00000000055</FileName><FolderName>Folder00000000026</FolderName><FileName>File00000000056</FileName><FolderName>Folder00000000026</FolderName><FileName>File00000000057</FileName><FolderName>Folder00000000026</FolderName><FileName>File00000000058</FileName><FolderName>Folder00000000026</FolderName><FileName>File00000000059</FileName><FolderName>Folder00000000026</FolderName><FileName>File00000000060</FileName><FolderName>Folder00000000026</FolderName><FileName>File00000000061</FileName><FolderName>Folder00000000026</FolderName><FileName>File00000000062</FileName><FolderName>Folder00000000026</FolderName><FileName>File00000000063</FileName><FolderName>Folder00000000026</FolderName><FileName>File00000000064</FileName><FolderName>Folder00000000026</FolderName><FileName>File00000000065</FileName><FolderName>Folder00000000026</FolderName><FileName>File00000000066</FileName><FolderName>Folder00000000026</FolderName><FileName>File00000000067</FileName><FolderName>Folder00000000026</FolderName><FileName>File00000000068</FileName><FolderName>Folder00000000026</FolderName><FileName>File00000000069</FileName><FolderName>Folder00000000026</FolderName><FileName>File00000000070</FileName><FolderName>Folder00000000026</FolderName><FileName>File00000000071</FileName><FolderName>Folder00000000026</FolderName><FileName>File00000000072</FileName><FolderName>Folder00000000026</FolderName><FileName>File00000000073</FileName><FolderName>Folder00000000026</FolderName><FileName>File00000000074</FileName><FolderName>Folder00000000026</FolderName><FileName>File00000000075</FileName><FolderName>Folder00000000026</FolderName><FileName>File00000000076</FileName><FolderName>Folder00000000026</FolderName><FileName>File00000000077</FileName><FolderName>Folder00000000026</FolderName><FileName>File00000000078</FileName><FolderName>Folder00000000026</FolderName><FileName>File00000000079</FileName><FolderName>Folder00000000026</FolderName><FileName>File00000000080</FileName><FolderName>Folder00000000026</FolderName><FileName>File00000000081</FileName><FolderName>Folder00000000026</FolderName><FileName>File00000000082</FileName><FolderName>Folder00000000026</FolderName><FileName>File00000000083</FileName><FolderName>Folder00000000026</FolderName><FileName>File00000000084</FileName><FolderName>Folder00000000026</FolderName><FileName>File00000000085</FileName><FolderName>Folder00000000026</FolderName><FileName>File00000000086</FileName><FolderName>Folder00000000026</FolderName><FileName>File00000000087</FileName><FolderName>Folder00000000026</FolderName><FileName>File00000000088</FileName><FolderName>Folder00000000026</FolderName><FileName>File00000000089</FileName><FolderName>Folder00000000026</FolderName><FileName>File00000000090</FileName><FolderName>Folder00000000026</FolderName><FileName>File00000000091</FileName><FolderName>Folder00000000026</FolderName><FileName>File00000000092</FileName><FolderName>Folder00000000026</FolderName><FileName>File00000000093</FileName><FolderName>Folder00000000026</FolderName><FileName>File00000000094</FileName><FolderName>Folder00000000026</FolderName><FileName>File00000000095</FileName><FolderName>Folder00000000026</FolderName><FileName>File00000000096</FileName><FolderName>Folder00000000026</FolderName><FileName>File00000000097</FileName><FolderName>Folder00000000026</FolderName><FileName>File00000000098</FileName><FolderName>Folder00000000026</FolderName><FileName>File00000000099</FileName><FolderName>Folder00000000026</FolderName><FileName>File00000000100</FileName>
  FAIL K-ForExprWithout-24: Unexpected error: Variable $name is not defined.
  FAIL K-ForExprWithout-25: Unexpected error: Variable $name is not defined.
  FAIL K-ForExprWithout-51: Unexpected error: Variable $a is not defined.
  FAIL K2-ForExprWithout-7: Expected error XPDY0002 but succeeded
  FAIL K2-ForExprWithout-40: Expected error XPDY0002 but succeeded
  FAIL K2-ForExprWithout-41: Expected error XPDY0002 but succeeded
  FAIL K2-ForExprWithout-45: any-of: none matched. [assert-eq failed. Expected: 1, Got: ; Expected error XPDY0002 but succeeded]
  FAIL FunctionCall-010: assert-type failed. Unexpected error: XPTY0004
  FAIL FunctionCall-011: assert-type failed. Unexpected error: Cannot access IntegerValue on XDM value of kind 'String'
  FAIL FunctionCall-025: assert-type failed. Unexpected error: XPTY0004
  FAIL FunctionCall-026: assert-type failed. Unexpected error: XPTY0004
  FAIL FunctionCall-045: Unexpected error: Parse error at position 24: XPST0003: Unexpected token RBrace in primary expression
  FAIL FunctionCall-046: Unexpected error: Parse error at position 51: XPST0003: Unexpected token RBrace in primary expression
  FAIL FunctionCall-047: Unexpected error: Parse error at position 80: XPST0003: Unexpected token RBrace in primary expression
  FAIL FunctionCall-048: Expected error XPTY0004, got: Parse error at position 80: XPST0003: Unexpected token RBrace in primary expression
  FAIL K-FunctionCallExpr-22: Expected error XPST0017 but succeeded
  FAIL K-FunctionCallExpr-26: Expected error XPST0017 but succeeded
  FAIL K2-FunctionCallExpr-3: Expected error XPST0017 but succeeded
  FAIL K2-FunctionCallExpr-8: Expected error XPST0017 but succeeded
  FAIL function-call-reserved-function-names-020: Expected error XPST0003 but succeeded
  FAIL function-call-reserved-function-names-021: Expected error XPST0003 but succeeded
  FAIL function-call-reserved-function-names-022: Expected error XPST0003 but succeeded
  FAIL function-call-reserved-function-names-023: Expected error XPST0003 but succeeded
  FAIL function-call-reserved-function-names-026: Expected error XPST0003 but succeeded
  FAIL function-call-reserved-function-names-027: Expected error XPST0003 but succeeded
  FAIL function-call-reserved-function-names-028: Expected error XPST0003 but succeeded
  FAIL function-call-reserved-function-names-029: Expected error XPST0003 but succeeded
  FAIL function-call-reserved-function-names-030: Expected error XPST0003 but succeeded
  FAIL function-call-reserved-function-names-031: Expected error XPST0003 but succeeded
  FAIL function-call-reserved-function-names-037: any-of: none matched. [Expected error XPST0003 but succeeded; Expected error XQST0134 but succeeded]
  FAIL K2-FunctionProlog-29: Expected error XPDY0002 but succeeded
  FAIL generalexpression10: Unexpected error: Variable $works is not defined.
  FAIL generalexpression19: Unexpected error: Variable $works is not defined.
  FAIL generalexpression29: Unexpected error: Variable $works is not defined.
  FAIL generalexpression39: Unexpected error: Variable $works is not defined.
  FAIL generalexpression79: Unexpected error: Variable $works is not defined.
  FAIL generalexpression89: Unexpected error: Variable $works is not defined.
  FAIL generalexpression90: Unexpected error: Variable $works is not defined.
  FAIL generalexpression91: Unexpected error: Variable $works is not defined.
  FAIL generalexpression92: Unexpected error: Variable $works is not defined.
  FAIL generalexpression93: Unexpected error: Variable $works is not defined.
  FAIL generalexpression97: Unexpected error: Variable $works is not defined.
  FAIL generalexpression98: Unexpected error: Variable $works is not defined.
  FAIL generalexpression99: Unexpected error: Variable $works is not defined.
  FAIL K-GenCompEq-43: Unexpected error: XPTY0004
  FAIL K-GenCompEq-44: Unexpected error: XPTY0004
  FAIL K-GenCompEq-45: Unexpected error: XPTY0004
  FAIL K-GenCompEq-46: Unexpected error: XPTY0004
  FAIL GenCompEq-3: Unexpected error: XPTY0004
  FAIL GenCompEq-5: Unexpected error: XPTY0004
  FAIL GenCompEq-7: Unexpected error: XPTY0004
  FAIL GenCompEq-9: assert-false failed. Got: true
  FAIL generalexpression505: Unexpected error: Variable $works is not defined.
  FAIL generalexpression514: Unexpected error: Variable $works is not defined.
  FAIL generalexpression524: Unexpected error: Variable $works is not defined.
  FAIL generalexpression534: Unexpected error: Variable $works is not defined.
  FAIL generalexpression574: Unexpected error: Variable $works is not defined.
  FAIL generalexpression584: Unexpected error: Variable $works is not defined.
  FAIL generalexpression585: Unexpected error: Variable $works is not defined.
  FAIL generalexpression586: Unexpected error: Variable $works is not defined.
  FAIL generalexpression587: Unexpected error: Variable $works is not defined.
  FAIL generalexpression588: Unexpected error: Variable $works is not defined.
  FAIL generalexpression592: Unexpected error: Variable $works is not defined.
  FAIL generalexpression593: Unexpected error: Variable $works is not defined.
  FAIL generalexpression594: Unexpected error: Variable $works is not defined.
  FAIL K-GenCompGTEQ-6: Unexpected error: XPTY0004
  FAIL K-GenCompGTEQ-7: Unexpected error: XPTY0004
  FAIL K-GenCompGTEQ-8: Unexpected error: XPTY0004
  FAIL K-GenCompGTEQ-9: Unexpected error: XPTY0004
  FAIL generalexpression406: Unexpected error: Variable $works is not defined.
  FAIL generalexpression415: Unexpected error: Variable $works is not defined.
  FAIL generalexpression425: Unexpected error: Variable $works is not defined.
  FAIL generalexpression435: Unexpected error: Variable $works is not defined.
  FAIL generalexpression475: Unexpected error: Variable $works is not defined.
  FAIL generalexpression485: Unexpected error: Variable $works is not defined.
  FAIL generalexpression486: Unexpected error: Variable $works is not defined.
  FAIL generalexpression487: Unexpected error: Variable $works is not defined.
  FAIL generalexpression488: Unexpected error: Variable $works is not defined.
  FAIL generalexpression489: Unexpected error: Variable $works is not defined.
  FAIL generalexpression493: Unexpected error: Variable $works is not defined.
  FAIL generalexpression494: Unexpected error: Variable $works is not defined.
  FAIL K-GenCompGT-12: Unexpected error: XPTY0004
  FAIL K-GenCompGT-13: Unexpected error: XPTY0004
  FAIL K-GenCompGT-14: Unexpected error: XPTY0004
  FAIL K-GenCompGT-15: Unexpected error: XPTY0004
  FAIL generalexpression307: Unexpected error: Variable $works is not defined.
  FAIL generalexpression316: Unexpected error: Variable $works is not defined.
  FAIL generalexpression326: Unexpected error: Variable $works is not defined.
  FAIL generalexpression336: Unexpected error: Variable $works is not defined.
  FAIL generalexpression376: Unexpected error: Variable $works is not defined.
  FAIL generalexpression386: Unexpected error: Variable $works is not defined.
  FAIL generalexpression387: Unexpected error: Variable $works is not defined.
  FAIL generalexpression388: Unexpected error: Variable $works is not defined.
  FAIL generalexpression389: Unexpected error: Variable $works is not defined.
  FAIL generalexpression390: Unexpected error: Variable $works is not defined.
  FAIL generalexpression394: Unexpected error: Variable $works is not defined.
  FAIL generalexpression395: Unexpected error: Variable $works is not defined.
  FAIL generalexpression396: Unexpected error: Variable $works is not defined.
  FAIL K-GenCompLTEQ-5: Unexpected error: XPTY0004
  FAIL K-GenCompLTEQ-6: Unexpected error: XPTY0004
  FAIL K-GenCompLTEQ-7: Unexpected error: XPTY0004
  FAIL K-GenCompLTEQ-8: Unexpected error: XPTY0004
  FAIL generalexpression208: Unexpected error: Variable $works is not defined.
  FAIL generalexpression217: Unexpected error: Variable $works is not defined.
  FAIL generalexpression227: Unexpected error: Variable $works is not defined.
  FAIL generalexpression237: Unexpected error: Variable $works is not defined.
  FAIL generalexpression277: Unexpected error: Variable $works is not defined.
  FAIL generalexpression287: Unexpected error: Variable $works is not defined.
  FAIL generalexpression288: Unexpected error: Variable $works is not defined.
  FAIL generalexpression289: Unexpected error: Variable $works is not defined.
  FAIL generalexpression290: Unexpected error: Variable $works is not defined.
  FAIL generalexpression291: Unexpected error: Variable $works is not defined.
  FAIL generalexpression295: Unexpected error: Variable $works is not defined.
  FAIL generalexpression296: Unexpected error: Variable $works is not defined.
  FAIL generalexpression297: Unexpected error: Variable $works is not defined.
  FAIL K-GenCompLT-12: Unexpected error: XPTY0004
  FAIL K-GenCompLT-13: Unexpected error: XPTY0004
  FAIL K-GenCompLT-14: Unexpected error: XPTY0004
  FAIL K-GenCompLT-15: Unexpected error: XPTY0004
  FAIL GenCompLT-9: Unexpected error: XPTY0004
  FAIL GenCompLT-10: assert-true failed. Got: false
  FAIL generalexpression109: Unexpected error: Variable $works is not defined.
  FAIL generalexpression118: Unexpected error: Variable $works is not defined.
  FAIL generalexpression128: Unexpected error: Variable $works is not defined.
  FAIL generalexpression138: Unexpected error: Variable $works is not defined.
  FAIL generalexpression178: Unexpected error: Variable $works is not defined.
  FAIL generalexpression188: Unexpected error: Variable $works is not defined.
  FAIL generalexpression189: Unexpected error: Variable $works is not defined.
  FAIL generalexpression190: Unexpected error: Variable $works is not defined.
  FAIL generalexpression191: Unexpected error: Variable $works is not defined.
  FAIL generalexpression192: Unexpected error: Variable $works is not defined.
  FAIL generalexpression196: Unexpected error: Variable $works is not defined.
  FAIL generalexpression197: Unexpected error: Variable $works is not defined.
  FAIL generalexpression198: Unexpected error: Variable $works is not defined.
  FAIL K-GenCompNE-20: Unexpected error: XPTY0004
  FAIL K-GenCompNE-21: Unexpected error: XPTY0004
  FAIL K-GenCompNE-22: Unexpected error: XPTY0004
  FAIL K-GenCompNE-23: Unexpected error: XPTY0004
  FAIL group-005: Expected error XPTY0004, got: Parse error at position 34: XPST0003: Expected KeywordReturn but found KeywordLet
  FAIL group-006: any-of: none matched. [Unexpected error: Parse error at position 0: XPST0003: Unexpected token LessThan in primary expression; Unexpected error: Parse error at position 0: XPST0003: Unexpected token LessThan in primary expression]
  FAIL group-008: Unexpected error: Parse error at position 0: XPST0003: Unexpected token LessThan in primary expression
  FAIL group-009: Unexpected error: Parse error at position 0: XPST0003: Unexpected token LessThan in primary expression
  FAIL group-009a: Unexpected error: Parse error at position 0: XPST0003: Unexpected token LessThan in primary expression
  FAIL group-010: any-of: none matched. [Unexpected error: Parse error at position 0: XPST0003: Unexpected token LessThan in primary expression; Unexpected error: Parse error at position 0: XPST0003: Unexpected token LessThan in primary expression]
  FAIL group-013: any-of: none matched. [Unexpected error: Parse error at position 39: XPST0003: Expected KeywordReturn but found KeywordLet; Unexpected error: Parse error at position 39: XPST0003: Expected KeywordReturn but found KeywordLet]
  FAIL group-014: Expected error XQST0094, got: Parse error at position 71: XPST0003: Expected KeywordReturn but found Name
  FAIL group-016: Unexpected error: Parse error at position 43: XPST0003: Expected KeywordReturn but found Name
  FAIL group-017: Unexpected error: Parse error at position 72: XPST0003: Expected KeywordReturn but found Name
  FAIL group-019: Unexpected error: Parse error at position 66: XPST0003: Expected KeywordReturn but found KeywordLet
  FAIL group-022: Expected error XPTY0004, got: Parse error at position 28: XPST0003: Expected KeywordReturn but found Name
  FAIL group-023: Expected error XPTY0004, got: Parse error at position 28: XPST0003: Expected KeywordReturn but found Name
  FAIL K-CondExpr-7: Expected error FORG0006 but succeeded
  FAIL cbcl-condexpr-001: assert-string-value failed. Expected: '4', Got: ''
  FAIL cbcl-condexpr-002: assert-string-value failed. Expected: '4', Got: ''
  FAIL inline-fn-005: Expected error XPDY0002 but succeeded
  FAIL inline-fn-007: Unexpected error: Parse error at position 24: XPST0003: Unexpected token RBrace in primary expression
  FAIL inline-fn-013: assert-type failed. Expected xs:double, got Integer
  FAIL inline-fn-014: Unexpected error: Variable $x is not defined.
  FAIL inline-fn-025: Unexpected error: Cannot access FunctionValue on XDM value of kind 'Sequence'
  FAIL inline-fn-027: Unexpected error: Cannot access FunctionValue on XDM value of kind 'Map'
  FAIL inline-fn-029: Expected error FOTY0015 but succeeded
  FAIL inline-fn-031: Expected error FOTY0013 but succeeded
  FAIL inline-fn-036: Expected error XPTY0004 but succeeded
  FAIL instanceof49: assert-false failed. Got: true
  FAIL instanceof60: assert-false failed. Got: true
  FAIL instanceof93: assert-false failed. Got: true
  FAIL instanceof94: assert-false failed. Got: true
  FAIL instanceof104: assert-false failed. Got: true
  FAIL instanceof105: assert-false failed. Got: true
  FAIL instanceof110: assert-false failed. Got: true
  FAIL instanceof111: Expected error XPST0051 but succeeded
  FAIL instanceof122: assert-true failed. Got: false
  FAIL instanceof123: assert-true failed. Got: false
  FAIL instanceof124: assert-true failed. Got: false
  FAIL instanceof125: assert-true failed. Got: false
  FAIL instanceof126: assert-true failed. Got: false
  FAIL instanceof127: assert-true failed. Got: false
  FAIL instanceof132: assert-true failed. Got: false
  FAIL instanceof133: assert-true failed. Got: false
  FAIL K-SeqExprInstanceOf-49: Expected error XPST0081 but succeeded
  FAIL K-SeqExprInstanceOf-50: Expected error XPST0051 but succeeded
  FAIL K-SeqExprInstanceOf-51: Expected error XPST0051 but succeeded
  FAIL K-SeqExprInstanceOf-52: Expected error XPST0051 but succeeded
  FAIL K-SeqExprInstanceOf-53: Expected error XPST0051 but succeeded
  FAIL K-SeqExprInstanceOf-54: any-of: none matched. [Expected error XPST0051 but succeeded; Expected error XPST0003 but succeeded]
  FAIL K-SeqExprInstanceOf-55: any-of: none matched. [Expected error XPST0051 but succeeded; Expected error XPST0003 but succeeded]
  FAIL K2-SeqExprInstanceOf-38: assert-true failed. Got: false
  FAIL K2-SeqExprInstanceOf-39: assert-true failed. Got: false
  FAIL K2-SeqExprInstanceOf-40: assert-true failed. Got: false
  FAIL K2-SeqExprInstanceOf-41: assert-true failed. Got: false
  FAIL K2-SeqExprInstanceOf-42: assert-true failed. Got: false
  FAIL K2-SeqExprInstanceOf-43: assert-true failed. Got: false
  FAIL K2-SeqExprInstanceOf-44: assert-true failed. Got: false
  FAIL K2-SeqExprInstanceOf-45: assert-true failed. Got: false
  FAIL K2-SeqExprInstanceOf-58: assert-false failed. Got: true
  FAIL K2-SeqExprInstanceOf-59: assert-false failed. Got: true
  FAIL K2-SeqExprInstanceOf-60: assert-false failed. Got: true
  FAIL K2-SeqExprInstanceOf-61: assert-false failed. Got: true
  FAIL K2-SeqExprInstanceOf-62: assert-false failed. Got: true
  FAIL K2-SeqExprInstanceOf-63: assert-false failed. Got: true
  FAIL K2-SeqExprInstanceOf-64: assert-false failed. Got: true
  FAIL K2-SeqExprInstanceOf-65: assert-false failed. Got: true
  FAIL LetExpr010: Expected error XPTY0004 but succeeded
  FAIL LetExpr014: Expected error XPTY0004 but succeeded
  FAIL K-LetExprWithout-1: Expected error XPST0008 but succeeded
  FAIL Literals003: assert-string-value failed. Expected: 'line1 line2', Got: 'line1
line2'
  FAIL Literals004: assert-string-value failed. Expected: 'line1 line2', Got: 'line1
line2'
  FAIL Literals017: assert-string-value failed. Expected: '6.5535032E6', Got: '6.5535032000000002E6'
  FAIL Literals025: assert-string-value failed. Expected: '-6.5535032E6', Got: '-6.5535032000000002E6'
  FAIL Literals028: assert-string-value failed. Expected: '6.5535032E6', Got: '6.5535032000000002E6'
  FAIL K-Literals-8: Unexpected error: Parse error at position 1: XPST0003: Unexpected token Dot
  FAIL K-Literals-11: Unexpected error: Parse error at position 1: XPST0003: Unexpected token Dot
  FAIL K-Literals-12: Unexpected error: Parse error at position 1: XPST0003: Unexpected token Dot
  FAIL K-Literals-14: Unexpected error: Parse error at position 1: XPST0003: Unexpected token Dot
  FAIL K2-Literals-32: Unexpected error: Parse error at position 3: XPST0003: Unexpected token Dot
  FAIL K2-Literals-38: Expected error XPDY0002 but succeeded
  FAIL Lookup-005: Expected error FOAY0001 but succeeded
  FAIL Lookup-006: Expected error FOAY0001 but succeeded
  FAIL Lookup-007: assert-deep-eq failed. Expected 2 items, got 1
  FAIL Lookup-008: assert-deep-eq failed. Expected 2 items, got 1
  FAIL Lookup-012: Expected error XPTY0004 but succeeded
  FAIL Lookup-013: Expected error XPTY0004 but succeeded
  FAIL Lookup-015: Unexpected error: XPTY0004
  FAIL Lookup-019: Expected error XPTY0004 but succeeded
  FAIL Lookup-025: Unexpected error: Parse error at position 62: XPST0003: Unexpected token RParen in primary expression
  FAIL Lookup-042: assert-deep-eq failed. Expected 1 items, got 0
  FAIL Lookup-046: Unexpected error: Parse error at position 52: XPST0003: Unexpected token RParen in primary expression
  FAIL Lookup-105: Expected error FOAY0001 but succeeded
  FAIL Lookup-106: Expected error FOAY0001 but succeeded
  FAIL Lookup-107: assert-deep-eq failed. Expected 6 items, got 3
  FAIL Lookup-108: assert-deep-eq failed. Expected 6 items, got 3
  FAIL Lookup-112: Expected error XPTY0004 but succeeded
  FAIL Lookup-113: Expected error XPTY0004 but succeeded
  FAIL Lookup-115: Unexpected error: XPTY0004
  FAIL Lookup-119: Expected error XPTY0004 but succeeded
  FAIL Lookup-123: Unexpected error: Parse error at position 53: XPST0003: Unexpected token RParen in primary expression
  FAIL Lookup-142: assert-deep-eq failed. Expected 3 items, got 1
  FAIL Lookup-146: Unexpected error: Parse error at position 43: XPST0003: Unexpected token RParen in primary expression
  FAIL Lookup-155: Unexpected error: Parse error at position 48: XPST0003: Expected lookup key
  FAIL Lookup-156: Expected error XPST0003 but succeeded
  FAIL Lookup-157: Expected error XPST0003 but succeeded
  FAIL Lookup-165: Unexpected error: Parse error at position 34: XPST0003: Expected lookup key
  FAIL Lookup-166: Unexpected error: Parse error at position 42: XPST0003: Unexpected token Question in primary expression
  FAIL Lookup-168: Unexpected error: Parse error at position 55: XPST0003: Unexpected token Question in primary expression
  FAIL Lookup-212: Expected error FOAY0001 but succeeded
  FAIL Lookup-213: Expected error FOAY0001 but succeeded
  FAIL Lookup-215: assert-deep-eq failed. Expected 2 items, got 1
  FAIL Lookup-216: assert-deep-eq failed. Expected 2 items, got 1
  FAIL Lookup-224: Expected error FOAY0001 but succeeded
  FAIL Lookup-226: Expected error FOAY0001 but succeeded
  FAIL Lookup-231: Expected error XPDY0002 but succeeded
  FAIL MapConstructor-023: Expected error XPTY0004 but succeeded
  FAIL MapConstructor-024: Expected error XPTY0004 but succeeded
  FAIL MapConstructor-036: Expected error XQDY0137 but succeeded
  FAIL MapConstructor-037: Expected error XQDY0137 but succeeded
  FAIL MapConstructor-042: Expected error XQDY0137 but succeeded
  FAIL MapTest-004: assert-true failed. Got: false
  FAIL MapTest-005: assert-true failed. Got: false
  FAIL MapTest-007: Expected error XPST0003 but succeeded
  FAIL MapTest-008: Expected error XPST0051 but succeeded
  FAIL MapTest-009: assert-true failed. Got: false
  FAIL MapTest-011: assert-true failed. Got: false
  FAIL MapTest-012: assert-true failed. Got: false
  FAIL MapTest-014: assert-true failed. Got: false
  FAIL MapTest-016: Expected error XPST0003 but succeeded
  FAIL MapTest-017: assert-true failed. Got: false
  FAIL MapTest-018: assert-true failed. Got: false
  FAIL MapTest-046: assert-true failed. Got: false
  FAIL MapTest-047: Unexpected error: XPTY0004
  FAIL MapTest-048: Unexpected error: XPTY0004
  FAIL MapTest-050: assert-true failed. Got: false
  FAIL MapTest-051: assert-true failed. Got: false
  FAIL MapTest-052: assert-true failed. Got: false
  FAIL MapTest-053: assert-true failed. Got: false
  FAIL MapTest-054: assert-true failed. Got: false
  FAIL MapTest-055: Unexpected error: Cannot access FunctionValue on XDM value of kind 'Map'
  FAIL MapTest-057: Unexpected error: Cannot access FunctionValue on XDM value of kind 'Map'
  FAIL MapTest-059: assert-true failed. Got: false
  FAIL MapTest-060: assert-true failed. Got: false
  FAIL MapTest-063: assert-true failed. Got: false
  FAIL MapTest-064: assert-true failed. Got: false
  FAIL MapTest-065: assert-true failed. Got: false
  FAIL K-ModuleImport-1: Expected error XQST0088, got: Parse error at position 10: XPST0003: Unexpected token Name
  FAIL K-ModuleImport-2: Expected error XQST0088, got: Parse error at position 10: XPST0003: Unexpected token Name
  FAIL function-literal-006: Unexpected error: XPST0017: Function {http://www.w3.org/2005/xpath-functions}nilled#0 not found.
  FAIL function-literal-008: Unexpected error: XPST0017: Function {http://www.w3.org/2005/xpath-functions}nilled#1 not found.
  FAIL function-literal-018: assert-string-value failed. Expected: 'http://www.w3.org/fots/fn/function-lookup/function-lookup.xml', Got: 'file:///D:/Development/Bosak/tests/qt3tests/fn/function-lookup/function-lookup.xml'
  FAIL function-literal-066: assert-string-value failed. Expected: '10', Got: '1'
  FAIL function-literal-260: assert-string-value failed. Expected: 'http://www.example.org/', Got: ''
  FAIL function-literal-262: assert-string-value failed. Expected: 'xml', Got: ''
  FAIL function-literal-352: Unexpected error: XPST0017: Function {http://www.w3.org/2005/xpath-functions}id#2 not found.
  FAIL function-literal-356: Unexpected error: XPST0017: Function {http://www.w3.org/2005/xpath-functions}element-with-id#2 not found.
  FAIL function-literal-358: Unexpected error: XPST0017: Function {http://www.w3.org/2005/xpath-functions}idref#1 not found.
  FAIL function-literal-360: Unexpected error: XPST0017: Function {http://www.w3.org/2005/xpath-functions}idref#2 not found.
  FAIL function-literal-370: assert-type failed. Expected node()+, got empty sequence
  FAIL function-literal-372: assert-type failed. Expected node()+, got empty sequence
  FAIL function-literal-374: assert-type failed. Unexpected error: XPST0017: Function {http://www.w3.org/2005/xpath-functions}uri-collection#0 not found.
  FAIL function-literal-376: assert-type failed. Unexpected error: XPST0017: Function {http://www.w3.org/2005/xpath-functions}uri-collection#1 not found.
  FAIL function-literal-378: assert-type failed. Unexpected error: FOUT1170
  FAIL function-literal-380: assert-type failed. Unexpected error: FOUT1170
  FAIL function-literal-382: assert-type failed. Unexpected error: FOUT1170
  FAIL function-literal-384: assert-type failed. Unexpected error: FOUT1170
  FAIL function-literal-386: assert-true failed. Got: false
  FAIL function-literal-388: assert-true failed. Got: false
  FAIL function-literal-398: assert failed. Expression: contains($result, "1 true"), Got: false
  FAIL function-literal-400: Unexpected error: Cannot access MapValue on XDM value of kind 'Sequence'
  FAIL function-literal-416: assert-type failed. Expected xs:anyURI?, got empty sequence
  FAIL namespaceDecl-2: Expected error XPST0081, got: Parse error at position 8: XPST0003: Unexpected token Name
  FAIL K-NamespaceProlog-1: Unexpected error: Parse error at position 15: XPST0003: Unexpected token Name
  FAIL K-NamespaceProlog-2: Unexpected error: Parse error at position 15: XPST0003: Unexpected token Name
  FAIL K2-NameTest-11: Expected error XPST0081 but succeeded
  FAIL K2-NameTest-33: Expected error XPST0003 but succeeded
  FAIL K2-NameTest-34: Expected error XPST0003 but succeeded
  FAIL K2-NameTest-35: Expected error XPST0081 but succeeded
  FAIL K2-NameTest-36: Expected error XPST0081 but succeeded
  FAIL K2-NameTest-37: Expected error XPST0008 but succeeded
  FAIL K2-NameTest-38: Expected error XPST0008 but succeeded
  FAIL K2-NameTest-41: Expected error XPST0081 but succeeded
  FAIL K2-NameTest-42: Expected error XPST0081 but succeeded
  FAIL K2-NameTest-43: Expected error XPST0081 but succeeded
  FAIL K2-NameTest-44: Expected error XPST0081 but succeeded
  FAIL K2-NameTest-45: Expected error XPST0081 but succeeded
  FAIL K2-NameTest-46: Expected error XPST0081 but succeeded
  FAIL K2-NameTest-78: Expected error XPDY0002, got: Parse error at position -1: XPST0003: Expected Dollar but found Eof
  FAIL K2-NameTest-79: Expected error XPDY0002, got: Parse error at position -1: XPST0003: Expected Dollar but found Eof
  FAIL K2-NameTest-80: Expected error XPDY0002 but succeeded
  FAIL K2-NameTest-81: Expected error XPDY0002 but succeeded
  FAIL K2-NameTest-82: Expected error XPST0003 but succeeded
  FAIL K2-NameTest-83: Expected error XPDY0002 but succeeded
  FAIL K2-NameTest-85: Expected error XPDY0002 but succeeded
  FAIL K2-NameTest-86: Expected error XPDY0002 but succeeded
  FAIL K2-NodeTest-3: Expected error XPST0003 but succeeded
  FAIL K2-NodeTest-4: Expected error XPST0003 but succeeded
  FAIL K2-NodeTest-5: Expected error XPST0003 but succeeded
  FAIL K2-NodeTest-6: Expected error XPST0003 but succeeded
  FAIL K2-NodeTest-7: Expected error XPST0003 but succeeded
  FAIL K2-NodeTest-8: Expected error XPST0003 but succeeded
  FAIL K2-NodeTest-9: Expected error XPST0003 but succeeded
  FAIL K2-NodeTest-10: Expected error XPST0017 but succeeded
  FAIL K2-NodeTest-12: Expected error XPST0003 but succeeded
  FAIL K2-NodeTest-13: Expected error XPST0003 but succeeded
  FAIL K2-NodeTest-14: Expected error XPST0003 but succeeded
  FAIL K2-NodeTest-15: Expected error XPST0003 but succeeded
  FAIL K2-NodeTest-16: Expected error XPST0003 but succeeded
  FAIL K2-NodeTest-17: Expected error XPST0003 but succeeded
  FAIL K2-NodeTest-18: Expected error XPST0003 but succeeded
  FAIL K2-NodeTest-19: Expected error XPST0008 but succeeded
  FAIL K2-NodeTest-22: Expected error XPST0081 but succeeded
  FAIL K2-NodeTest-23: Expected error XPST0081 but succeeded
  FAIL K2-NodeTest-24: Expected error XPST0081 but succeeded
  FAIL K2-NodeTest-25: Expected error XPST0081 but succeeded
  FAIL K2-NodeTest-26: Expected error XPST0081 but succeeded
  FAIL K2-NodeTest-27: Expected error XPST0081 but succeeded
  FAIL K2-NodeTest-29: Expected error XPDY0002 but succeeded
  FAIL K2-NodeTest-30: Expected error XPDY0002 but succeeded
  FAIL K-OptionDeclarationProlog-2: Unexpected error: Parse error at position 11: XPST0003: Unexpected token Name
  FAIL K-OptionDeclarationProlog-3: Unexpected error: Parse error at position 11: XPST0003: Unexpected token Name
  FAIL K-OptionDeclarationProlog-4: Unexpected error: Parse error at position 11: XPST0003: Unexpected token Name
  FAIL K-LogicExpr-16: Expected error FORG0006 but succeeded
  FAIL K-LogicExpr-17: Expected error FORG0006 but succeeded
  FAIL K-LogicExpr-18: Expected error FORG0006 but succeeded
  FAIL K-LogicExpr-19: Expected error FORG0006 but succeeded
  FAIL K-LogicExpr-20: Expected error FORG0006 but succeeded
  FAIL K-LogicExpr-21: Expected error FORG0006 but succeeded
  FAIL K-LogicExpr-45: Expected error FORG0006 but succeeded
  FAIL orderbylocal-60: Expected error XQST0076, got: Parse error at position 24: XPST0003: Expected KeywordReturn but found Name
  FAIL K2-OrderbyExprWithout-5: Unexpected error: Parse error at position 20: XPST0003: Expected KeywordReturn but found Name
  FAIL K2-OrderbyExprWithout-6: Unexpected error: Parse error at position 20: XPST0003: Expected KeywordReturn but found Name
  FAIL K2-OrderbyExprWithout-8: any-of: none matched. [Unexpected error: Parse error at position 20: XPST0003: Expected KeywordReturn but found Name; Expected error XPTY0004, got: Parse error at position 20: XPST0003: Expected KeywordReturn but found Name]
  FAIL K2-OrderbyExprWithout-9: any-of: none matched. [Unexpected error: Parse error at position 37: XPST0003: Expected KeywordReturn but found Name; Expected error XPTY0004, got: Parse error at position 37: XPST0003: Expected KeywordReturn but found Name]
  FAIL K2-OrderbyExprWithout-10: Expected error XPTY0004, got: Parse error at position 20: XPST0003: Expected KeywordReturn but found KeywordLet
  FAIL K2-OrderbyExprWithout-11: Unexpected error: Parse error at position 20: XPST0003: Expected KeywordReturn but found KeywordLet
  FAIL K2-OrderbyExprWithout-12: Unexpected error: Parse error at position 37: XPST0003: Expected KeywordReturn but found Name
  FAIL K2-OrderbyExprWithout-13: Unexpected error: Parse error at position 37: XPST0003: Expected KeywordReturn but found Name
  FAIL K2-OrderbyExprWithout-16: Unexpected error: Parse error at position 62: XPST0003: Expected KeywordReturn but found Name
  FAIL K2-OrderbyExprWithout-17: Unexpected error: Parse error at position 71: XPST0003: Expected KeywordReturn but found Name
  FAIL K2-OrderbyExprWithout-18: Unexpected error: Parse error at position 26: XPST0003: Expected KeywordReturn but found Name
  FAIL K2-OrderbyExprWithout-19: any-of: none matched. [Unexpected error: Parse error at position 20: XPST0003: Expected KeywordReturn but found Name; Expected error XPTY0004, got: Parse error at position 20: XPST0003: Expected KeywordReturn but found Name]
  FAIL K2-OrderbyExprWithout-22: any-of: none matched. [Unexpected error: Parse error at position 20: XPST0003: Expected KeywordReturn but found KeywordLet; Unexpected error: Parse error at position 20: XPST0003: Expected KeywordReturn but found KeywordLet; Expected error XPST0005, got: Parse error at position 20: XPST0003: Expected KeywordReturn but found KeywordLet]
  FAIL K2-OrderbyExprWithout-23: any-of: none matched. [Unexpected error: Parse error at position 20: XPST0003: Expected KeywordReturn but found Name; Expected error XPTY0004, got: Parse error at position 20: XPST0003: Expected KeywordReturn but found Name]
  FAIL K2-OrderbyExprWithout-25: any-of: none matched. [Unexpected error: Parse error at position 51: XPST0003: Expected KeywordReturn but found Name; Expected error XPTY0004, got: Parse error at position 51: XPST0003: Expected KeywordReturn but found Name]
  FAIL K2-OrderbyExprWithout-26: any-of: none matched. [Unexpected error: Parse error at position 51: XPST0003: Expected KeywordReturn but found Name; Expected error XPTY0004, got: Parse error at position 51: XPST0003: Expected KeywordReturn but found Name]
  FAIL K2-OrderbyExprWithout-27: any-of: none matched. [Unexpected error: Parse error at position 56: XPST0003: Expected KeywordReturn but found Name; Expected error XPTY0004, got: Parse error at position 56: XPST0003: Expected KeywordReturn but found Name]
  FAIL K2-OrderbyExprWithout-28: any-of: none matched. [Unexpected error: Parse error at position 56: XPST0003: Expected KeywordReturn but found Name; Expected error XPTY0004, got: Parse error at position 56: XPST0003: Expected KeywordReturn but found Name]
  FAIL K2-OrderbyExprWithout-31: any-of: none matched. [Unexpected error: Parse error at position 20: XPST0003: Expected KeywordReturn but found Name; Expected error XPTY0004, got: Parse error at position 20: XPST0003: Expected KeywordReturn but found Name]
  FAIL K2-OrderbyExprWithout-32: any-of: none matched. [Unexpected error: Parse error at position 20: XPST0003: Expected KeywordReturn but found Name; Expected error XPTY0004, got: Parse error at position 20: XPST0003: Expected KeywordReturn but found Name]
  FAIL K2-OrderbyExprWithout-33: any-of: none matched. [Unexpected error: Parse error at position 51: XPST0003: Expected KeywordReturn but found Name; Expected error XPTY0004, got: Parse error at position 51: XPST0003: Expected KeywordReturn but found Name]
  FAIL K2-OrderbyExprWithout-34: any-of: none matched. [Unexpected error: Parse error at position 51: XPST0003: Expected KeywordReturn but found Name; Expected error XPTY0004, got: Parse error at position 51: XPST0003: Expected KeywordReturn but found Name]
  FAIL K2-OrderbyExprWithout-35: any-of: none matched. [Unexpected error: Parse error at position 73: XPST0003: Expected KeywordReturn but found Name; Expected error XPTY0004, got: Parse error at position 73: XPST0003: Expected KeywordReturn but found Name]
  FAIL K2-OrderbyExprWithout-36: any-of: none matched. [Unexpected error: Parse error at position 73: XPST0003: Expected KeywordReturn but found Name; Expected error XPTY0004, got: Parse error at position 73: XPST0003: Expected KeywordReturn but found Name]
  FAIL K2-OrderbyExprWithout-37: any-of: none matched. [Unexpected error: Parse error at position 20: XPST0003: Expected KeywordReturn but found Name; Unexpected error: Parse error at position 20: XPST0003: Expected KeywordReturn but found Name; Expected error XPST0005, got: Parse error at position 20: XPST0003: Expected KeywordReturn but found Name]
  FAIL K2-OrderbyExprWithout-38: Unexpected error: Parse error at position 20: XPST0003: Expected KeywordReturn but found Name
  FAIL K2-OrderbyExprWithout-39: any-of: none matched. [Unexpected error: Parse error at position 20: XPST0003: Expected KeywordReturn but found KeywordLet; Expected error XPTY0004, got: Parse error at position 20: XPST0003: Expected KeywordReturn but found KeywordLet]
  FAIL K2-OrderbyExprWithout-40: Expected error XPTY0004, got: Parse error at position 20: XPST0003: Expected KeywordReturn but found KeywordLet
  FAIL K2-OrderbyExprWithout-41: Unexpected error: Parse error at position 20: XPST0003: Expected KeywordReturn but found KeywordLet
  FAIL K2-OrderbyExprWithout-42: Unexpected error: Parse error at position 32: XPST0003: Expected KeywordReturn but found Name
  FAIL K2-OrderbyExprWithout-44: Unexpected error: Parse error at position 17: XPST0003: Expected KeywordReturn but found KeywordLet
  FAIL K2-OrderbyExprWithout-45: Unexpected error: Parse error at position 31: XPST0003: Expected KeywordReturn but found Name
  FAIL K2-OrderbyExprWithout-46: Unexpected error: Parse error at position 115: XPST0003: Expected KeywordReturn but found Name
  FAIL K2-OrderbyExprWithout-47: Unexpected error: Parse error at position 115: XPST0003: Expected KeywordReturn but found Name
  FAIL K-DefaultOrderingProlog-1: Unexpected error: Parse error at position 11: XPST0003: Unexpected token Name
  FAIL K-DefaultOrderingProlog-2: Unexpected error: Parse error at position 11: XPST0003: Unexpected token Name
  FAIL K-DefaultOrderingProlog-3: Expected error XQST0065, got: Parse error at position 11: XPST0003: Unexpected token Name
  FAIL K2-DefaultOrderingProlog-1: Expected error XPDY0002 but succeeded
  FAIL K2-DefaultOrderingProlog-2: Expected error XPDY0002 but succeeded
  FAIL PathExpr-9p: Unexpected error: Cannot convert Undefined to decimal
  FAIL PathExpr-10: any-of: none matched. [Expected error XPST0003 but succeeded; Expected error XPST0008 but succeeded]
  FAIL PathExpr-11: Expected error XPST0003 but succeeded
  FAIL PathExpr-12: Expected error XPST0003 but succeeded
  FAIL PathExpr-13: Expected error XPST0003 but succeeded
  FAIL K-ForExprPositionalVar-1: Expected error XPST0008, got: Parse error at position 7: XPST0003: Expected KeywordIn but found Name
  FAIL K-ForExprPositionalVar-2: Expected error XPST0008, got: Parse error at position 7: XPST0003: Expected KeywordIn but found Name
  FAIL K-ForExprPositionalVar-3: Expected error XPST0008, got: Parse error at position 7: XPST0003: Expected KeywordIn but found Name
  FAIL K-ForExprPositionalVar-4: Expected error XPST0008, got: Parse error at position 7: XPST0003: Expected KeywordIn but found Name
  FAIL K-ForExprPositionalVar-6: Unexpected error: Parse error at position 29: XPST0003: Expected KeywordIn but found Name
  FAIL K-ForExprPositionalVar-7: Unexpected error: Parse error at position 36: XPST0003: Expected KeywordIn but found Name
  FAIL K-ForExprPositionalVar-8: Expected error XPTY0004, got: Parse error at position 7: XPST0003: Expected KeywordIn but found Name
  FAIL K-ForExprPositionalVar-9: Unexpected error: Parse error at position 29: XPST0003: Expected KeywordIn but found Name
  FAIL K-ForExprPositionalVar-10: Unexpected error: Parse error at position 29: XPST0003: Expected KeywordIn but found Name
  FAIL K-ForExprPositionalVar-11: any-of: none matched. [Unexpected error: Parse error at position 13: XPST0003: Expected KeywordIn but found Name; Expected error XPST0005, got: Parse error at position 13: XPST0003: Expected KeywordIn but found Name]
  FAIL K-ForExprPositionalVar-12: Unexpected error: Parse error at position 32: XPST0003: Expected KeywordIn but found Name
  FAIL K-ForExprPositionalVar-13: Unexpected error: Parse error at position 32: XPST0003: Expected KeywordIn but found Name
  FAIL K-ForExprPositionalVar-14: Unexpected error: Parse error at position 32: XPST0003: Expected KeywordIn but found Name
  FAIL K-ForExprPositionalVar-15: Unexpected error: Parse error at position 32: XPST0003: Expected KeywordIn but found Name
  FAIL K-ForExprPositionalVar-16: Unexpected error: Parse error at position 32: XPST0003: Expected KeywordIn but found Name
  FAIL K-ForExprPositionalVar-17: Unexpected error: Parse error at position 29: XPST0003: Expected KeywordIn but found Name
  FAIL K-ForExprPositionalVar-18: Unexpected error: Parse error at position 29: XPST0003: Expected KeywordIn but found Name
  FAIL K-ForExprPositionalVar-19: Unexpected error: Parse error at position 29: XPST0003: Expected KeywordIn but found Name
  FAIL K-ForExprPositionalVar-20: Unexpected error: Parse error at position 29: XPST0003: Expected KeywordIn but found Name
  FAIL K-ForExprPositionalVar-21: Unexpected error: Parse error at position 29: XPST0003: Expected KeywordIn but found Name
  FAIL K-ForExprPositionalVar-22: Unexpected error: Parse error at position 29: XPST0003: Expected KeywordIn but found Name
  FAIL K-ForExprPositionalVar-23: Unexpected error: Parse error at position 13: XPST0003: Expected KeywordIn but found Name
  FAIL K-ForExprPositionalVar-24: any-of: none matched. [Unexpected error: Parse error at position 13: XPST0003: Expected KeywordIn but found Name; Expected error XPST0005, got: Parse error at position 13: XPST0003: Expected KeywordIn but found Name]
  FAIL K-ForExprPositionalVar-25: any-of: none matched. [Unexpected error: Parse error at position 13: XPST0003: Expected KeywordIn but found Name; Expected error XPST0005, got: Parse error at position 13: XPST0003: Expected KeywordIn but found Name]
  FAIL K-ForExprPositionalVar-26: Unexpected error: Parse error at position 26: XPST0003: Expected KeywordIn but found Name
  FAIL K-ForExprPositionalVar-27: Unexpected error: Parse error at position 26: XPST0003: Expected KeywordIn but found Name
  FAIL K-ForExprPositionalVar-28: Unexpected error: Parse error at position 26: XPST0003: Expected KeywordIn but found Name
  FAIL K-ForExprPositionalVar-29: Unexpected error: Parse error at position 13: XPST0003: Expected KeywordIn but found Name
  FAIL K-ForExprPositionalVar-30: Unexpected error: Parse error at position 18: XPST0003: Expected KeywordIn but found Name
  FAIL K2-ForExprPositionalVar-1: Unexpected error: Parse error at position 7: XPST0003: Expected KeywordIn but found Name
  FAIL K2-ForExprPositionalVar-4: Unexpected error: Parse error at position 7: XPST0003: Expected KeywordIn but found Name
  FAIL filterexpressionhc1: assert-xml failed. Expected: <employee>
   <empnum>E1</empnum>
   <pnum>P1</pnum>
   <hours>40</hours>
  </employee><employee>
   <empnum>E1</empnum>
   <pnum>P3</pnum>
   <hours>80</hours>
  </employee><employee>
   <empnum>E2</empnum>
   <pnum>P1</pnum>
   <hours>40</hours>
  </employee><employee>
   <empnum>E2</empnum>
   <pnum>P2</pnum>
   <hours>80</hours>
  </employee><employee>
   <empnum>E4</empnum>
   <pnum>P4</pnum>
   <hours>40</hours>
  </employee><employee>
   <empnum>E4</empnum>
   <pnum>P5</pnum>
   <hours>80</hours>
  </employee>, Got: <employee>
   <empnum>E1</empnum>
   <pnum>P1</pnum>
   <hours>40</hours>
  </employee><employee>
   <empnum>E1</empnum>
   <pnum>P3</pnum>
   <hours>80</hours>
  </employee><employee>
   <empnum>E2</empnum>
   <pnum>P1</pnum>
   <hours>40</hours>
  </employee><employee>
   <empnum>E2</empnum>
   <pnum>P2</pnum>
   <hours>80</hours>
  </employee><employee>
   <empnum>E4</empnum>
   <pnum>P4</pnum>
   <hours>40</hours>
  </employee><employee>
   <empnum>E4</empnum>
   <pnum>P5</pnum>
   <hours>80</hours>
  </employee>
  FAIL filterexpressionhc4: assert-xml failed. Expected: <employee>
   <empnum>E1</empnum>
   <pnum>P1</pnum>
   <hours>40</hours>
  </employee><employee>
   <empnum>E1</empnum>
   <pnum>P3</pnum>
   <hours>80</hours>
  </employee><employee>
   <empnum>E2</empnum>
   <pnum>P1</pnum>
   <hours>40</hours>
  </employee><employee>
   <empnum>E2</empnum>
   <pnum>P2</pnum>
   <hours>80</hours>
  </employee><employee>
   <empnum>E4</empnum>
   <pnum>P4</pnum>
   <hours>40</hours>
  </employee><employee>
   <empnum>E4</empnum>
   <pnum>P5</pnum>
   <hours>80</hours>
  </employee>, Got: <employee>
   <empnum>E1</empnum>
   <pnum>P1</pnum>
   <hours>40</hours>
  </employee><employee>
   <empnum>E1</empnum>
   <pnum>P3</pnum>
   <hours>80</hours>
  </employee><employee>
   <empnum>E2</empnum>
   <pnum>P1</pnum>
   <hours>40</hours>
  </employee><employee>
   <empnum>E2</empnum>
   <pnum>P2</pnum>
   <hours>80</hours>
  </employee><employee>
   <empnum>E4</empnum>
   <pnum>P4</pnum>
   <hours>40</hours>
  </employee><employee>
   <empnum>E4</empnum>
   <pnum>P5</pnum>
   <hours>80</hours>
  </employee>
  FAIL K-FilterExpr-38: Expected error FORG0006 but succeeded
  FAIL K-FilterExpr-40: Expected error FORG0006 but succeeded
  FAIL K-FilterExpr-82: any-of: none matched. [assert-eq failed. Expected: 0, Got: 0 1 2; Expected error XPTY0004 but succeeded]
  FAIL K-FilterExpr-84: any-of: none matched. [assert-true failed. Got: false; Expected error XPTY0004 but succeeded; Expected error XPST0005 but succeeded]
  FAIL K-FilterExpr-85: any-of: none matched. [assert-true failed. Got: false; Expected error XPTY0004 but succeeded; Expected error XPST0005 but succeeded]
  FAIL K-FilterExpr-91: Expected error FORG0006 but succeeded
  FAIL K-FilterExpr-92: Expected error FORG0006 but succeeded
  FAIL K-FilterExpr-93: Expected error FORG0006 but succeeded
  FAIL K-FilterExpr-94: Expected error FORG0006 but succeeded
  FAIL predicates-24: assert-xml failed. Expected: <employee name="Jane Doe 7" gender="female">
   <empnum>E2</empnum>
   <pnum>P1</pnum>
   <hours>40</hours>
  </employee><employee name="John Doe 8" gender="male">
   <empnum>E2</empnum>
   <pnum>P2</pnum>
   <hours>80</hours>
  </employee><employee name="Jane Doe 9" gender="female">
   <empnum>E3</empnum>
   <pnum>P2</pnum>
   <hours>20</hours>
  </employee><employee name="John Doe 10" gender="male">
   <empnum>E3</empnum>
   <pnum>P2</pnum>
   <hours>20</hours>
  </employee>, Got: <employee name="Jane Doe 7" gender="female">
   <empnum>E2</empnum>
   <pnum>P1</pnum>
   <hours>40</hours>
  </employee><employee name="John Doe 8" gender="male">
   <empnum>E2</empnum>
   <pnum>P2</pnum>
   <hours>80</hours>
  </employee><employee name="Jane Doe 9" gender="female">
   <empnum>E3</empnum>
   <pnum>P2</pnum>
   <hours>20</hours>
  </employee><employee name="John Doe 10" gender="male">
   <empnum>E3</empnum>
   <pnum>P2</pnum>
   <hours>20</hours>
  </employee>
  FAIL predicates-33: Unexpected error: XPTY0004
  FAIL predicates-34: Unexpected error: XPTY0004
  FAIL predicates-35: Unexpected error: XPTY0004
  FAIL predicates-36: Unexpected error: XPTY0004
  FAIL K-QuantExprWithout-1: Expected error FORG0006 but succeeded
  FAIL K-QuantExprWithout-2: Expected error FORG0006 but succeeded
  FAIL K-QuantExprWithout-28: Expected error FORG0006 but succeeded
  FAIL K-QuantExprWithout-29: Expected error FORG0006 but succeeded
  FAIL K-QuantExprWithout-30: Expected error FORG0006 but succeeded
  FAIL K-QuantExprWithout-31: Expected error FORG0006 but succeeded
  FAIL K-QuantExprWithout-32: Expected error FORG0006 but succeeded
  FAIL K-QuantExprWithout-56: Unexpected error: Variable $name is not defined.
  FAIL K-QuantExprWithout-57: Unexpected error: Variable $name is not defined.
  FAIL K-QuantExprWithout-58: Unexpected error: Variable $name is not defined.
  FAIL K-QuantExprWithout-59: Unexpected error: Variable $name is not defined.
  FAIL K-QuantExprWithout-94: Expected error FORG0006 but succeeded
  FAIL K-QuantExprWithout-95: Expected error FORG0006 but succeeded
  FAIL K-QuantExprWithout-96: Expected error FORG0006 but succeeded
  FAIL K-QuantExprWithout-97: Expected error FORG0006 but succeeded
  FAIL K2-QuantExprWithout-4: Expected error XPDY0002 but succeeded
  FAIL ReturnExpr017: Unexpected error: Cannot convert String to integer
  FAIL qischema043: Unexpected error: Parse error at position 123: XPST0003: Unexpected token Name
  FAIL K2-Steps-9: Expected error XPST0003 but succeeded
  FAIL string-constructor-021: Unexpected error: Parse error at position 14: XPST0003: Unexpected token Invalid in primary expression
  FAIL string-constructor-022: Unexpected error: Parse error at position 0: XPST0003: Unexpected token Invalid in primary expression
  FAIL string-constructor-023: Unexpected error: Parse error at position 0: XPST0003: Unexpected token Invalid in primary expression
  FAIL string-constructor-024: Unexpected error: Parse error at position 0: XPST0003: Unexpected token Invalid in primary expression
  FAIL string-constructor-025: Unexpected error: Parse error at position 0: XPST0003: Unexpected token Invalid in primary expression
  FAIL string-constructor-026: Unexpected error: Parse error at position 0: XPST0003: Unexpected token Invalid in primary expression
  FAIL string-constructor-027: Unexpected error: Parse error at position 0: XPST0003: Unexpected token LessThan in primary expression
  FAIL string-constructor-916: Expected error XPST0003 but succeeded
  FAIL switch-001: Unexpected error: Parse error at position 7: XPST0003: Unexpected token Name
  FAIL switch-002: Unexpected error: Parse error at position 7: XPST0003: Unexpected token Name
  FAIL switch-003: Unexpected error: Parse error at position 7: XPST0003: Unexpected token Name
  FAIL switch-004: Unexpected error: Parse error at position 7: XPST0003: Unexpected token Name
  FAIL switch-005: Unexpected error: Parse error at position 7: XPST0003: Unexpected token Name
  FAIL switch-006: Unexpected error: Parse error at position 7: XPST0003: Unexpected token Name
  FAIL switch-007: Unexpected error: Parse error at position 7: XPST0003: Unexpected token Name
  FAIL switch-008: Unexpected error: Parse error at position 7: XPST0003: Unexpected token Name
  FAIL switch-009: Unexpected error: Parse error at position 7: XPST0003: Unexpected token Name
  FAIL switch-010: Unexpected error: Parse error at position 7: XPST0003: Unexpected token Name
  FAIL switch-011: Unexpected error: Parse error at position 7: XPST0003: Unexpected token Name
  FAIL switch-012: Unexpected error: Parse error at position 7: XPST0003: Unexpected token Name
  FAIL switch-013: Unexpected error: Parse error at position 7: XPST0003: Unexpected token Name
  FAIL switch-014: Unexpected error: Parse error at position 63: XPST0003: Unexpected token Name
  FAIL switch-015: Unexpected error: Parse error at position 68: XPST0003: Unexpected token Name
  FAIL switch-016: Unexpected error: Parse error at position 81: XPST0003: Unexpected token Name
  FAIL switch-017: Unexpected error: Parse error at position 65: XPST0003: Unexpected token Name
  FAIL switch-018: Unexpected error: Parse error at position 67: XPST0003: Unexpected token Name
  FAIL switch-901: Expected error XPTY0004, got: Parse error at position 7: XPST0003: Unexpected token Name
  FAIL switch-902: Expected error XPTY0004, got: Parse error at position 7: XPST0003: Unexpected token Name
  FAIL treat-as-13: assert-string-value failed. Expected: '100 100 100 100', Got: '100 1 1 100'
  FAIL K-SeqExprTreat-2: Expected error XPDY0050 but succeeded
  FAIL cbcl-treat-as-003: Unexpected error: Treat as assertion failed for type xs:integer with occurrence OneOrMore.
  FAIL cbcl-treat-as-004: assert-string-value failed. Expected: '2', Got: ''
  FAIL cbcl-treat-as-010: Expected error XPDY0050 but succeeded
  FAIL cbcl-treat-as-012: Expected error XPDY0050 but succeeded
  FAIL try-003: Unexpected error: Parse error at position 34: XPST0003: Expected LBrace but found Colon
  FAIL try-004: Unexpected error: Parse error at position 42: XPST0003: Only catch * is currently supported
  FAIL try-005: Unexpected error: Parse error at position 0: XPST0003: Unexpected token LessThan in primary expression
  FAIL try-007: Expected error FODC0002, got: Parse error at position 69: XPST0003: Unexpected token LessThan in primary expression
  FAIL try-014: Unexpected error: Parse error at position 201: XPST0003: Only catch * is currently supported
  FAIL try-015: Unexpected error: Parse error at position 46: XPST0003: Only catch * is currently supported
  FAIL try-018: Unexpected error: Parse error at position 26: XPST0003: Only catch * is currently supported
  FAIL no-try-catch-3: Expected error XPTY0004, got: Parse error at position 7: XPST0003: Expected Assign but found KeywordAs
  FAIL try-catch-dynamic-error-2: Unexpected error: Parse error at position 22: XPST0003: Only catch * is currently supported
  FAIL try-catch-dynamic-error-3: Unexpected error: Parse error at position 22: XPST0003: Only catch * is currently supported
  FAIL try-catch-dynamic-error-4: Unexpected error: Parse error at position 23: XPST0003: Expected LBrace but found Colon
  FAIL try-catch-static-error-1: Expected error XPST0008 but succeeded
  FAIL try-catch-static-error-2: Expected error XPST0008, got: Parse error at position 17: XPST0003: Only catch * is currently supported
  FAIL try-catch-static-error-3: Expected error XPST0008, got: Parse error at position 17: XPST0003: Only catch * is currently supported
  FAIL try-catch-static-error-4: Expected error XPST0008, got: Parse error at position 18: XPST0003: Expected LBrace but found Colon
  FAIL try-catch-type-error-1: any-of: none matched. [Expected error XPTY0004, got: Parse error at position 13: XPST0003: Expected Assign but found KeywordAs; Unexpected error: Parse error at position 13: XPST0003: Expected Assign but found KeywordAs]
  FAIL try-catch-type-error-2: any-of: none matched. [Expected error XPTY0004, got: Parse error at position 13: XPST0003: Expected Assign but found KeywordAs; Unexpected error: Parse error at position 13: XPST0003: Expected Assign but found KeywordAs]
  FAIL try-catch-type-error-3: any-of: none matched. [Expected error XPTY0004, got: Parse error at position 13: XPST0003: Expected Assign but found KeywordAs; Unexpected error: Parse error at position 13: XPST0003: Expected Assign but found KeywordAs]
  FAIL try-catch-type-error-4: any-of: none matched. [Expected error XPTY0004, got: Parse error at position 13: XPST0003: Expected Assign but found KeywordAs; Unexpected error: Parse error at position 13: XPST0003: Expected Assign but found KeywordAs]
  FAIL try-catch-dynamic-error-outside-before-2: Expected error FOAR0001, got: Parse error at position 26: XPST0003: Only catch * is currently supported
  FAIL try-catch-dynamic-error-outside-before-3: Expected error FOAR0001, got: Parse error at position 26: XPST0003: Only catch * is currently supported
  FAIL try-catch-dynamic-error-outside-before-4: Expected error FOAR0001, got: Parse error at position 27: XPST0003: Expected LBrace but found Colon
  FAIL try-catch-dynamic-error-outside-after-2: Expected error FOAR0001, got: Parse error at position 17: XPST0003: Only catch * is currently supported
  FAIL try-catch-dynamic-error-outside-after-3: Expected error FOAR0001, got: Parse error at position 17: XPST0003: Only catch * is currently supported
  FAIL try-catch-dynamic-error-outside-after-4: Expected error FOAR0001, got: Parse error at position 18: XPST0003: Expected LBrace but found Colon
  FAIL try-catch-dynamic-error-outside-2: Expected error XPTY0004, got: Parse error at position 22: XPST0003: Only catch * is currently supported
  FAIL try-catch-dynamic-error-outside-3: Expected error XPTY0004, got: Parse error at position 22: XPST0003: Only catch * is currently supported
  FAIL try-catch-dynamic-error-outside-4: Expected error XPTY0004, got: Parse error at position 23: XPST0003: Expected LBrace but found Colon
  FAIL try-catch-dynamic-error-outside-6: Expected error XPTY0004, got: Parse error at position 18: XPST0003: Only catch * is currently supported
  FAIL try-catch-dynamic-error-outside-7: Expected error XPTY0004, got: Parse error at position 18: XPST0003: Only catch * is currently supported
  FAIL try-catch-dynamic-error-outside-8: Expected error XPTY0004, got: Parse error at position 19: XPST0003: Expected LBrace but found Colon
  FAIL try-catch-no-error-2: Unexpected error: Parse error at position 16: XPST0003: Only catch * is currently supported
  FAIL try-catch-no-error-3: Unexpected error: Parse error at position 16: XPST0003: Only catch * is currently supported
  FAIL try-catch-no-error-4: Unexpected error: Parse error at position 17: XPST0003: Expected LBrace but found Colon
  FAIL try-catch-no-error-5: Unexpected error: Parse error at position 16: XPST0003: Only catch * is currently supported
  FAIL try-catch-name-tests-namespace-1: Unexpected error: Parse error at position 22: XPST0003: Only catch * is currently supported
  FAIL try-catch-name-tests-namespace-2: Unexpected error: Parse error at position 22: XPST0003: Only catch * is currently supported
  FAIL try-catch-name-no-matching-catch-clause-1: Expected error FOAR0001, got: Parse error at position 22: XPST0003: Only catch * is currently supported
  FAIL try-catch-name-no-matching-catch-clause-2: Expected error FOAR0001, got: Parse error at position 22: XPST0003: Only catch * is currently supported
  FAIL try-catch-name-no-matching-catch-clause-3: Expected error FOAR0001, got: Parse error at position 23: XPST0003: Expected LBrace but found Colon
  FAIL try-catch-name-no-matching-catch-clause-4: Expected error FOAR0001, got: Parse error at position 22: XPST0003: Only catch * is currently supported
  FAIL try-catch-name-no-matching-catch-clause-5: Expected error FOAR0001, got: Parse error at position 22: XPST0003: Only catch * is currently supported
  FAIL try-catch-name-no-matching-catch-clause-6: Expected error FOAR0001, got: Parse error at position 22: XPST0003: Only catch * is currently supported
  FAIL try-catch-several-name-tests-1: Unexpected error: Parse error at position 22: XPST0003: Only catch * is currently supported
  FAIL try-catch-several-name-tests-2: Unexpected error: Parse error at position 22: XPST0003: Only catch * is currently supported
  FAIL try-catch-several-name-tests-3: Unexpected error: Parse error at position 22: XPST0003: Only catch * is currently supported
  FAIL try-catch-first-matching-catch-clause-1: Unexpected error: Parse error at position 22: XPST0003: Only catch * is currently supported
  FAIL try-catch-first-matching-catch-clause-2: Unexpected error: Parse error at position 22: XPST0003: Only catch * is currently supported
  FAIL try-catch-first-matching-catch-clause-3: Unexpected error: Parse error at position 22: XPST0003: Only catch * is currently supported
  FAIL try-catch-first-matching-catch-clause-4: Unexpected error: Parse error at position 22: XPST0003: Only catch * is currently supported
  FAIL try-catch-first-matching-catch-clause-5: Unexpected error: Parse error at position 22: XPST0003: Only catch * is currently supported
  FAIL try-catch-first-matching-catch-clause-6: Unexpected error: Parse error at position 22: XPST0003: Only catch * is currently supported
  FAIL try-catch-first-matching-catch-clause-7: Unexpected error: Parse error at position 22: XPST0003: Only catch * is currently supported
  FAIL try-catch-first-matching-catch-clause-8: Unexpected error: Parse error at position 22: XPST0003: Only catch * is currently supported
  FAIL try-catch-first-matching-catch-clause-9: Unexpected error: Parse error at position 22: XPST0003: Only catch * is currently supported
  FAIL try-catch-first-matching-catch-clause-10: Unexpected error: Parse error at position 22: XPST0003: Only catch * is currently supported
  FAIL try-catch-first-matching-catch-clause-11: Unexpected error: Parse error at position 22: XPST0003: Only catch * is currently supported
  FAIL try-catch-first-matching-catch-clause-12: Unexpected error: Parse error at position 39: XPST0003: Unexpected token KeywordCatch
  FAIL try-catch-err-code-variable-1: assert-string-value failed. Expected: 'err:FOAR0001', Got: 'DivideByZeroException'
  FAIL try-catch-err-code-variable-2: Unexpected error: Cannot access QNameValue on XDM value of kind 'String'
  FAIL try-catch-err-code-variable-3: Unexpected error: Cannot access QNameValue on XDM value of kind 'String'
  FAIL try-catch-err-code-variable-4: Unexpected error: Cannot access QNameValue on XDM value of kind 'String'
  FAIL try-catch-err-code-variable-5: assert-string-value failed. Expected: 'err:FOER0001', Got: 'InvalidOperationException'
  FAIL try-catch-err-code-variable-6: Unexpected error: Cannot access QNameValue on XDM value of kind 'String'
  FAIL try-catch-err-code-variable-7: Unexpected error: Cannot access QNameValue on XDM value of kind 'String'
  FAIL try-catch-err-code-variable-8: Unexpected error: Cannot access QNameValue on XDM value of kind 'String'
  FAIL try-catch-err-code-variable-9: assert-string-value failed. Expected: 'err:FOER0000', Got: 'InvalidOperationException'
  FAIL try-catch-err-code-variable-10: Unexpected error: Cannot access QNameValue on XDM value of kind 'String'
  FAIL try-catch-err-code-variable-11: Unexpected error: Cannot access QNameValue on XDM value of kind 'String'
  FAIL try-catch-err-code-variable-12: Unexpected error: Cannot access QNameValue on XDM value of kind 'String'
  FAIL try-catch-err-code-variable-13: Unexpected error: Parse error at position 26: XPST0003: Unexpected token LessThan in primary expression
  FAIL try-catch-err-code-variable-14: assert-string-value failed. Expected: 'err:FODC0006 err:FODC0006', Got: 'XmlException XmlException'
  FAIL try-catch-err-description-variable-3: assert-string-value failed. Expected: 'Description', Got: 'fn:error(err:FOER0000): Description'
  FAIL try-catch-err-value-variable-1: Unexpected error: Variable $value is not defined.
  FAIL try-catch-err-value-variable-2: Unexpected error: Parse error at position 106: XPST0003: Unexpected token LessThan in primary expression
  FAIL try-catch-err-value-variable-3: Unexpected error: Variable $value is not defined.
  FAIL try-catch-err-module-variable-1: Unexpected error: Variable $module is not defined.
  FAIL try-catch-err-module-variable-2: any-of: none matched. [Unexpected error: Variable $module is not defined.; Unexpected error: Variable $module is not defined.]
  FAIL try-catch-err-module-variable-3: assert-type failed. Unexpected error: Variable $module is not defined.
  FAIL try-catch-err-line-number-variable-1: Unexpected error: Variable $line-number is not defined.
  FAIL try-catch-err-line-number-variable-2: any-of: none matched. [Unexpected error: Variable $line-number is not defined.; Unexpected error: Variable $line-number is not defined.]
  FAIL try-catch-err-line-number-variable-3: assert-type failed. Unexpected error: Variable $line-number is not defined.
  FAIL try-catch-err-column-number-variable-1: Unexpected error: Variable $column-number is not defined.
  FAIL try-catch-err-column-number-variable-2: any-of: none matched. [Unexpected error: Variable $column-number is not defined.; Unexpected error: Variable $column-number is not defined.]
  FAIL try-catch-err-column-number-variable-3: assert-type failed. Unexpected error: Variable $column-number is not defined.
  FAIL try-catch-err-dynamic-error-in-catch-clause-2: Expected error FOAR0001, got: Parse error at position 22: XPST0003: Only catch * is currently supported
  FAIL try-catch-err-dynamic-error-in-catch-clause-3: Unexpected error: Parse error at position 16: XPST0003: Only catch * is currently supported
  FAIL try-catch-err-dynamic-error-in-catch-clause-4: Unexpected error: Parse error at position 25: XPST0003: Only catch * is currently supported
  FAIL try-catch-err-dynamic-error-in-catch-clause-5: Unexpected error: Parse error at position 25: XPST0003: Only catch * is currently supported
  FAIL try-catch-function-call-1: Unexpected error: Parse error at position 25: XPST0003: Only catch * is currently supported
  FAIL try-catch-function-call-2: Unexpected error: Parse error at position 33: XPST0003: Only catch * is currently supported
  FAIL try-catch-function-call-3: Unexpected error: Parse error at position 43: XPST0003: Only catch * is currently supported
  FAIL try-catch-function-call-4: Unexpected error: Parse error at position 40: XPST0003: Only catch * is currently supported
  FAIL try-catch-error-function-with-static-error-code: Unexpected error: Parse error at position 49: XPST0003: Only catch * is currently supported
  FAIL try-catch-variable-binding-outside-1: Expected error XPTY0004, got: Parse error at position 7: XPST0003: Expected Assign but found KeywordAs
  FAIL try-catch-variable-binding-outside-2: any-of: none matched. [Unexpected error: Parse error at position 13: XPST0003: Expected Assign but found KeywordAs; Expected error XPTY0004, got: Parse error at position 13: XPST0003: Expected Assign but found KeywordAs]
  FAIL try-catch-variable-binding-outside-3: any-of: none matched. [Unexpected error: Parse error at position 7: XPST0003: Expected KeywordIn but found KeywordAs; Expected error XPTY0004, got: Parse error at position 7: XPST0003: Expected KeywordIn but found KeywordAs]
  FAIL try-catch-variable-binding-outside-5: Expected error XPTY0004, got: Parse error at position 4: XPST0003: Expected Dollar but found Name
  FAIL try-catch-variable-binding-outside-6: any-of: none matched. [Unexpected error: Parse error at position 10: XPST0003: Expected Dollar but found Name; Expected error XPTY0004, got: Parse error at position 10: XPST0003: Expected Dollar but found Name]
  FAIL try-catch-optimizations-1: Unexpected error: Parse error at position 53: XPST0003: Only catch * is currently supported
  FAIL try-catch-optimizations-2: Unexpected error: Parse error at position 59: XPST0003: Only catch * is currently supported
  FAIL try-catch-spec-example-2: Unexpected error: Parse error at position 74: XPST0003: Only catch * is currently supported
  FAIL try-catch-spec-example-3: Unexpected error: Parse error at position 74: XPST0003: Only catch * is currently supported
  FAIL try-catch-spec-example-4: Unexpected error: Variable $value is not defined.
  FAIL try-catch-all-dynamic-errors-caught-1: Unexpected error: Parse error at position 16: XPST0003: Only catch * is currently supported
  FAIL try-catch-all-dynamic-errors-caught-2: Unexpected error: Parse error at position 36: XPST0003: Only catch * is currently supported
  FAIL try-catch-all-dynamic-errors-caught-3: Unexpected error: Parse error at position 15: XPST0003: Expected RBrace but found Name
  FAIL try-catch-all-dynamic-errors-caught-4: Unexpected error: Parse error at position 29: XPST0003: Expected RBrace but found Name
  FAIL try-catch-all-dynamic-errors-caught-5: Unexpected error: Parse error at position 30: XPST0003: Expected RBrace but found LBrace
  FAIL try-catch-all-dynamic-errors-caught-6: Unexpected error: Parse error at position 16: XPST0003: Expected RBrace but found Name
  FAIL try-catch-all-dynamic-errors-caught-7: any-of: none matched. [Unexpected error: Parse error at position 15: XPST0003: Expected RBrace but found LBrace; Expected error XQDY0084, got: Parse error at position 15: XPST0003: Expected RBrace but found LBrace; Expected error XQST0075, got: Parse error at position 15: XPST0003: Expected RBrace but found LBrace]
  FAIL try-catch-all-dynamic-errors-caught-8: Unexpected error: Parse error at position 29: XPST0003: Expected RBrace but found Name
  FAIL try-catch-all-dynamic-errors-caught-9: Unexpected error: Parse error at position 14: XPST0003: Expected RBrace but found LBrace
  FAIL try-catch-all-dynamic-errors-caught-10: Unexpected error: Parse error at position 14: XPST0003: Expected RBrace but found LBrace
  FAIL try-catch-all-dynamic-errors-caught-11: any-of: none matched. [Unexpected error: Parse error at position 18: XPST0003: Expected RParen but found Name; Unexpected error: Parse error at position 18: XPST0003: Expected RParen but found Name]
  FAIL try-catch-all-dynamic-errors-caught-12: any-of: none matched. [Unexpected error: Parse error at position 38: XPST0003: Expected KeywordReturn but found Name; Expected error XPTY0004, got: Parse error at position 38: XPST0003: Expected KeywordReturn but found Name]
  FAIL try-catch-all-dynamic-errors-caught-13: Unexpected error: Parse error at position 14: XPST0003: Expected RBrace but found LBrace
  FAIL try-catch-all-dynamic-errors-caught-13b: Unexpected error: Parse error at position 14: XPST0003: Expected RBrace but found LBrace
  FAIL try-catch-all-dynamic-errors-caught-14: Unexpected error: Parse error at position 16: XPST0003: Expected RBrace but found Name
  FAIL try-catch-all-dynamic-errors-caught-15: Unexpected error: Parse error at position 76: XPST0003: Only catch * is currently supported
  FAIL try-catch-fn-error-3: Unexpected error: Parse error at position 80: XPST0003: Only catch * is currently supported
  FAIL try-catch-fn-error-4: Unexpected error: Parse error at position 80: XPST0003: Only catch * is currently supported
  FAIL try-catch-fn-error-5: Unexpected error: Parse error at position 81: XPST0003: Expected LBrace but found Colon
  FAIL try-catch-fn-error-6: Unexpected error: Parse error at position 95: XPST0003: Only catch * is currently supported
  FAIL try-catch-fn-error-7: Unexpected error: Parse error at position 95: XPST0003: Only catch * is currently supported
  FAIL try-catch-fn-error-8: Unexpected error: Parse error at position 95: XPST0003: Only catch * is currently supported
  FAIL try-catch-fn-error-9: Unexpected error: Parse error at position 95: XPST0003: Only catch * is currently supported
  FAIL try-catch-fn-error-10: Unexpected error: Parse error at position 95: XPST0003: Only catch * is currently supported
  FAIL try-catch-fn-error-11: Unexpected error: Parse error at position 103: XPST0003: Only catch * is currently supported
  FAIL try-catch-fn-error-12: Unexpected error: Parse error at position 49: XPST0003: Only catch * is currently supported
  FAIL try-catch-fn-error-13: Unexpected error: Parse error at position 49: XPST0003: Only catch * is currently supported
  FAIL try-catch-fn-error-14: Unexpected error: Parse error at position 49: XPST0003: Only catch * is currently supported
  FAIL try-catch-fn-error-15: Unexpected error: Parse error at position 49: XPST0003: Only catch * is currently supported
  FAIL try-catch-fn-error-16: Unexpected error: Parse error at position 49: XPST0003: Only catch * is currently supported
  FAIL try-catch-fn-error-17: Unexpected error: Parse error at position 49: XPST0003: Only catch * is currently supported
  FAIL try-catch-fn-error-18: Unexpected error: Parse error at position 49: XPST0003: Only catch * is currently supported
  FAIL try-catch-fn-error-19: Unexpected error: Parse error at position 49: XPST0003: Only catch * is currently supported
  FAIL try-catch-fn-error-20: Unexpected error: Parse error at position 49: XPST0003: Only catch * is currently supported
  FAIL K-sequenceExprTypeswitch-1: Unexpected error: Parse error at position 20: XPST0003: Expected RParen but found Name
  FAIL K-sequenceExprTypeswitch-2: Unexpected error: Parse error at position 24: XPST0003: Expected RParen but found Name
  FAIL K-sequenceExprTypeswitch-3: Unexpected error: Parse error at position 24: XPST0003: Expected RParen but found Name
  FAIL K-sequenceExprTypeswitch-4: Unexpected error: Parse error at position 29: XPST0003: Expected RParen but found Name
  FAIL K-sequenceExprTypeswitch-5: Unexpected error: Parse error at position 38: XPST0003: Expected RParen but found Name
  FAIL K-sequenceExprTypeswitch-6: Unexpected error: Parse error at position 16: XPST0003: Expected RParen but found Name
  FAIL K-sequenceExprTypeswitch-7: Unexpected error: Parse error at position 21: XPST0003: Expected RParen but found Name
  FAIL K-sequenceExprTypeswitch-8: Unexpected error: Parse error at position 34: XPST0003: Expected RParen but found Name
  FAIL K2-sequenceExprTypeswitch-1: Unexpected error: Parse error at position 51: XPST0003: Expected RParen but found Name
  FAIL K2-sequenceExprTypeswitch-5: Expected error XPST0008, got: Parse error at position 21: XPST0003: Unexpected token Name
  FAIL cbcl-typeswitch-001: Unexpected error: Parse error at position 47: XPST0003: Expected RParen but found Name
  FAIL cbcl-typeswitch-002: Unexpected error: Parse error at position 47: XPST0003: Expected RParen but found Name
  FAIL cbcl-typeswitch-003: Unexpected error: Parse error at position 36: XPST0003: Unexpected token Name
  FAIL cbcl-typeswitch-004: Unexpected error: Parse error at position 36: XPST0003: Unexpected token Name
  FAIL Orderexpr-1: Unexpected error: Parse error at position 8: XPST0003: Unexpected token LBrace
  FAIL Orderexpr-2: any-of: none matched. [Unexpected error: Parse error at position 10: XPST0003: Unexpected token LBrace; Unexpected error: Parse error at position 10: XPST0003: Unexpected token LBrace]
  FAIL Orderexpr-5: Unexpected error: Parse error at position 8: XPST0003: Unexpected token LBrace
  FAIL Orderexpr-6: any-of: none matched. [Unexpected error: Parse error at position 10: XPST0003: Unexpected token LBrace; Unexpected error: Parse error at position 10: XPST0003: Unexpected token LBrace]
  FAIL Orderexpr-9: Unexpected error: Parse error at position 8: XPST0003: Unexpected token LBrace
  FAIL Orderexpr-10: Unexpected error: Parse error at position 10: XPST0003: Unexpected token LBrace
  FAIL Orderexpr-11: Unexpected error: Parse error at position 8: XPST0003: Unexpected token LBrace
  FAIL Orderexpr-12: any-of: none matched. [Unexpected error: Parse error at position 10: XPST0003: Unexpected token LBrace; Unexpected error: Parse error at position 10: XPST0003: Unexpected token LBrace]
  FAIL Orderexpr-13: Unexpected error: Parse error at position 8: XPST0003: Unexpected token LBrace
  FAIL Orderexpr-14: any-of: none matched. [Unexpected error: Parse error at position 10: XPST0003: Unexpected token LBrace; Unexpected error: Parse error at position 10: XPST0003: Unexpected token LBrace]
  FAIL Orderexpr-15: Unexpected error: Parse error at position 8: XPST0003: Unexpected token LBrace
  FAIL Orderexpr-16: any-of: none matched. [Unexpected error: Parse error at position 10: XPST0003: Unexpected token LBrace; Unexpected error: Parse error at position 10: XPST0003: Unexpected token LBrace]
  FAIL Orderexpr-17: Unexpected error: Parse error at position 8: XPST0003: Unexpected token LBrace
  FAIL Orderexpr-18: any-of: none matched. [Unexpected error: Parse error at position 10: XPST0003: Unexpected token LBrace; Unexpected error: Parse error at position 10: XPST0003: Unexpected token LBrace]
  FAIL orderedunorderedexpr-1: Unexpected error: Parse error at position 8: XPST0003: Unexpected token LBrace
  FAIL orderedunorderedexpr-2: Unexpected error: Parse error at position 8: XPST0003: Unexpected token LBrace
  FAIL orderedunorderedexpr-3: Unexpected error: Parse error at position 8: XPST0003: Unexpected token LBrace
  FAIL orderedunorderedexpr-4: Unexpected error: Parse error at position 8: XPST0003: Unexpected token LBrace
  FAIL orderedunorderedexpr-6: Unexpected error: Parse error at position 8: XPST0003: Unexpected token LBrace
  FAIL K-OrderExpr-3: Unexpected error: Parse error at position 7: XPST0003: Unexpected token LBrace
  FAIL K-OrderExpr-4: Unexpected error: Parse error at position 9: XPST0003: Unexpected token LBrace
  FAIL UnaryLookup-001: Unexpected error: Parse error at position 25: XPST0003: Unexpected token Question in primary expression
  FAIL UnaryLookup-002: Unexpected error: Parse error at position 44: XPST0003: Unexpected token Question in primary expression
  FAIL UnaryLookup-003: Unexpected error: Parse error at position 26: XPST0003: Unexpected token Question in primary expression
  FAIL UnaryLookup-005: Expected error FOAY0001, got: Parse error at position 26: XPST0003: Unexpected token Question in primary expression
  FAIL UnaryLookup-006: Expected error FOAY0001, got: Parse error at position 33: XPST0003: Unexpected token Question in primary expression
  FAIL UnaryLookup-007: Unexpected error: Parse error at position 53: XPST0003: Unexpected token Question in primary expression
  FAIL UnaryLookup-008: Unexpected error: Parse error at position 77: XPST0003: Unexpected token Question in primary expression
  FAIL UnaryLookup-009: Expected error XPTY0004, got: Parse error at position 53: XPST0003: Unexpected token Question in primary expression
  FAIL UnaryLookup-010: Expected error XPTY0004, got: Parse error at position 85: XPST0003: Unexpected token Question in primary expression
  FAIL UnaryLookup-011: Expected error XPDY0002, got: Parse error at position 29: XPST0003: Unexpected token Question in primary expression
  FAIL UnaryLookup-012: Expected error XPTY0004, got: Parse error at position 10: XPST0003: Unexpected token Question in primary expression
  FAIL UnaryLookup-013: Expected error XPTY0004, got: Parse error at position 37: XPST0003: Unexpected token Question in primary expression
  FAIL UnaryLookup-014: Unexpected error: Parse error at position 53: XPST0003: Unexpected token Question in primary expression
  FAIL UnaryLookup-015: Unexpected error: Parse error at position 32: XPST0003: Unexpected token Question in primary expression
  FAIL UnaryLookup-016: Unexpected error: Parse error at position 62: XPST0003: Expected RParen but found IntegerLiteral
  FAIL UnaryLookup-017: Unexpected error: Parse error at position 62: XPST0003: Expected RParen but found IntegerLiteral
  FAIL UnaryLookup-019: Expected error XPTY0004, got: Parse error at position 52: XPST0003: Unexpected token Question in primary expression
  FAIL UnaryLookup-022: Unexpected error: Parse error at position 54: XPST0003: Unexpected token Question in primary expression
  FAIL UnaryLookup-023: Unexpected error: Parse error at position 52: XPST0003: Unexpected token Question in primary expression
  FAIL UnaryLookup-025: Unexpected error: Parse error at position 60: XPST0003: Expected RParen but found LParen
  FAIL UnaryLookup-040: Unexpected error: Parse error at position 54: XPST0003: Unexpected token Question in primary expression
  FAIL UnaryLookup-041: Unexpected error: Parse error at position 42: XPST0003: Unexpected token Question in primary expression
  FAIL UnaryLookup-042: Unexpected error: Parse error at position 42: XPST0003: Unexpected token Question in primary expression
  FAIL UnaryLookup-043: Unexpected error: Parse error at position 66: XPST0003: Unexpected token Question in primary expression
  FAIL UnaryLookup-044: Unexpected error: Parse error at position 66: XPST0003: Unexpected token Question in primary expression
  FAIL UnaryLookup-045: Unexpected error: Parse error at position 42: XPST0003: Unexpected token Question in primary expression
  FAIL UnaryLookup-046: Unexpected error: Parse error at position 50: XPST0003: Expected RParen but found LParen
  FAIL UnaryLookup-048: Unexpected error: Parse error at position 54: XPST0003: Unexpected token Question in primary expression
  FAIL validateexpr-26: any-of: none matched. [Expected error XQDY0061, got: Parse error at position 9: XPST0003: Unexpected token LBrace; Expected error XQDY0084, got: Parse error at position 9: XPST0003: Unexpected token LBrace]
  FAIL K2-ValidateExpression-1: Expected error XPDY0002 but succeeded
  FAIL cbcl-validateexpr-12: Expected error XQDY0061, got: Parse error at position 8: XPST0003: Unexpected token LBrace
  FAIL K-ValCompTypeChecking-1: Expected error XPTY0004 but succeeded
  FAIL K-ValCompTypeChecking-2: Expected error XPTY0004 but succeeded
  FAIL K-ValCompTypeChecking-3: Expected error XPTY0004 but succeeded
  FAIL K-ValCompTypeChecking-4: Expected error XPTY0004 but succeeded
  FAIL K-ValCompTypeChecking-5: Expected error XPTY0004 but succeeded
  FAIL K-ValCompTypeChecking-6: Expected error XPTY0004 but succeeded
  FAIL K-ValCompTypeChecking-7: Expected error XPTY0004 but succeeded
  FAIL K-ValCompTypeChecking-8: Expected error XPTY0004 but succeeded
  FAIL K-ValCompTypeChecking-9: Expected error XPTY0004 but succeeded
  FAIL K-ValCompTypeChecking-10: Expected error XPTY0004 but succeeded
  FAIL K-ValCompTypeChecking-11: Expected error XPTY0004 but succeeded
  FAIL K-ValCompTypeChecking-12: Expected error XPTY0004 but succeeded
  FAIL K-ValCompTypeChecking-16: Expected error XPTY0004 but succeeded
  FAIL K-ValCompTypeChecking-17: Expected error XPTY0004 but succeeded
  FAIL K-ValCompTypeChecking-18: Expected error XPTY0004 but succeeded
  FAIL K-ValCompTypeChecking-19: Expected error XPTY0004 but succeeded
  FAIL K-ValCompTypeChecking-20: Expected error XPTY0004 but succeeded
  FAIL K-ValCompTypeChecking-21: Expected error XPTY0004 but succeeded
  FAIL K-ValCompTypeChecking-22: Expected error XPTY0004 but succeeded
  FAIL K-ValCompTypeChecking-23: Expected error XPTY0004 but succeeded
  FAIL K-ValCompTypeChecking-24: Expected error XPTY0004 but succeeded
  FAIL K-ValCompTypeChecking-25: Expected error XPTY0004 but succeeded
  FAIL K-ValCompTypeChecking-26: Expected error XPTY0004 but succeeded
  FAIL K-ValCompTypeChecking-27: Expected error XPTY0004 but succeeded
  FAIL K-ValCompTypeChecking-28: Expected error XPTY0004 but succeeded
  FAIL K-ValCompTypeChecking-29: Expected error XPTY0004 but succeeded
  FAIL value-comparison-5: Unexpected error: XPTY0004
  FAIL value-comparison-7: Unexpected error: XPTY0004
  FAIL internalvar-2: Unexpected error: Parse error at position 15: XPST0003: Unexpected token Name
  FAIL internalvar-1: Unexpected error: Parse error at position 11: XPST0003: Unexpected token Name
  FAIL K-InternalVariablesWith-1: Unexpected error: Parse error at position 11: XPST0003: Unexpected token Name
  FAIL K-InternalVariablesWith-2: Unexpected error: Parse error at position 15: XPST0003: Unexpected token Name
  FAIL K2-ExternalVariablesWithout-17: Expected error XPDY0002 but succeeded
  FAIL K-VersionProlog-1: any-of: none matched. [Unexpected error: Parse error at position 29: XPST0003: Unexpected token Name; Expected error *, got: Parse error at position 29: XPST0003: Unexpected token Name]
  FAIL version_declaration-002: any-of: none matched. [Unexpected error: Parse error at position 29: XPST0003: Unexpected token Name; Expected error *, got: Parse error at position 29: XPST0003: Unexpected token Name]
  FAIL version_declaration-001: any-of: none matched. [Unexpected error: Parse error at position 7: XPST0003: Unexpected token Name; Expected error *, got: Parse error at position 7: XPST0003: Unexpected token Name]
  FAIL K2-VersionProlog-3-v4: Unexpected error: Parse error at position 7: XPST0003: Unexpected token Name
  FAIL K2-VersionProlog-5: Expected error XPDY0002 but succeeded
  FAIL K2-VersionProlog-6: Unexpected error: Parse error at position 7: XPST0003: Unexpected token Name
  FAIL WhereExpr004: Unexpected error: Parse error at position 58: XPST0003: Expected KeywordReturn but found Name
  FAIL WhereExpr009: Unexpected error: Parse error at position 32: XPST0003: Expected KeywordReturn but found Name
  FAIL WhereExpr010: Expected error FORG0006, got: Parse error at position 32: XPST0003: Expected KeywordReturn but found Name
  FAIL WhereExpr013: Unexpected error: Parse error at position 32: XPST0003: Expected KeywordReturn but found Name
  FAIL WhereExpr014: Unexpected error: Parse error at position 32: XPST0003: Expected KeywordReturn but found Name
  FAIL WhereExpr016: Unexpected error: Parse error at position 10: XPST0003: Expected KeywordIn but found Name
  FAIL WhereExpr018: Expected error XPST0008, got: Parse error at position 32: XPST0003: Expected KeywordReturn but found Name
  FAIL whereClause-1: Unexpected error: Parse error at position 24: XPST0003: Expected KeywordReturn but found Name
  FAIL whereClause-2: Unexpected error: Parse error at position 25: XPST0003: Expected KeywordReturn but found Name
  FAIL whereClause-3: Unexpected error: Parse error at position 24: XPST0003: Expected KeywordReturn but found Name
  FAIL whereClause-4: Unexpected error: Parse error at position 25: XPST0003: Expected KeywordReturn but found Name
  FAIL whereClause-5: Unexpected error: Parse error at position 16: XPST0003: Expected KeywordReturn but found Name
  FAIL whereClause-6: Unexpected error: Parse error at position 21: XPST0003: Expected KeywordReturn but found Name
  FAIL whereClause-7: Unexpected error: Parse error at position 21: XPST0003: Expected KeywordReturn but found Name
  FAIL whereClause-8: Unexpected error: Parse error at position 16: XPST0003: Expected KeywordReturn but found Name
  FAIL whereClause-10: Unexpected error: Parse error at position 24: XPST0003: Expected KeywordReturn but found Name
  FAIL whereClause-11: Unexpected error: Parse error at position 24: XPST0003: Expected KeywordReturn but found Name
  FAIL whereClause-12: Unexpected error: Parse error at position 42: XPST0003: Expected KeywordReturn but found KeywordFor
  FAIL K-WhereExpr-1: Unexpected error: Parse error at position 22: XPST0003: Expected KeywordReturn but found Name
  FAIL K-WhereExpr-2: Unexpected error: Parse error at position 41: XPST0003: Expected KeywordReturn but found Name
  FAIL K-WhereExpr-3: Expected error FORG0006, got: Parse error at position 28: XPST0003: Expected KeywordReturn but found Name
  FAIL K-WhereExpr-4: Unexpected error: Parse error at position 12: XPST0003: Expected KeywordReturn but found Name
  FAIL K-WhereExpr-5: Unexpected error: Parse error at position 18: XPST0003: Expected KeywordReturn but found Name
  FAIL K-WhereExpr-6: Unexpected error: Parse error at position 13: XPST0003: Expected KeywordReturn but found Name
  FAIL K-WhereExpr-7: Unexpected error: Parse error at position 18: XPST0003: Expected KeywordReturn but found Name
  FAIL K-WhereExpr-8: Unexpected error: Parse error at position 13: XPST0003: Expected KeywordReturn but found Name
  FAIL K-WhereExpr-9: Unexpected error: Parse error at position 36: XPST0003: Expected KeywordReturn but found Name
  FAIL K-WhereExpr-10: Unexpected error: Parse error at position 36: XPST0003: Expected KeywordReturn but found Name
  FAIL K-WhereExpr-11: Unexpected error: Parse error at position 42: XPST0003: Expected KeywordReturn but found Name
  FAIL cbcl-hash-join-1: any-of: none matched. [Unexpected error: Parse error at position 61: XPST0003: Expected KeywordReturn but found KeywordFor; Expected error XPST0004, got: Parse error at position 61: XPST0003: Expected KeywordReturn but found KeywordFor]
  FAIL cbcl-hash-join-2: Unexpected error: Parse error at position 49: XPST0003: Expected KeywordReturn but found KeywordFor
  FAIL cbcl-hash-join-3: Unexpected error: Parse error at position 92: XPST0003: Expected KeywordReturn but found KeywordFor
  FAIL cbcl-hash-join-4: any-of: none matched. [Unexpected error: Parse error at position 77: XPST0003: Expected KeywordReturn but found KeywordFor; Expected error XPST0004, got: Parse error at position 77: XPST0003: Expected KeywordReturn but found KeywordFor]
  FAIL cbcl-hash-join-009: Expected error XPTY0004, got: Parse error at position 27: XPST0003: Expected KeywordReturn but found KeywordFor
  FAIL cbcl-hash-join-010: Expected error XPTY0004, got: Parse error at position 41: XPST0003: Expected KeywordReturn but found KeywordFor
  FAIL cbcl-group-by-key-002: Unexpected error: Parse error at position 94: XPST0003: Expected KeywordReturn but found KeywordFor
  FAIL cbcl-group-by-key-003: Unexpected error: Parse error at position 94: XPST0003: Expected KeywordReturn but found KeywordFor
  FAIL cbcl-group-by-key-004: Unexpected error: Parse error at position 94: XPST0003: Expected KeywordReturn but found KeywordFor
  FAIL cbcl-left-outer-join-001: Unexpected error: Parse error at position 126: XPST0003: Expected KeywordReturn but found KeywordFor
  FAIL K-CombinedErrorCodes-9: any-of: none matched. [Expected error XQTY0030, got: Parse error at position 9: XPST0003: Unexpected token LBrace; Expected error XQST0075, got: Parse error at position 9: XPST0003: Unexpected token LBrace]
  FAIL K-CombinedErrorCodes-10: any-of: none matched. [Expected error XQTY0030, got: Parse error at position 9: XPST0003: Unexpected token LBrace; Expected error XQST0075, got: Parse error at position 9: XPST0003: Unexpected token LBrace]
  FAIL K-CombinedErrorCodes-11: any-of: none matched. [Expected error XQTY0030, got: Parse error at position 9: XPST0003: Unexpected token Name; Expected error XQST0075, got: Parse error at position 9: XPST0003: Unexpected token Name]
  FAIL K-CombinedErrorCodes-12: any-of: none matched. [Expected error XQTY0030, got: Parse error at position 9: XPST0003: Unexpected token Name; Expected error XQST0075, got: Parse error at position 9: XPST0003: Unexpected token Name]
  FAIL FOAR0001_3: Expected error FOAR0001 but succeeded
  FAIL FOAR0001_4: Expected error FOAR0001 but succeeded
  FAIL FOAR0002_3: Expected error FOAR0002 but succeeded
  FAIL FOAR0002_4: Expected error FOAR0002 but succeeded
  FAIL FOCA0002_2: Expected error FOCA0002 but succeeded
  FAIL FOCA0002_3: Expected error FOCA0002 but succeeded
  FAIL FOCA0002_4: Expected error FOCA0002 but succeeded
  FAIL FOCA0002_5: Expected error FOCA0002 but succeeded
  FAIL FOCA0002_6: Expected error FOCA0002 but succeeded
  FAIL FOCH0002_2: Expected error FOCH0002 but succeeded
  FAIL FOCH0002_3: Expected error FOCH0002 but succeeded
  FAIL FOCH0002_5: Expected error FOCH0002 but succeeded
  FAIL FOCH0002_6: Expected error FOCH0002 but succeeded
  FAIL FOCH0002_7: Expected error FOCH0002 but succeeded
  FAIL FODC0002_4: Expected error FODC0002 but succeeded
  FAIL FODC0004: any-of: none matched. [Expected error FODC0004 but succeeded; Expected error FODC0002 but succeeded]
  FAIL FONS0004-2: Expected error FONS0004 but succeeded
  FAIL FORG0006_03: Expected error FORG0006 but succeeded
  FAIL FORG0006_04: Expected error FORG0006 but succeeded
  FAIL FORG0006_05: Expected error FORG0006 but succeeded
  FAIL XPDY0002_01: Expected error XPDY0002 but succeeded
  FAIL XPTY0004_01: Expected error XPTY0004, got: Parse error at position 10: XPST0003: Unexpected token LBrace
  FAIL XPTY0004_02: Expected error XPTY0004, got: Parse error at position 8: XPST0003: Unexpected token LBrace
  FAIL XPTY0004_03: Expected error XPTY0004 but succeeded
  FAIL XPTY0004_05: Expected error XPTY0004, got: Parse error at position 7: XPST0003: Expected Assign but found KeywordAs
  FAIL XPTY0004_06: Expected error XPTY0004, got: Parse error at position 7: XPST0003: Expected KeywordIn but found KeywordAs
  FAIL XPTY0004_07: Expected error XPTY0004, got: Parse error at position 9: XPST0003: Unexpected token LBrace
  FAIL XPTY0004_09: Expected error XPTY0004, got: Parse error at position 46: XPST0003: Expected KeywordReturn but found Name
  FAIL XPTY0004_40: Expected error XPTY0004 but succeeded
  FAIL XPTY0004_42: Expected error XPTY0004 but succeeded
  FAIL XPTY0004_46: Expected error XPTY0004 but succeeded
  FAIL XPTY0004_48: any-of: none matched. [Unexpected error: Parse error at position 20: XPST0003: Expected KeywordReturn but found Name; Expected error XPTY0004, got: Parse error at position 20: XPST0003: Expected KeywordReturn but found Name]
  FAIL XQDY0026: Expected error XQDY0026, got: Parse error at position 23: XPST0003: Unexpected token Name
  FAIL XQST0046_12: any-of: none matched. [Expected error XQST0046, got: Parse error at position 26: XPST0003: Expected KeywordReturn but found Name; Expected error XQST0076, got: Parse error at position 26: XPST0003: Expected KeywordReturn but found Name; Unexpected error: Parse error at position 26: XPST0003: Expected KeywordReturn but found Name]
  FAIL XQST0076: Expected error XQST0076, got: Parse error at position 26: XPST0003: Expected KeywordReturn but found Name
  FAIL XQST0089: Expected error XQST0089, got: Parse error at position 7: XPST0003: Expected KeywordIn but found Name
  FAIL errors-and-optimization-4: Expected error XPTY0004 but succeeded
  FAIL errors-and-optimization-5: Expected error XPTY0004 but succeeded
  FAIL errors-and-optimization-7: Expected error XPST0081 but succeeded
  FAIL hof-025: Unexpected error: XPST0017: Function {http://www.w3.org/2005/xpath-functions}concat#123456 not found.
  FAIL hof-033: Unexpected error: Cannot access FunctionValue on XDM value of kind 'Sequence'
  FAIL hof-916: Expected error XPTY0004 but succeeded
  FAIL hof-917: Expected error XPTY0004 but succeeded
  FAIL function-item-1: Unexpected error: XPST0017: Function {http://www.w3.org/2005/xpath-functions}concat#64 not found.
  FAIL function-item-4: Expected error FOTY0013 but succeeded
  FAIL xqhof7: Expected error XPTY0004 but succeeded
  FAIL surrogates06a: assert-string-value failed. Expected: 'abc𝅖𝅖EF', Got: 'abc𝅖𝅖E'
  FAIL surrogates13a: assert-true failed. Got: false
  FAIL surrogates15a: assert-string-value failed. Expected: 'abc###def', Got: 'abc######def'
  FAIL functx-fn-base-uri-1: assert-string-value failed. Expected: 'http://example.org/ACC/', Got: 'file:///D:/Development/Bosak/tests/qt3tests/app/FunctxFn/functx_cats.xml'
  FAIL functx-fn-base-uri-2: assert-string-value failed. Expected: 'http://example.org/WMN/', Got: 'file:///D:/Development/Bosak/tests/qt3tests/app/FunctxFn/functx_cats.xml'
  FAIL functx-fn-base-uri-3: assert-string-value failed. Expected: 'http://example.org/WMN/', Got: 'file:///D:/Development/Bosak/tests/qt3tests/app/FunctxFn/functx_cats.xml'
  FAIL functx-fn-base-uri-all: assert-string-value failed. Expected: 'http://example.org/ACC/ http://example.org/WMN/ http://example.org/WMN/', Got: 'file:///D:/Development/Bosak/tests/qt3tests/app/FunctxFn/functx_cats.xml file:///D:/Development/Bosak/tests/qt3tests/app/FunctxFn/functx_cats.xml file:///D:/Development/Bosak/tests/qt3tests/app/FunctxFn/functx_cats.xml'
  FAIL functx-fn-local-name-from-QName-3: Unexpected error: Cannot access QNameValue on XDM value of kind 'Sequence'
  FAIL functx-fn-local-name-from-QName-all: Unexpected error: Cannot access QNameValue on XDM value of kind 'Sequence'
  FAIL functx-fn-namespace-uri-from-QName-3: Unexpected error: Cannot access QNameValue on XDM value of kind 'Sequence'
  FAIL functx-fn-namespace-uri-from-QName-all: Unexpected error: Cannot access QNameValue on XDM value of kind 'Sequence'
  FAIL functx-fn-normalize-unicode-2: Unexpected error: FOCH0003
  FAIL functx-fn-normalize-unicode-all: Unexpected error: FOCH0003
  FAIL functx-fn-number-all: assert failed. Expression: $result[6][self::price][@currency='USD'][.='69.99'], Got: 69.99
  FAIL functx-fn-resolve-uri-5: any-of: none matched. [assert-string-value failed. Expected: 'http://datypic.com', Got: ''; assert-string-value failed. Expected: 'http://datypic.com/', Got: '']
  FAIL functx-fn-resolve-uri-all: assert failed. Expression: $result[5] = ("http://datypic.com", "http://datypic.com/"), Got: 
  FAIL UseCaseJSON-001: Unexpected error: Parse error at position 33: XPST0003: Unexpected token Question in primary expression
  FAIL UseCaseR31-001: Unexpected error: Parse error at position 55: XPST0003: Expected KeywordReturn but found Name
  FAIL UseCaseR31-003: Unexpected error: Parse error at position 0: XPST0003: Unexpected token LessThan in primary expression
  FAIL string-queries-results-q1: assert-xml failed. Expected: , Got: <title>Foobar Corporation releases its new line of Foo products
   today</title><title>Foobar Corporation is suing Gorilla Corporation for
   patent infringement </title>
  FAIL d1e41648: assert failed. Expression: array:size($result) eq 8, Got: false
  FAIL d1e61388: Expected error FOAY0001 but succeeded
  FAIL d1e77419: Expected error FOAY0001 but succeeded
  FAIL d1e78807: Unexpected error: Parse error at position 169: XPST0003: Expected RParen but found LBrace
  FAIL d1e78807e: Unexpected error: Parse error at position 36: XPST0003: Unexpected token LessThan in primary expression
  FAIL d1e78807f: assert-true failed. Got: false
  FAIL d1e78807g: assert-true failed. Got: false
  FAIL d1e78807h: Unexpected error: Parse error at position 182: XPST0003: Unexpected token LessThan in primary expression
  FAIL fo-test-fn-year-from-dateTime-005: Unexpected error: Year -2 is outside the range supported by DateTimeOffset.
  FAIL fo-test-fn-year-from-date-003: Unexpected error: Year -2 is outside the range supported by DateTimeOffset.

Elapsed: 262.04s
