d:\Development\Bosak\src\Bosak.XPath.Standard\Functions\FunctionLibrary.cs(4699,37): warning CS8604: Possible null reference argument for parameter 'uri' in 'IXdmNode EvaluationContext.LoadDocument(string uri)'. [d:\Development\Bosak\src\Bosak.XPath.Standard\Bosak.XPath.Standard.csproj]
d:\Development\Bosak\src\Bosak.XPath.Standard\Functions\FunctionLibrary.cs(4712,37): warning CS8604: Possible null reference argument for parameter 'uri' in 'IXdmNode EvaluationContext.LoadDocument(string uri)'. [d:\Development\Bosak\src\Bosak.XPath.Standard\Bosak.XPath.Standard.csproj]
d:\Development\Bosak\src\Bosak.XPath.Standard\Functions\FunctionLibrary.cs(8106,57): warning CS8604: Possible null reference argument for parameter 'source' in 'XdmSequence XdmSequence.FromSource(IXdmSequence source)'. [d:\Development\Bosak\src\Bosak.XPath.Standard\Bosak.XPath.Standard.csproj]
d:\Development\Bosak\src\Bosak.Xslt\Runtime\TransformEngine.cs(2435,61): warning CS8604: Possible null reference argument for parameter 'source' in 'XdmSequence XdmSequence.FromSource(IXdmSequence source)'. [d:\Development\Bosak\src\Bosak.Xslt\Bosak.Xslt.csproj]
Bosak XSLT Conformance Harness
Catalog: tests/xslt30-test/catalog.xml
Test sets: 234

  Starting: as ...
  PASS as-0101
  PASS as-0102
  PASS as-0103
  PASS as-0104
  FAIL as-0105: Result mismatch
    Expected: (complex assertion)
    Got:      <out>false</out>
  PASS as-0106
  FAIL as-0106a: Result mismatch
    Expected: error FODT0001
    Got:      <out><var1>truetrue</var1><var2>truetrue</var2><var3>truetrue</var3><var4>truetrue</var4><var5>truetrue</var5><var6>truetrue</var6><var7>truetrue</var7><var8>truetrue</var8><var9>truetrue</var9><var10>truetrue</var10><var11>truetrue</var11><var12>truetrue</var12><var13>truetrue</var13><var14>truetrue</var14><var15>truetrue</var15><var16>truetrue</var16><var17>truetrue</var17><var18>truetrue</var18><var19>truetrue</var19><var20>truetrue</var20><var21>truetrue</var21><var22>truetrue</var22><var23>truetrue</var23><var24>truetrue</var24><var25>truetrue</var25><var26>truetrue</var26><var27>truetrue</var27><var28>truetrue</var28><var29>truetrue</var29><var30>truetrue</var30><var31>truetrue</var31><var32>truetrue</var32><var33>truetrue</var33><var34>truetrue</var34><var35>truetrue</var35><var36>truetrue</var36><var37>truetrue</var37><var38>truetrue</var38></out>
  PASS as-0106b
  PASS as-0107
  PASS as-0108
  PASS as-0109
  PASS as-0110
  FAIL as-0110a: Result mismatch
    Expected: error FODT0001
    Got:      <out><var1>true</var1><var2>true</var2><var3>true</var3><var4>true</var4><var5>true</var5><var6>true</var6><var7>true</var7><var8>true</var8><var9>true</var9><var10>true</var10><var11>true</var11><var12>true</var12><var13>true</var13><var14>true</var14><var15>true</var15><var16>true</var16><var17>true</var17><var18>true</var18><var19>true</var19><var20>true</var20><var21>true</var21><var22>true</var22><var23>true</var23><var24>true</var24><var25>true</var25><var26>true</var26><var27>true</var27><var28>true</var28><var29>true</var29><var30>true</var30><var31>true</var31><var32>true</var32><var33>true</var33><var34>true</var34><var35>true</var35><var36>true</var36><var37>true</var37><var38>true</var38></out>
  PASS as-0110b
  FAIL as-0111: Result mismatch
    Expected: (complex assertion)
    Got:      <out><var1>false</var1><var2>false</var2><var3>false</var3><var4>false</var4><var5>false</var5><var6>false</var6><var7>false</var7><var8>false</var8><var9>false</var9><var10>false</var10><var11>false</var11><var12>false</var12><var13>false</var13><var14>false</var14><var15>false</var15><var16>false</var16><var17>false</var17><var18>false</var18><var19>false</var19><var20>false</var20><var21>false</var21><var22>false</var22><var23>false</var23><var24>false</var24><var25>false</var25><var26>false</var26><var27>false</var27><var28>false</var28><var29>false</var29><var30>false</var30><var31>false</var31><var32>false</var32><var33>false</var33><var34>false</var34><var35>false</var35><var36>false</var36><var37>false</var37><var38>false</var38></out>
  FAIL as-0111a: Result mismatch
    Expected: error FODT0001
    Got:      <out><var1>false</var1><var2>false</var2><var3>false</var3><var4>false</var4><var5>false</var5><var6>false</var6><var7>false</var7><var8>false</var8><var9>false</var9><var10>false</var10><var11>false</var11><var12>false</var12><var13>false</var13><var14>false</var14><var15>false</var15><var16>false</var16><var17>false</var17><var18>false</var18><var19>false</var19><var20>false</var20><var21>false</var21><var22>false</var22><var23>false</var23><var24>false</var24><var25>false</var25><var26>false</var26><var27>false</var27><var28>false</var28><var29>false</var29><var30>false</var30><var31>false</var31><var32>false</var32><var33>false</var33><var34>false</var34><var35>false</var35><var36>false</var36><var37>false</var37><var38>false</var38></out>
  FAIL as-0111b: Result mismatch
    Expected: (complex assertion)
    Got:      <out><var1>false</var1><var2>false</var2><var3>false</var3><var4>false</var4><var5>false</var5><var6>false</var6><var7>false</var7><var8>false</var8><var9>false</var9><var10>false</var10><var11>false</var11><var12>false</var12><var13>false</var13><var14>false</var14><var15>false</var15><var16>false</var16><var17>false</var17><var18>false</var18><var19>false</var19><var20>false</var20><var21>false</var21><var22>false</var22><var23>false</var23><var24>false</var24><var25>false</var25><var26>false</var26><var27>false</var27><var28>false</var28><var29>false</var29><var30>false</var30><var31>false</var31><var32>false</var32><var33>false</var33><var34>false</var34><var35>false</var35><var36>false</var36><var37>false</var37><var38>false</var38></out>
  PASS as-0112
  FAIL as-0112a: Result mismatch
    Expected: error FODT0001
    Got:      <out><template1>P1Y2M3DT10H30M23S</template1><template2>-P1Y23DT59.123S</template2><template3>2000-01-16T00:00:00Z</template3><template4>-1999-05-31T13:20:00+14:00</template4><template5>13:20:00-05:00</template5><template6>00:00:00</template6><template7>-0012-12-03-05:00</template7><template8>1999-05-31</template8><template9>21999-05+14:00</template9><template10>1999-05</template10><template11>-0012-05:00</template11><template12>2005</template12><template13>--05-31</template13><template14>--05-31+14:00</template14><template15>---31+14:00</template15><template16>---31Z</template16><template17>--05+14:00</template17><template18>--05</template18><template19>true</template19><template20>PM24</template20><template21>07FF</template21><template22>INF</template22><template23>-0.00175</template23><template24>-3.4201</template24><template25>7.8899</template25><template26>0</template26><template27>0</template27><template28>0</template28><template29>INF</template29><template30>43</template30><template31>-300</template31><template32>http://www.mytypetest.org</template32><template34>PT1M39.999S</template34><template35>-PT1H40M</template35><template36>P1Y2M</template36><template37>-P1Y9M</template37><template38>hello</template38></out>
  PASS as-0112b
  FAIL as-0113: Result mismatch
    Expected: (complex assertion)
    Got:      <out><func1>false</func1><func2>false</func2><func3>false</func3><func4>false</func4><func5>false</func5><func6>false</func6><func7>false</func7><func8>false</func8><func9>true</func9></out>
  FAIL as-0114: Result mismatch
    Expected: (complex assertion)
    Got:      <out><var1>truefalse</var1><var2>truetrue</var2><var3>truetrue</var3></out>
  FAIL as-0115: Result mismatch
    Expected: (complex assertion)
    Got:      <out><var2>truetrue</var2><var3>truetrue</var3></out>
  FAIL as-0116: Result mismatch
    Expected: (complex assertion)
    Got:      <out>falsefalse</out>
  PASS as-0117
  PASS as-0118
  PASS as-0119
  PASS as-0120
  PASS as-0121
  FAIL as-0122: Result mismatch
    Expected: (complex assertion)
    Got:      <out>falsefalse</out>
  FAIL as-0123: Result mismatch
    Expected: (complex assertion)
    Got:      <out>falsefalse</out>
  PASS as-0124
  FAIL as-0125: Result mismatch
    Expected: (complex assertion)
    Got:      <out>false</out>
  PASS as-0126
  FAIL as-0127: Result mismatch
    Expected: (complex assertion)
    Got:      <out>falsefalse</out>
  FAIL as-0128: Result mismatch
    Expected: (complex assertion)
    Got:      <out>false</out>
  FAIL as-0129: Result mismatch
    Expected: (complex assertion)
    Got:      <out><e1>truefalse</e1><e2>truefalse</e2></out>
  PASS as-0130
  PASS as-0131
  PASS as-0132
  PASS as-0133
  PASS as-0134
  PASS as-0135
  FAIL as-0136: Result mismatch
    Expected: <out><func1>truefalse</func1><func2>truetrue</func2></out>
    Got:      <out><func1>truefalse</func1><func2 /></out>
  FAIL as-0137: Result mismatch
    Expected: <out><func1>truefalse</func1><func2>truetrue</func2><func3>truefalse</func3></out>
    Got:      <out><func1>truefalse</func1><func2>truefalse</func2><func3>truefalse</func3></out>
  FAIL as-0138: Result mismatch
    Expected: <out><func1>truefalse</func1><func2>truetrue</func2></out>
    Got:      <out><func1>truefalse</func1><func2>truefalse</func2></out>
  PASS as-0139
  FAIL as-0140: Result mismatch
    Expected: <out><e1><i1>item</i1></e1><e2>my string</e2><e3>2</e3><e4><elem>hi1</elem></e4><e5><my:item xmlns:my="http://uri.test">1</my:item></e5></out>
    Got:      <out><e1><i1>item</i1></e1><e2>my string</e2><e3>2</e3><e4><elem>hi1</elem></e4><e5 /></out>
  FAIL as-0141: Result mismatch
    Expected: (complex assertion)
    Got:      <out><func1>truefalse</func1><func2>truefalse</func2><func3>truetrue</func3><func4>truefalse</func4><func5>truefalse</func5><func6>truefalse</func6></out>
  FAIL as-0152: Result mismatch
    Expected: (complex assertion)
    Got:      <out><a result="true" /><b result="true" /><c result="false" /><d result="false" /></out>
  PASS as-0201
  FAIL as-0301: Result mismatch
    Expected: (complex assertion)
    Got:      <out>false</out>
  FAIL as-0302: Result mismatch
    Expected: (complex assertion)
    Got:      <out>falsefalsetruefalse</out>
  PASS as-0303
  FAIL as-0304: Result mismatch
    Expected: (complex assertion)
    Got:      <out>falsefalsefalse</out>
  FAIL as-0401: Result mismatch
    Expected: (complex assertion)
    Got:      <out>falsefalsetruefalse</out>
  FAIL as-0402: Result mismatch
    Expected: (complex assertion)
    Got:      <out>falsefalse</out>
  FAIL as-0501: Result mismatch
    Expected: (complex assertion)
    Got:      <out><var1>false</var1><var2>false</var2><var3>false</var3><var4>false</var4><var5>false</var5><var6>false</var6><var7>false</var7><var8>false</var8><var9>false</var9><var10>false</var10><var11>false</var11><var12>false</var12><var13>false</var13><var14>false</var14><var15>false</var15><var16>false</var16><var17>false</var17><var18>false</var18><var19>false</var19><var20>false</var20><var21>false</var21><var22>false</var22><var23>false</var23><var24>false</var24><var25>false</var25><var26>false</var26><var27>false</var27><var28>false</var28><var29>false</var29><var30>false</var30><var31>false</var31><var32>false</var32><var34>false</var34><var35>false</var35><var36>false</var36><var37>false</var37><var38>false</var38></out>
  FAIL as-0501a: Result mismatch
    Expected: error FODT0001
    Got:      <out><var1>false</var1><var2>false</var2><var3>false</var3><var4>false</var4><var5>false</var5><var6>false</var6><var7>false</var7><var8>false</var8><var9>false</var9><var10>false</var10><var11>false</var11><var12>false</var12><var13>false</var13><var14>false</var14><var15>false</var15><var16>false</var16><var17>false</var17><var18>false</var18><var19>false</var19><var20>false</var20><var21>false</var21><var22>false</var22><var23>false</var23><var24>false</var24><var25>false</var25><var26>false</var26><var27>false</var27><var28>false</var28><var29>false</var29><var30>false</var30><var31>false</var31><var32>false</var32><var34>false</var34><var35>false</var35><var36>false</var36><var37>false</var37><var38>false</var38></out>
  FAIL as-0501b: Result mismatch
    Expected: (complex assertion)
    Got:      <out><var1>false</var1><var2>false</var2><var3>false</var3><var4>false</var4><var5>false</var5><var6>false</var6><var7>false</var7><var8>false</var8><var9>false</var9><var10>false</var10><var11>false</var11><var12>false</var12><var13>false</var13><var14>false</var14><var15>false</var15><var16>false</var16><var17>false</var17><var18>false</var18><var19>false</var19><var20>false</var20><var21>false</var21><var22>false</var22><var23>false</var23><var24>false</var24><var25>false</var25><var26>false</var26><var27>false</var27><var28>false</var28><var29>false</var29><var30>false</var30><var31>false</var31><var32>false</var32><var34>false</var34><var35>false</var35><var36>false</var36><var37>false</var37><var38>false</var38></out>
  FAIL as-0601: Result mismatch
    Expected: (complex assertion)
    Got:      <out>

<par1>1true</par1>
<par2>1true</par2>
<par3>1true</par3>
<par4>1true</par4>
<par5>1true</par5>
<par6>wrongfalse</par6>
<par7>P14Dfalse</par7>
<par8>P14Dfalse</par8>
<par9>wrongtrue</par9>

</out>
  FAIL as-0701: Result mismatch
    Expected: (complex assertion)
    Got:      <out><par1>5.4321E-1001falsefalse</par1></out>
  FAIL as-0702: Result mismatch
    Expected: (complex assertion)
    Got:      <out>

<par1>5.4321E-1001false</par1>


</out>
  FAIL as-0703: Result mismatch
    Expected: (complex assertion)
    Got:      <out>

<par1>http://www.mytypetest.orgfalse</par1><par2>hellofalse</par2><par3>my elementfalse</par3>


</out>
  FAIL as-0801: Result mismatch
    Expected: (complex assertion)
    Got:      <out><var1>falsefalse</var1><var2>falsefalse</var2><var3>falsefalse</var3><var4>falsefalse</var4><var5>falsefalse</var5><var6>falsefalse</var6><var7>falsefalse</var7><var8>falsefalse</var8><var9>falsefalse</var9><var10>falsefalse</var10><var11>falsefalse</var11><var12>falsefalse</var12><var13>falsefalse</var13><var14>falsefalse</var14><var15>falsefalse</var15><var16>falsefalse</var16><var17>falsefalse</var17><var18>falsefalse</var18><var19>falsefalse</var19><var20>falsefalse</var20></out>
  FAIL as-0801a: Result mismatch
    Expected: error FODT0001
    Got:      <out><var1>falsefalse</var1><var2>falsefalse</var2><var3>falsefalse</var3><var4>falsefalse</var4><var5>falsefalse</var5><var6>falsefalse</var6><var7>falsefalse</var7><var8>falsefalse</var8><var9>falsefalse</var9><var10>falsefalse</var10><var11>falsefalse</var11><var12>falsefalse</var12><var13>falsefalse</var13><var14>falsefalse</var14><var15>falsefalse</var15><var16>falsefalse</var16><var17>falsefalse</var17><var18>falsefalse</var18><var19>falsefalse</var19><var20>falsefalse</var20></out>
  FAIL as-0801b: Result mismatch
    Expected: (complex assertion)
    Got:      <out><var1>falsefalse</var1><var2>falsefalse</var2><var3>falsefalse</var3><var4>falsefalse</var4><var5>falsefalse</var5><var6>falsefalse</var6><var7>falsefalse</var7><var8>falsefalse</var8><var9>falsefalse</var9><var10>falsefalse</var10><var11>falsefalse</var11><var12>falsefalse</var12><var13>falsefalse</var13><var14>falsefalse</var14><var15>falsefalse</var15><var16>falsefalse</var16><var17>falsefalse</var17><var18>falsefalse</var18><var19>falsefalse</var19><var20>falsefalse</var20></out>
  FAIL as-0802: XPTY0004
  FAIL as-0802b: XPTY0004
  FAIL as-0901: Result mismatch
    Expected: (complex assertion)
    Got:      <out>falsefalse</out>
  FAIL as-1001: Result mismatch
    Expected: (complex assertion)
    Got:      <out><par1>1.0falsefalse</par1></out>
  FAIL as-1101: Result mismatch
    Expected: (complex assertion)
    Got:      <out><empty /><empty /><empty /><par1>5.4321E-1 -0.00175 INFfalsefalse</par1></out>
  FAIL as-1202: Result mismatch
    Expected: (complex assertion)
    Got:      <out><e1>true</e1><e2>false</e2><e3>true</e3></out>
  FAIL as-1203: Result mismatch
    Expected: (complex assertion)
    Got:      <out><e1>false</e1><e2>false</e2><e3>false</e3></out>
  PASS as-1204
  PASS as-1205
  PASS as-1206
  FAIL as-1207: Result mismatch
    Expected: (complex assertion)
    Got:      <out><e1>false</e1><e2>false</e2></out>
  FAIL as-1208: Result mismatch
    Expected: (complex assertion)
    Got:      <out><e1>false</e1><e2>false</e2></out>
  FAIL as-1209: Result mismatch
    Expected: (complex assertion)
    Got:      <out><e1>false</e1><e2>false</e2></out>
  FAIL as-1210: Result mismatch
    Expected: (complex assertion)
    Got:      <out><e1 /><e2><item attrib="red" xmlns:a="http://www.a.org"><!--I am a comment-->hello</item></e2><e3 attrib="red" /><e4><?Process fun?></e4><e5>hello</e5><e6><!--I am a comment--></e6><e21><e1>element</e1></e21><e31 e1="attribute" /><e41><?e1 PI?></e41><e51>text</e51><e61><!--comment--></e61></out>
  PASS as-1211
  PASS as-1212
  PASS as-1213
  PASS as-1214
  PASS as-1215
  PASS as-1216
  PASS as-1217
  PASS as-1218
  PASS as-1219
  PASS as-1220
  FAIL as-1221: Variable $temporary-tree is not defined.
  PASS as-1222
  FAIL as-1301: Result mismatch
    Expected: <out><e1>truetrue</e1><e2>truefalse</e2><e3>truefalse</e3><e4>truefalse</e4><e5>truefalse</e5></out>
    Got:      <out><e1>falsefalse</e1><e2>truefalse</e2><e3>truefalse</e3><e4>truefalse</e4><e5>truefalse</e5></out>
  FAIL as-1302: Result mismatch
    Expected: (complex assertion)
    Got:      <out><e1>falsefalse</e1></out>
  FAIL as-1303: Result mismatch
    Expected: <out>
            <e1>truetruetruetrue</e1>
            <e2>truefalsetruefalse</e2>
            <e3>truefalsefalsetrue</e3>
            <e4>truefalsefalsetrue</e4>
            <e5>truetruetruetrue</e5>
            <e6>falsefalsefalsefalsetruefalsetruefalse</e6>
         </out>
    Got:      <out><e1>truefalsefalsetrue</e1><e2>falsefalsefalsefalse</e2><e3>truefalsefalsetrue</e3><e4>truefalsefalsetrue</e4><e5>falsefalsefalsefalse</e5><e6>falsefalsefalsefalsefalsefalsefalsefalse</e6></out>
  FAIL as-1304: Result mismatch
    Expected: <out>
            <e1>falsetruetruefalse</e1>
            <e2>falsetruetruefalse</e2>
            <e3>falsefalsefalsefalse</e3>
            <e4>falsetruetruefalse</e4>
            <e5>falsefalsefalsefalse</e5>
            <e6>falsetruetruefalse</e6>
            <e7>falsetruetruefalse</e7>
            <e8>truetruetruetrue</e8>
         </out>
    Got:      <out><e1>falsefalsefalsefalse</e1><e2>falsefalsefalsefalse</e2><e3>falsefalsefalsefalse</e3><e4>falsefalsefalsefalse</e4><e5>falsefalsefalsefalse</e5><e6>falsefalsefalsefalse</e6><e7>falsetruetruefalse</e7><e8>truetruetruetrue</e8></out>
  PASS as-1401
  FAIL as-1402: Result mismatch
    Expected: <out><e1>truetrue</e1><e2>truefalse</e2><e3>truefalse</e3></out>
    Got:      <out><e1>falsefalse</e1><e2>truetrue</e2><e3>truetrue</e3></out>
  PASS as-1403
  FAIL as-1404: Result mismatch
    Expected: <out><e1>truetrue</e1><e2>truefalse</e2><e3>truefalse</e3><e4>truefalse</e4></out>
    Got:      <out><e1>falsefalse</e1><e2>truefalse</e2><e3>truefalse</e3><e4>truefalse</e4></out>
  FAIL as-1405: Result mismatch
    Expected: <out><e1>truetrue</e1><e2>truefalse</e2><e3>truefalse</e3></out>
    Got:      <out><e1>falsefalse</e1><e2>falsefalse</e2><e3>falsefalse</e3></out>
  FAIL as-1501: Result mismatch
    Expected: <out><e1>truetrue</e1><e2>truefalse</e2><e3>truefalse</e3><e4>truefalse</e4><e5>truefalse</e5></out>
    Got:      <out><e1>falsefalse</e1><e2>falsefalse</e2><e3>truefalse</e3><e4>truefalse</e4><e5>truefalse</e5></out>
  FAIL as-1601: Result mismatch
    Expected: error XTSE0090
    Got:      5
  FAIL as-1602: Result mismatch
    Expected: error XTTE0505
    Got:      hello
  Done: as (204 tests, 46 passed, 60 failed, 98 skipped)
  Starting: avt ...
  PASS avt-0101
  PASS avt-0201
  PASS avt-0202
  FAIL avt-0301: Result mismatch
    Expected: <out><name abc="a;, ,;b;, ,;c"/></out>
    Got:      <out><name abc="(sequence)" /></out>
  FAIL avt-0302: Result mismatch
    Expected: <out>a,;,b,;,c</out>
    Got:      <out>a{item[1]};{item[2]}b{item[1]};{item[2]}c</out>
  PASS avt-0303
  FAIL avt-0401: Result mismatch
    Expected: <out>
1234
1234
1234
1234</out>
    Got:      <out>
1234


</out>
  FAIL avt-0501: Result mismatch
    Expected: <out>
<node>b#n#n# * ba#a</node>
<variable>b#n#n# * ba#a</variable></out>
    Got:      <out>
<node> * </node>
<variable> * </variable></out>
  FAIL avt-0601: Result mismatch
    Expected: <?xml version="1.0" encoding="UTF-8"?>
<out><E1>
*
Fangt er auch schon an zu krahen: 
Kikeriki! Kikikeriki!! 
Tak, tak, tak! - da kommen sie.</E1><E2>
*: 
Kikeriki! Kikikeriki!! 
Tak, tak, tak! - da kommen sie.</E2><E3>
*
Fangt er auch schon an zu krahen: 
Kikeriki! Kikikeriki!! 
Tak, tak, tak! - da kommen sie.</E3><E4>
*: 
Kikeriki! Kikikeriki!! 
Tak, tak, tak! - da kommen sie.</E4></out>
    Got:      <out><E1 /><E2 /><E3 /><E4 /></out>
  FAIL avt-0701: Result mismatch
    Expected: (complex assertion)
    Got:      <out>Printing.</out>
  PASS avt-0801
  PASS avt-0901
  FAIL avt-1001: Result mismatch
    Expected: <out>2a@b * 6a@b * 1a@B * 8a@bb * 5a@bB * 4a@Bb * 7a@Bb * 3a@BB * </out>
    Got:      <out>1a@B * 3a@BB * 4a@Bb * 7a@Bb * 2a@b * 6a@b * 5a@bB * 8a@bb * </out>
  PASS avt-1101
  PASS avt-1201
  FAIL avt-1202: Parse error at position 1: XPST0003: Unexpected token Colon in primary expression
  FAIL avt-1203: Result mismatch
    Expected: <out test="1" empty=""/>
    Got:      <out test="1 2 3 4 5" empty="" />
  PASS avt-1204
  FAIL avt-1205: Result mismatch
    Expected: <out xmlns:f="http://f/" test="[0][1][2]"/>
    Got:      <out test="012" />
  PASS avt-1206
  PASS avt-1301
  FAIL avt-1302: Result mismatch
    Expected: <out test="}"/>
    Got:      <out test="}}" />
  PASS avt-1401
  PASS avt-1501
  PASS avt-1502
  PASS avt-1601
  PASS avt-1701
  PASS avt-1801
  PASS avt-1901
  PASS avt-2001
  PASS avt-2101
  FAIL avt-2102: Parse error at position -1: XPST0003: Unexpected token Eof in primary expression
  PASS avt-2103
  PASS avt-2201
  FAIL avt-3201: Result mismatch
    Expected: error XTSE0340
    Got:      
  Done: avt (35 tests, 22 passed, 13 failed, 0 skipped)
  Starting: declared-modes ...
  FAIL declared-modes-009: Expected xsl:stylesheet or xsl:transform, got {http://www.w3.org/1999/XSL/Transform}package.
  FAIL declared-modes-010: Expected xsl:stylesheet or xsl:transform, got {http://www.w3.org/1999/XSL/Transform}package.
  FAIL declared-modes-011: Expected xsl:stylesheet or xsl:transform, got {http://www.w3.org/1999/XSL/Transform}package.
  FAIL declared-modes-012: Expected xsl:stylesheet or xsl:transform, got {http://www.w3.org/1999/XSL/Transform}package.
  Done: declared-modes (14 tests, 10 passed, 4 failed, 0 skipped)
  SKIP disable-output-escaping: Requires unsupported feature 'serialization' (32 tests)
  Starting: expand-text ...
  PASS cvt-001
  PASS cvt-002
  FAIL cvt-003: Result mismatch
    Expected: (complex assertion)
    Got:      <out text="Goodbye Mars!">{$Hello} {$World}!</out>
  FAIL cvt-004: Result mismatch
    Expected: (complex assertion)
    Got:      <out>{$Hello} {$World}!</out>
  FAIL cvt-005: Result mismatch
    Expected: (complex assertion)
    Got:      <out>{$Hello} {$World}!</out>
  FAIL cvt-006: Result mismatch
    Expected: (complex assertion)
    Got:      <out>{1,2} {3,4}{5,6}</out>
  FAIL cvt-007: Result mismatch
    Expected: (complex assertion)
    Got:      <out a="{1,2} {3,4}{5,6}" b="{1,2} {3,4}{5,6}" />
  FAIL cvt-008: Result mismatch
    Expected: error XTSE0020
    Got:      <out a="{1,2} {3,4}{5,6}" b="{1,2} {3,4}{5,6}" />
  FAIL cvt-009: Result mismatch
    Expected: error XTSE0020
    Got:      <out a="{1,2} {3,4}{5,6}" b="{1,2} {3,4}{5,6}" />
  FAIL cvt-010: Result mismatch
    Expected: error XTSE0020
    Got:      <out a="{1,2} {3,4}{5,6}" b="{1,2} {3,4}{5,6}" />
  PASS cvt-011
  PASS cvt-012
  FAIL cvt-013: Result mismatch
    Expected: (complex assertion)
    Got:      <out>
            The year was {<bold>$year</bold>}
        </out>
  PASS cvt-015
  PASS cvt-016
  PASS cvt-017
  FAIL cvt-018: Result mismatch
    Expected: (complex assertion)
    Got:      <out>{2+2}</out>
  PASS cvt-019
  PASS cvt-020
  FAIL cvt-021: Result mismatch
    Expected: (complex assertion)
    Got:      <out>{{2+2}}</out>
  PASS cvt-022
  FAIL cvt-023: Result mismatch
    Expected: (complex assertion)
    Got:      <out>The Lord of the {(:implausible } :) 'Rings'}</out>
  FAIL cvt-024: Result mismatch
    Expected: (complex assertion)
    Got:      <out>{{The value of {'a}'}</out>
  PASS cvt-028
  FAIL cvt-029: Result mismatch
    Expected: (complex assertion)
    Got:      <out></out>
  FAIL cvt-030: Result mismatch
    Expected: (complex assertion)
    Got:      <out>false</out>
  PASS cvt-031
  PASS cvt-032
  FAIL cvt-033: Parse error at position -1: XPST0003: Unexpected token Eof in primary expression
  PASS cvt-034
  PASS cvt-035a
  PASS cvt-035b
  PASS cvt-035c
  PASS cvt-036a
  PASS cvt-036b
  PASS cvt-036c
  PASS cvt-037a
  PASS cvt-037b
  PASS cvt-037c
  PASS cvt-038a
  PASS cvt-038b
  PASS cvt-038c
  PASS cvt-039a
  PASS cvt-039b
  PASS cvt-039c
  PASS cvt-040a
  PASS cvt-040b
  PASS cvt-040c
  FAIL cvt-041: Result mismatch
    Expected: (complex assertion)
    Got:      <out>(array)</out>
  PASS cvt-042
  FAIL cvt-043: Result mismatch
    Expected: (complex assertion)
    Got:      <out>The Lord of the {string($p)} Rings</out>
  FAIL cvt-044: Result mismatch
    Expected: (complex assertion)
    Got:      <out>The Lord of the {str<?please don't do this in real life?>ing($p)} Rings</out>
  PASS cvt-045
  PASS cvt-046
  PASS cvt-047
  PASS cvt-048
  PASS cvt-049
  FAIL cvt-050: Result mismatch
    Expected: (complex assertion)
    Got:      <out>(({count(1 to 5)}))</out>
  Done: expand-text (62 tests, 38 passed, 20 failed, 4 skipped)
  Starting: match ...
  PASS match-001
  PASS match-002
  PASS match-003
  PASS match-004
  PASS match-005
  PASS match-006
  PASS match-007
  PASS match-008
  PASS match-009
  PASS match-010
  PASS match-011
  PASS match-012
  PASS match-015
  PASS match-016
  PASS match-017
  PASS match-018
  PASS match-019
  PASS match-020
  PASS match-021
  PASS match-022
  PASS match-023
  PASS match-024
  PASS match-025
  PASS match-026
  PASS match-027
  PASS match-028
  PASS match-029
  PASS match-030
  PASS match-031
  PASS match-032
  PASS match-033
  PASS match-034
  PASS match-035
  PASS match-036
  PASS match-037
  PASS match-038
  FAIL match-040: Result mismatch
    Expected: (complex assertion)
    Got:      <out>OK!</out>
  PASS match-041
  PASS match-042
  PASS match-043
  PASS match-044
  PASS match-045
  PASS match-046
  PASS match-047
  PASS match-048
  PASS match-049
  PASS match-050
  PASS match-051
  PASS match-052
  PASS match-057
  PASS match-058
  PASS match-059
  PASS match-061
  PASS match-062
  PASS match-063
  PASS match-064
  PASS match-065
  PASS match-066
  PASS match-067
  FAIL match-069: Result mismatch
    Expected: <ns uri="http://www.example.com/ns"/>
    Got:      
  PASS match-070
  PASS match-071
  PASS match-072
  PASS match-073
  PASS match-074
  PASS match-075
  PASS match-076
  PASS match-078
  PASS match-081a
  PASS match-082a
  PASS match-082b
  PASS match-088
  PASS match-089
  PASS match-090
  PASS match-091
  PASS match-092
  PASS match-093
  PASS match-094
  PASS match-095
  PASS match-096
  PASS match-097
  PASS match-098
  PASS match-099
  PASS match-100
  PASS match-101
  PASS match-102
  PASS match-103
  PASS match-105
  PASS match-106
  PASS match-107
  PASS match-108
  PASS match-109
  PASS match-110
  PASS match-111
  PASS match-112
  PASS match-113
  PASS match-114
  PASS match-115
  PASS match-116
  PASS match-117
  PASS match-118
  PASS match-119
  PASS match-120
  PASS match-121
  PASS match-122
  PASS match-123
  PASS match-124
  PASS match-125
  PASS match-126
  FAIL match-127: Result mismatch
    Expected: <out><i>1</i><i>2</i><i>3</i><i>4</i><i>5</i><i>6</i><i>7</i><i>8</i><i>9</i><i>10</i></out>
    Got:      <out />
  FAIL match-128: Result mismatch
    Expected: <out><d>1.5</d><i>1</i><i>2</i><i>3</i><i>4</i><d>3.5</d><d>4.6</d></out>
    Got:      <out />
  FAIL match-130: Result mismatch
    Expected: <out><negative>-2</negative><negative>-1</negative><zero>0</zero><positive>1</positive><positive>2</positive></out>
    Got:      <out />
  FAIL match-131: Result mismatch
    Expected: <out><first><second><third>17</third></second></first></out>
    Got:      <out />
  FAIL match-132: Result mismatch
    Expected: <out><first><second>17</second></first></out>
    Got:      <out />
  FAIL match-133: Result mismatch
    Expected: <out><first><second>17</second></first></out>
    Got:      <out />
  FAIL match-134: Result mismatch
    Expected: <out><g>1 2</g><g>3 4 5</g><g>6 7 8</g><g>9 10 11</g><g>12 13 14</g><g>15 16 17</g><g>18 19 20</g></out>
    Got:      <out><g>1 2 3 4 5 6 7 8 9 10 11 12 13 14 15 16 17 18 19 20</g></out>
  FAIL match-135: Result mismatch
    Expected: <out><g>1 2 3</g><g>4 5 6</g><g>7 8 9</g><g>10 11 12</g><g>13 14 15</g><g>16 17 18</g><g>19 20</g></out>
    Got:      <out><g>1 2 3 4 5 6 7 8 9 10 11 12 13 14 15 16 17 18 19 20</g></out>
  PASS match-214
  PASS match-215
  PASS match-216
  PASS match-217
  PASS match-233
  PASS match-234
  PASS match-235
  PASS match-236
  PASS match-237
  PASS match-238
  FAIL match-240a: Result mismatch
    Expected: <out><second><first>17</first></second></out>
    Got:      <out />
  FAIL match-240b: Result mismatch
    Expected: <out><first>17</first></out>
    Got:      <out />
  FAIL match-240c: Result mismatch
    Expected: <out><second><first>17</first></second></out>
    Got:      <out />
  FAIL match-241: Result mismatch
    Expected: (complex assertion)
    Got:      <out />
  PASS match-242
  PASS match-245
  PASS match-246a
  PASS match-246b
  PASS match-247
  FAIL match-248: Result mismatch
    Expected: (complex assertion)
    Got:      <out />
  FAIL match-249: Result mismatch
    Expected: (complex assertion)
    Got:      <out />
  FAIL match-250: Result mismatch
    Expected: (complex assertion)
    Got:      <out />
  FAIL match-251: Result mismatch
    Expected: (complex assertion)
    Got:      <out />
  FAIL match-252: Result mismatch
    Expected: (complex assertion)
    Got:      <out>,,,,,,,,,,,,,,,,,,,,,,,,,,,,,,</out>
  FAIL match-253: Result mismatch
    Expected: (complex assertion)
    Got:      <out>,,,,,,,,,,,,,,,,,,,,,,,,,,,,,,,,</out>
  FAIL match-254: Result mismatch
    Expected: (complex assertion)
    Got:      <out />
  FAIL match-255: Result mismatch
    Expected: (complex assertion)
    Got:      <out />
  PASS match-256
  PASS match-257
  PASS match-258
  PASS match-259
  FAIL match-260: Result mismatch
    Expected: error XTDE0540
    Got:      <out />
  FAIL match-261: Result mismatch
    Expected: (complex assertion)
    Got:      <out><plus1.5><wildcard><minus-0.1><minus-0.4><minus-2.0 /></minus-0.4></minus-0.1></wildcard></plus1.5></out>
  FAIL match-264: Result mismatch
    Expected: (complex assertion)
    Got:      <out>NaN</out>
  PASS match-265
  FAIL match-266: Result mismatch
    Expected: <X><AB>23</AB><Z><AB>25</AB></Z></X>
    Got:      <X><AB>23</AB><Z>25</Z></X>
  PASS match-267
  FAIL match-268: Result mismatch
    Expected: <X><AB>23</AB><Z><AB>25</AB></Z></X>
    Got:      <X><AB>23</AB><Z>25</Z></X>
  FAIL match-269: Result mismatch
    Expected: <X><AB>23</AB><Z><AB>25</AB></Z></X>
    Got:      <X><AB>23</AB><Z>25</Z></X>
  FAIL match-270: Result mismatch
    Expected: <ok/>
    Got:      
  FAIL match-271: Result mismatch
    Expected: <ok/>
    Got:      
  FAIL match-272: Variable $e is not defined.
  FAIL match-273: Result mismatch
    Expected: <x><aa>23</aa><x><AA>25</AA></x></x>
    Got:      <x><aa>23</aa><x><aa>25</aa></x></x>
  FAIL match-274: Result mismatch
    Expected: <XX><a>23</a><XX><a>25</a></XX></XX>
    Got:      <xx><a>23</a><xx><a>25</a></xx></xx>
  FAIL match-275: Result mismatch
    Expected: <x><aa>23</aa><x><AA>25</AA></x></x>
    Got:      <x><aa>23</aa><x><aa>25</aa></x></x>
  FAIL match-276: Result mismatch
    Expected: <x><a p="2" r="4">23</a></x>
    Got:      <x><a p="1" q="2" r="3" xml:id="id23">23</a></x>
  FAIL match-277: Result mismatch
    Expected: <x><p>2</p><r>4</r><s>5</s></x>
    Got:      <x />
  FAIL match-278: Result mismatch
    Expected: (complex assertion)
    Got:      <x><div id="a"><div id="b"><wrong /></div></div></x>
  PASS match-279
  FAIL match-280: Result mismatch
    Expected: <out><n>21</n><n>42</n><n>63</n><n>84</n></out>
    Got:      <out><n>1</n><n>73</n><n>72</n><n>71</n><n>70</n><n>69</n><n>68</n><n>67</n><n>66</n><n>65</n><n>64</n><n>63</n><n>62</n><n>61</n><n>60</n><n>59</n><n>58</n><n>57</n><n>56</n><n>55</n><n>54</n><n>53</n><n>74</n><n>52</n><n>75</n><n>77</n><n>98</n><n>97</n><n>96</n><n>95</n><n>94</n><n>93</n><n>92</n><n>91</n><n>90</n><n>89</n><n>88</n><n>87</n><n>86</n><n>85</n><n>84</n><n>83</n><n>82</n><n>81</n><n>80</n><n>79</n><n>78</n><n>76</n><n>51</n><n>50</n><n>49</n><n>22</n><n>21</n><n>20</n><n>19</n><n>18</n><n>17</n><n>16</n><n>15</n><n>14</n><n>13</n><n>12</n><n>11</n><n>10</n><n>9</n><n>8</n><n>7</n><n>6</n><n>5</n><n>4</n><n>3</n><n>2</n><n>23</n><n>24</n><n>25</n><n>26</n><n>48</n><n>47</n><n>46</n><n>45</n><n>44</n><n>43</n><n>42</n><n>41</n><n>40</n><n>39</n><n>99</n><n>38</n><n>36</n><n>35</n><n>34</n><n>33</n><n>32</n><n>31</n><n>30</n><n>29</n><n>28</n><n>27</n><n>37</n><n>100</n></out>
  FAIL match-281: Result mismatch
    Expected: <out><n>7</n><n>14</n><n>28</n><n>35</n><n>49</n><n>56</n><n>70</n><n>77</n><n>91</n><n>98</n></out>
    Got:      <out><n>1</n><n>73</n><n>72</n><n>71</n><n>70</n><n>69</n><n>68</n><n>67</n><n>66</n><n>65</n><n>64</n><n>63</n><n>62</n><n>61</n><n>60</n><n>59</n><n>58</n><n>57</n><n>56</n><n>55</n><n>54</n><n>53</n><n>74</n><n>52</n><n>75</n><n>77</n><n>98</n><n>97</n><n>96</n><n>95</n><n>94</n><n>93</n><n>92</n><n>91</n><n>90</n><n>89</n><n>88</n><n>87</n><n>86</n><n>85</n><n>84</n><n>83</n><n>82</n><n>81</n><n>80</n><n>79</n><n>78</n><n>76</n><n>51</n><n>50</n><n>49</n><n>22</n><n>21</n><n>20</n><n>19</n><n>18</n><n>17</n><n>16</n><n>15</n><n>14</n><n>13</n><n>12</n><n>11</n><n>10</n><n>9</n><n>8</n><n>7</n><n>6</n><n>5</n><n>4</n><n>3</n><n>2</n><n>23</n><n>24</n><n>25</n><n>26</n><n>48</n><n>47</n><n>46</n><n>45</n><n>44</n><n>43</n><n>42</n><n>41</n><n>40</n><n>39</n><n>99</n><n>38</n><n>36</n><n>35</n><n>34</n><n>33</n><n>32</n><n>31</n><n>30</n><n>29</n><n>28</n><n>27</n><n>37</n><n>100</n></out>
  FAIL match-282: Result mismatch
    Expected: <X><AB>23</AB><Z><AB>25</AB></Z></X>
    Got:      <X><AB>23</AB><Z>25</Z></X>
  PASS match-283
  FAIL match-284: Result mismatch
    Expected: <x id="1"><a>23</a><z><AA>25</AA></z></x>
    Got:      <x id="1"><a>23</a><z><a>25</a></z></x>
  Done: match (294 tests, 138 passed, 41 failed, 115 skipped)
  Starting: mode ...
  PASS mode-0001
  PASS mode-0003
  FAIL mode-0005: Result mismatch
    Expected: <out><c>abracadabra</c><d/><s>abracadabra</s></out>
    Got:      <out><c>abracadabra</c><d>abracadabra</d><s>abracadabra</s></out>
  FAIL mode-0007: Result mismatch
    Expected: <out><c a="abracadabra"/><d/><s>abracadabra</s></out>
    Got:      <out><c>abracadabra</c><d>abracadabra</d><s>abracadabra</s></out>
  FAIL mode-0009: Result mismatch
    Expected: <out><c xmlns:a="http://abracadabra.com/"/><d/><s/></out>
    Got:      <out><c>http://abracadabra.com/</c><d>http://abracadabra.com/</d><s>http://abracadabra.com/</s></out>
  FAIL mode-0011: Result mismatch
    Expected: (complex assertion)
    Got:      <xsl:stylesheet xmlns:xsl="http://www.w3.org/1999/XSL/Transform" xmlns:xs="http://www.w3.org/2001/XMLSchema" xmlns:math="http://www.w3.org/2005/xpath-functions/math" xmlns:xp="http://saxonica.com/xpathParse" exclude-result-prefixes="xs math" version="3.0">
  <xsl:mode on-no-match="shallow-copy" />
  <xsl:function name="xp:is.AVT" as="xs:boolean">
    <xsl:param name="test" as="attribute()" />
    <xsl:sequence select="contains($test,'{')" />
  </xsl:function>

  <xsl:template match="@*[xp:is.AVT(.)]">
    <xsl:attribute name="{local-name(.)}" select="'IS-AVT'||." />
  </xsl:template>
  
  <xsl:template name="main">
    <xsl:apply-templates select="document('')/*" />
  </xsl:template>
</xsl:stylesheet>
  FAIL mode-0013: Result mismatch
    Expected: <out><c xmlns:a="http://abracadabra.com/"/><d/><s/></out>
    Got:      <out><c>http://abracadabra.com/</c><d>http://abracadabra.com/</d><s>http://abracadabra.com/</s></out>
  FAIL mode-0015: Result mismatch
    Expected: <out><c><foo><matched/></foo></c><d><matched/></d><s/></out>
    Got:      <out><c><foo bar="42" /></c><d /><s /></out>
  FAIL mode-0016: Result mismatch
    Expected: <out
            ><c><x:foo xmlns:x="http://ns.x/" xmlns:y="http://ns.y/" xmlns:xsi="http://www.w3.org/2001/XMLSchema-instance"><matched attribute="bar"/><matched attribute="type"/>3</x:foo></c
            ><d><matched attribute="bar"/><matched attribute="type"/></d
            ><s>3</s></out>
    Got:      <out><c><x:foo xmlns:x="http://ns.x/" bar="42" p3:type="xs:integer" xmlns:y="http://ns.y/" xmlns:p3="http://www.w3.org/2001/XMLSchema-instance">3</x:foo></c><d>3</d><s>3</s></out>
  PASS mode-0101
  PASS mode-0102
  PASS mode-0103
  PASS mode-0104
  PASS mode-0105
  PASS mode-0106
  PASS mode-0107
  PASS mode-0108
  PASS mode-0201
  PASS mode-0301
  PASS mode-0401
  PASS mode-0501
  FAIL mode-0601: Result mismatch
    Expected: <out>
  This is the child number 1.
</out>
    Got:      This test failed to execute properly.
  PASS mode-0701
  FAIL mode-0801a: Result mismatch
    Expected: <?xml version="1.0" encoding="UTF-8"?><out>
 -Any child of root sss-

 +Any descendant of root sss+

 -Any child of any sss-

 +Any descendant of root sss+

 -Any child of any sss-

 +Any descendant of root sss+
</out>
    Got:      <out>
 -Any child of root sss-

 +Any descendant of root sss+

 -Any child of any sss-

 !Any descendant of any sss!

 -Any child of any sss-

 !Any descendant of any sss!
</out>
  FAIL mode-0801b: Result mismatch
    Expected: error XTRE0540
    Got:      <out>
 -Any child of root sss-

 +Any descendant of root sss+

 -Any child of any sss-

 !Any descendant of any sss!

 -Any child of any sss-

 !Any descendant of any sss!
</out>
  FAIL mode-0801c: Result mismatch
    Expected: <?xml version="1.0" encoding="UTF-8"?><out>
 -Any child of root sss-

 +Any descendant of root sss+

 -Any child of any sss-

 +Any descendant of root sss+

 -Any child of any sss-

 +Any descendant of root sss+
</out>
    Got:      <out>
 -Any child of root sss-

 +Any descendant of root sss+

 -Any child of any sss-

 !Any descendant of any sss!

 -Any child of any sss-

 !Any descendant of any sss!
</out>
  FAIL mode-0802: Result mismatch
    Expected: (complex assertion)
    Got:      <out>
 -Any child of root sss-

 +Any descendant of root sss+

 -Any child of any sss-

 !Any descendant of any sss!

 -Any child of any sss-

 !Any descendant of any sss!
</out>
  FAIL mode-0803: Result mismatch
    Expected: <?xml version="1.0" encoding="UTF-8"?><out>
 -Any child of root sss-

 +Any descendant of root sss+

 -Any child of any sss-

 +Any descendant of root sss+

 -Any child of any sss-

 +Any descendant of root sss+
</out>
    Got:      <out>
 -Any child of root sss-

 +Any descendant of root sss+

 -Any child of any sss-

 !Any descendant of any sss!

 -Any child of any sss-

 !Any descendant of any sss!
</out>
  FAIL mode-0804: Result mismatch
    Expected: (complex assertion)
    Got:      <out>
 -Any child of root sss-

 +Any descendant of root sss+

 -Any child of any sss-

 !Any descendant of any sss!

 -Any child of any sss-

 !Any descendant of any sss!
</out>
  FAIL mode-0805: Result mismatch
    Expected: <?xml version="1.0" encoding="UTF-8"?><out>
 -Any child of root sss-

 +Any descendant of root sss+

 -Any child of any sss-

 +Any descendant of root sss+

 -Any child of any sss-

 +Any descendant of root sss+
</out>
    Got:      <out>
 -Any child of root sss-

 +Any descendant of root sss+

 -Any child of any sss-

 !Any descendant of any sss!

 -Any child of any sss-

 !Any descendant of any sss!
</out>
  FAIL mode-0806: Result mismatch
    Expected: error XTSE0020
    Got:      <out>
 -Any child of root sss-

 +Any descendant of root sss+

 -Any child of any sss-

 !Any descendant of any sss!

 -Any child of any sss-

 !Any descendant of any sss!
</out>
  FAIL mode-0901: Result mismatch
    Expected: <out>mode-moo:a, a-text</out>
    Got:      <out>a-text</out>
  PASS mode-1001
  FAIL mode-1101: Result mismatch
    Expected: <out>
	 	 mode-X (doc): 
	  inside named-templates: mode-X: brown-fox</out>
    Got:      
  FAIL mode-1102: Result mismatch
    Expected: <out>
	 	 mode-bXc (doc): 
	  inside named-templates: mode-X: brown-fox</out>
    Got:      
  FAIL mode-1103: Result mismatch
    Expected: <out>
	 	 mode-#all (doc): 
	  inside named-templates: mode-X: brown-fox</out>
    Got:      <out>
	 	 mode-#all (doc): 
	  inside named-templates: brown-fox</out>
  PASS mode-1104
  FAIL mode-1105: Result mismatch
    Expected: <out><mode-X at="doc"/><inside>mode-X: brown-fox</inside></out>
    Got:      <out><mode-X at="/" /><mode-a at="doc" /><inside>brown-fox</inside></out>
  FAIL mode-1106a: XPST0017: Function {http://www.w3.org/2005/xpath-functions}accumulator-after#1 not found.
  FAIL mode-1106c: XPST0017: Function {http://www.w3.org/2005/xpath-functions}accumulator-after#1 not found.
  FAIL mode-1106d: XPST0017: Function {http://www.w3.org/2005/xpath-functions}accumulator-after#1 not found.
  FAIL mode-1107a: XPST0017: Function {http://www.w3.org/2005/xpath-functions}accumulator-after#1 not found.
  FAIL mode-1107c: XPST0017: Function {http://www.w3.org/2005/xpath-functions}accumulator-after#1 not found.
  PASS mode-1201
  PASS mode-1202
  PASS mode-1203
  PASS mode-1204
  PASS mode-1301
  FAIL mode-1401: Result mismatch
    Expected: <?xml version="1.0" encoding="UTF-8"?><out><chapter><chtitle mode="m">Chapter 1</chtitle><chtitle mode="#default">Chapter 1</chtitle></chapter><chapter><chtitle mode="m">Chapter 2</chtitle><chtitle mode="#default">Chapter 2</chtitle></chapter></out>
    Got:      <out><chapter><chtitle mode="m">Chapter 1</chtitle></chapter><chapter><chtitle mode="m">Chapter 2</chtitle></chapter></out>
  FAIL mode-1402: Result mismatch
    Expected: <out><chapter a="m:Chapter 1"/><chapter a="m:Chapter 2"/></out>
    Got:      <out><chapter /><chapter /></out>
  FAIL mode-1403: Result mismatch
    Expected: <out><chapter a="#default:Chapter 1"/><chapter a="#default:Chapter 1"/></out>
    Got:      <out><chapter a="Chapter 1" /><chapter a="Chapter 1" /></out>
  FAIL mode-1404: Result mismatch
    Expected: <out><chapter a="#default:Chapter 1"/><chapter a="#default:Chapter 1"/></out>
    Got:      <out><chapter a="Chapter 1" /><chapter a="Chapter 1" /></out>
  PASS mode-1405
  FAIL mode-1407: Result mismatch
    Expected: (complex assertion)
    Got:      
  PASS mode-1409
  FAIL mode-1411: Result mismatch
    Expected: <?xml version="1.0" encoding="UTF-8"?><book>
 <bktlong>The First Book of Moses, Called GENESIS.</bktlong>
 <bktshort>Genesis</bktshort>
 <chapter nr="1" length="4097">
    <chtitle>Chapter 1</chtitle>
    <v>In the beginning <deity>God</deity> created the heaven and the earth.</v>
    <v>And the earth was without form, and void; and darkness was upon the face of the deep. And the Spirit of <deity>God</deity> moved upon the face of the waters.</v>
    <v>And <deity>God</deity> said, Let there be light: and there was light.</v>
    <v>And <deity>God</deity> saw the light, that it was good: and <deity>God</deity> divided the light from the darkness.</v>
    <v>And <deity>God</deity> called the light Day, and the darkness he called Night. And the evening and the morning were the first day.</v>
    <v>And <deity>God</deity> said, Let there be a firmament in the midst of the waters, and let it divide the waters from the waters.</v>
    <v>And <deity>God</deity> made the firmament, and divided the waters which were under the firmament from the waters which were above the firmament: and it was so.</v>
    <v>And <deity>God</deity> called the firmament Heaven. And the evening and the morning were the second day.</v>
    <v>And <deity>God</deity> said, Let the waters under the heaven be gathered together unto one place, and let the dry land appear: and it was so.</v>
    <v>And <deity>God</deity> called the dry land Earth; and the gathering together of the waters called he Seas: and <deity>God</deity> saw that it was good.</v>
    <v>And <deity>God</deity> said, Let the earth bring forth grass, the herb yielding seed, and the fruit tree yielding fruit after his kind, whose seed is in itself, upon the earth: and it was so.</v>
    <v>And the earth brought forth grass, and herb yielding seed after his kind, and the tree yielding fruit, whose seed was in itself, after his kind: and <deity>God</deity> saw that it was good.</v>
    <v>And the evening and the morning were the third day.</v>
    <v>And <deity>God</deity> said, Let there be lights in the firmament of the heaven to divide the day from the night; and let them be for signs, and for seasons, and for days, and years:</v>
    <v>And let them be for lights in the firmament of the heaven to give light upon the earth: and it was so.</v>
    <v>And <deity>God</deity> made two great lights; the greater light to rule the day, and the lesser light to rule the night: he made the stars also.</v>
    <v>And <deity>God</deity> set them in the firmament of the heaven to give light upon the earth,</v>
    <v>And to rule over the day and over the night, and to divide the light from the darkness: and <deity>God</deity> saw that it was good.</v>
    <v>And the evening and the morning were the fourth day.</v>
    <v>And <deity>God</deity> said, Let the waters bring forth abundantly the moving creature that hath life, and fowl that may fly above the earth in the open firmament of heaven.</v>
    <v>And <deity>God</deity> created great whales, and every living creature that moveth, which the waters brought forth abundantly, after their kind, and every winged fowl after his kind: and <deity>God</deity> saw that it was good.</v>
    <v>And <deity>God</deity> blessed them, saying, Be fruitful, and multiply, and fill the waters in the seas, and let fowl multiply in the earth.</v>
    <v>And the evening and the morning were the fifth day.</v>
    <v>And <deity>God</deity> said, Let the earth bring forth the living creature after his kind, cattle, and creeping thing, and beast of the earth after his kind: and it was so.</v>
    <v>And <deity>God</deity> made the beast of the earth after his kind, and cattle after their kind, and every thing that creepeth upon the earth after his kind: and <deity>God</deity> saw that it was good.</v>
    <v>And <deity>God</deity> said, Let us make man in our image, after our likeness: and let them have dominion over the fish of the sea, and over the fowl of the air, and over the cattle, and over all the earth, and over every creeping thing that creepeth upon the earth.</v>
    <v>So <deity>God</deity> created man in his own image, in the image of <deity>God</deity> created he him; male and female created he them.</v>
    <v>And <deity>God</deity> blessed them, and <deity>God</deity> said unto them, Be fruitful, and multiply, and replenish the earth, and subdue it: and have dominion over the fish of the sea, and over the fowl of the air, and over every living thing that moveth upon the earth.</v>
    <v>And <deity>God</deity> said, Behold, I have given you every herb bearing seed, which is upon the face of all the earth, and every tree, in the which is the fruit of a tree yielding seed; to you it shall be for meat.</v>
    <v>And to every beast of the earth, and to every fowl of the air, and to every thing that creepeth upon the earth, wherein there is life, I have given every green herb for meat: and it was so.</v>
    <v>And <deity>God</deity> saw every thing that he had made, and, behold, it was very good. And the evening and the morning were the sixth day.</v>
 </chapter>
 <chapter nr="2" length="3105">
    <chtitle>Chapter 2</chtitle>
    <v>Thus the heavens and the earth were finished, and all the host of them.</v>
    <v>And on the seventh day <deity>God</deity> ended his work which he had made; and he rested on the seventh day from all his work which he had made.</v>
    <v>And <deity>God</deity> blessed the seventh day, and sanctified it: because that in it he had rested from all his work which <deity>God</deity> created and made.</v>
    <v>These are the generations of the heavens and of the earth when they were created, in the day that the LORD <deity>God</deity> made the earth and the heavens,</v>
    <v>And every plant of the field before it was in the earth, and every herb of the field before it grew: for the LORD <deity>God</deity> had not caused it to rain upon the earth, and there was not a man to till the ground.</v>
    <v>But there went up a mist from the earth, and watered the whole face of the ground.</v>
    <v>And the LORD <deity>God</deity> formed man of the dust of the ground, and breathed into his nostrils the breath of life; and man became a living soul.</v>
    <v>And the LORD <deity>God</deity> planted a garden eastward in <place>Eden</place>; and there he put the man whom he had formed.</v>
    <v>And out of the ground made the LORD <deity>God</deity> to grow every tree that is pleasant to the sight, and good for food; the tree of life also in the midst of the garden, and the tree of knowledge of good and evil.</v>
    <v>And a river went out of <place>Eden</place> to water the garden; and from thence it was parted, and became into four heads.</v>
    <v>The name of the first is <place>Pison</place>: that is it which compasseth the whole land of <place>Havilah</place>, where there is gold;</v>
    <v>And the gold of that land is good: there is bdellium and the onyx stone.</v>
    <v>And the name of the second river is <place>Gihon</place>: the same is it that compasseth the whole land of <place>Ethiopia</place>.</v>
    <v>And the name of the third river is <place>Hiddekel</place>: that is it which goeth toward the east of <place>Assyria</place>. And the fourth river is <place>Euphrates</place>.</v>
    <v>And the LORD <deity>God</deity> took the man, and put him into the garden of <place>Eden</place> to dress it and to keep it.</v>
    <v>And the LORD <deity>God</deity> commanded the man, saying, Of every tree of the garden thou mayest freely eat:</v>
    <v>But of the tree of the knowledge of good and evil, thou shalt not eat of it: for in the day that thou eatest thereof thou shalt surely die.</v>
    <v>And the LORD <deity>God</deity> said, It is not good that the man should be alone; I will make him an help meet for him.</v>
    <v>And out of the ground the LORD <deity>God</deity> formed every beast of the field, and every fowl of the air; and brought them unto <person>Adam</person> to see what he would call them: and whatsoever <person>Adam</person> called every living creature, that was the name thereof.</v>
    <v>And <person>Adam</person> gave names to all cattle, and to the fowl of the air, and to every beast of the field; but for <person>Adam</person> there was not found an help meet for him.</v>
    <v>And the LORD <deity>God</deity> caused a deep sleep to fall upon <person>Adam</person>, and he slept: and he took one of his ribs, and closed up the flesh instead thereof;</v>
    <v>And the rib, which the LORD <deity>God</deity> had taken from man, made he a woman, and brought her unto the man.</v>
    <v>And <person>Adam</person> said, This is now bone of my bones, and flesh of my flesh: she shall be called Woman, because she was taken out of Man.</v>
    <v>Therefore shall a man leave his father and his mother, and shall cleave unto his wife: and they shall be one flesh.</v>
    <v>And they were both naked, the man and his wife, and were not ashamed.</v>
 </chapter>
</book>
    Got:      
  FAIL mode-1413: Result mismatch
    Expected: <?xml version="1.0" encoding="UTF-8"?><book>
 <bktlong>The First Book of Moses, Called GENESIS.</bktlong>
 <bktshort>Genesis</bktshort>
 <chapter nr="1" length="4098">
    <chapter-title><chtitle>Chapter 1</chtitle></chapter-title>
    <v>In the beginning <deity>God</deity> created the heaven and the earth.</v>
    <v>And the earth was without form, and void; and darkness was upon the face of the deep. And the Spirit of <deity>God</deity> moved upon the face of the waters.</v>
    <v>And <deity>God</deity> said, Let there be light: and there was light.</v>
    <v>And <deity>God</deity> saw the light, that it was good: and <deity>God</deity> divided the light from the darkness.</v>
    <v>And <deity>God</deity> called the light Day, and the darkness he called Night. And the evening and the morning were the first day.</v>
    <v>And <deity>God</deity> said, Let there be a firmament in the midst of the waters, and let it divide the waters from the waters.</v>
    <v>And <deity>God</deity> made the firmament, and divided the waters which were under the firmament from the waters which were above the firmament: and it was so.</v>
    <v>And <deity>God</deity> called the firmament Heaven. And the evening and the morning were the second day.</v>
    <v>And <deity>God</deity> said, Let the waters under the heaven be gathered together unto one place, and let the dry land appear: and it was so.</v>
    <v>And <deity>God</deity> called the dry land Earth; and the gathering together of the waters called he Seas: and <deity>God</deity> saw that it was good.</v>
    <v>And <deity>God</deity> said, Let the earth bring forth grass, the herb yielding seed, and the fruit tree yielding fruit after his kind, whose seed is in itself, upon the earth: and it was so.</v>
    <v>And the earth brought forth grass, and herb yielding seed after his kind, and the tree yielding fruit, whose seed was in itself, after his kind: and <deity>God</deity> saw that it was good.</v>
    <v>And the evening and the morning were the third day.</v>
    <v>And <deity>God</deity> said, Let there be lights in the firmament of the heaven to divide the day from the night; and let them be for signs, and for seasons, and for days, and years:</v>
    <v>And let them be for lights in the firmament of the heaven to give light upon the earth: and it was so.</v>
    <v>And <deity>God</deity> made two great lights; the greater light to rule the day, and the lesser light to rule the night: he made the stars also.</v>
    <v>And <deity>God</deity> set them in the firmament of the heaven to give light upon the earth,</v>
    <v>And to rule over the day and over the night, and to divide the light from the darkness: and <deity>God</deity> saw that it was good.</v>
    <v>And the evening and the morning were the fourth day.</v>
    <v>And <deity>God</deity> said, Let the waters bring forth abundantly the moving creature that hath life, and fowl that may fly above the earth in the open firmament of heaven.</v>
    <v>And <deity>God</deity> created great whales, and every living creature that moveth, which the waters brought forth abundantly, after their kind, and every winged fowl after his kind: and <deity>God</deity> saw that it was good.</v>
    <v>And <deity>God</deity> blessed them, saying, Be fruitful, and multiply, and fill the waters in the seas, and let fowl multiply in the earth.</v>
    <v>And the evening and the morning were the fifth day.</v>
    <v>And <deity>God</deity> said, Let the earth bring forth the living creature after his kind, cattle, and creeping thing, and beast of the earth after his kind: and it was so.</v>
    <v>And <deity>God</deity> made the beast of the earth after his kind, and cattle after their kind, and every thing that creepeth upon the earth after his kind: and <deity>God</deity> saw that it was good.</v>
    <v>And <deity>God</deity> said, Let us make man in our image, after our likeness: and let them have dominion over the fish of the sea, and over the fowl of the air, and over the cattle, and over all the earth, and over every creeping thing that creepeth upon the earth.</v>
    <v>So <deity>God</deity> created man in his own image, in the image of <deity>God</deity> created he him; male and female created he them.</v>
    <v>And <deity>God</deity> blessed them, and <deity>God</deity> said unto them, Be fruitful, and multiply, and replenish the earth, and subdue it: and have dominion over the fish of the sea, and over the fowl of the air, and over every living thing that moveth upon the earth.</v>
    <v>And <deity>God</deity> said, Behold, I have given you every herb bearing seed, which is upon the face of all the earth, and every tree, in the which is the fruit of a tree yielding seed; to you it shall be for meat.</v>
    <v>And to every beast of the earth, and to every fowl of the air, and to every thing that creepeth upon the earth, wherein there is life, I have given every green herb for meat: and it was so.</v>
    <v>And <deity>God</deity> saw every thing that he had made, and, behold, it was very good. And the evening and the morning were the sixth day.</v>
 </chapter>
 <chapter nr="2" length="3106">
    <chapter-title><chtitle>Chapter 2</chtitle></chapter-title>
    <v>Thus the heavens and the earth were finished, and all the host of them.</v>
    <v>And on the seventh day <deity>God</deity> ended his work which he had made; and he rested on the seventh day from all his work which he had made.</v>
    <v>And <deity>God</deity> blessed the seventh day, and sanctified it: because that in it he had rested from all his work which <deity>God</deity> created and made.</v>
    <v>These are the generations of the heavens and of the earth when they were created, in the day that the LORD <deity>God</deity> made the earth and the heavens,</v>
    <v>And every plant of the field before it was in the earth, and every herb of the field before it grew: for the LORD <deity>God</deity> had not caused it to rain upon the earth, and there was not a man to till the ground.</v>
    <v>But there went up a mist from the earth, and watered the whole face of the ground.</v>
    <v>And the LORD <deity>God</deity> formed man of the dust of the ground, and breathed into his nostrils the breath of life; and man became a living soul.</v>
    <v>And the LORD <deity>God</deity> planted a garden eastward in <place>Eden</place>; and there he put the man whom he had formed.</v>
    <v>And out of the ground made the LORD <deity>God</deity> to grow every tree that is pleasant to the sight, and good for food; the tree of life also in the midst of the garden, and the tree of knowledge of good and evil.</v>
    <v>And a river went out of <place>Eden</place> to water the garden; and from thence it was parted, and became into four heads.</v>
    <v>The name of the first is <place>Pison</place>: that is it which compasseth the whole land of <place>Havilah</place>, where there is gold;</v>
    <v>And the gold of that land is good: there is bdellium and the onyx stone.</v>
    <v>And the name of the second river is <place>Gihon</place>: the same is it that compasseth the whole land of <place>Ethiopia</place>.</v>
    <v>And the name of the third river is <place>Hiddekel</place>: that is it which goeth toward the east of <place>Assyria</place>. And the fourth river is <place>Euphrates</place>.</v>
    <v>And the LORD <deity>God</deity> took the man, and put him into the garden of <place>Eden</place> to dress it and to keep it.</v>
    <v>And the LORD <deity>God</deity> commanded the man, saying, Of every tree of the garden thou mayest freely eat:</v>
    <v>But of the tree of the knowledge of good and evil, thou shalt not eat of it: for in the day that thou eatest thereof thou shalt surely die.</v>
    <v>And the LORD <deity>God</deity> said, It is not good that the man should be alone; I will make him an help meet for him.</v>
    <v>And out of the ground the LORD <deity>God</deity> formed every beast of the field, and every fowl of the air; and brought them unto <person>Adam</person> to see what he would call them: and whatsoever <person>Adam</person> called every living creature, that was the name thereof.</v>
    <v>And <person>Adam</person> gave names to all cattle, and to the fowl of the air, and to every beast of the field; but for <person>Adam</person> there was not found an help meet for him.</v>
    <v>And the LORD <deity>God</deity> caused a deep sleep to fall upon <person>Adam</person>, and he slept: and he took one of his ribs, and closed up the flesh instead thereof;</v>
    <v>And the rib, which the LORD <deity>God</deity> had taken from man, made he a woman, and brought her unto the man.</v>
    <v>And <person>Adam</person> said, This is now bone of my bones, and flesh of my flesh: she shall be called Woman, because she was taken out of Man.</v>
    <v>Therefore shall a man leave his father and his mother, and shall cleave unto his wife: and they shall be one flesh.</v>
    <v>And they were both naked, the man and his wife, and were not ashamed.</v>
 </chapter>
</book>
    Got:      
  PASS mode-1415
  FAIL mode-1417: Result mismatch
    Expected: <book><bktlong/><bktshort/></book>
    Got:      
  FAIL mode-1419: Result mismatch
    Expected: <out>Genesis</out>
    Got:      
  FAIL mode-1421: Result mismatch
    Expected: <?xml version="1.0" encoding="UTF-8"?><out><book>
 <bktlong>The First Book of Moses, Called GENESIS.</bktlong>
 <bktshort>Genesis</bktshort>
 <chapter nr="1" length="4097">
    <chtitle>Chapter 1</chtitle>
    <v/>
    <v/>
    <v/>
    <v/>
    <v/>
    <v/>
    <v/>
    <v/>
    <v/>
    <v/>
    <v/>
    <v/>
    <v/>
    <v/>
    <v/>
    <v/>
    <v/>
    <v/>
    <v/>
    <v/>
    <v/>
    <v/>
    <v/>
    <v/>
    <v/>
    <v/>
    <v/>
    <v/>
    <v/>
    <v/>
    <v/>
 </chapter>
 <chapter nr="2" length="3105">
    <chtitle>Chapter 2</chtitle>
    <v/>
    <v/>
    <v/>
    <v/>
    <v/>
    <v/>
    <v/>
    <v/>
    <v/>
    <v/>
    <v/>
    <v/>
    <v/>
    <v/>
    <v/>
    <v/>
    <v/>
    <v/>
    <v/>
    <v/>
    <v/>
    <v/>
    <v/>
    <v/>
    <v/>
 </chapter>
</book></out>
    Got:      
  FAIL mode-1423: Result mismatch
    Expected: <?xml version="1.0" encoding="UTF-8"?><book>
 <bktlong>The First Book of Moses, Called GENESIS.</bktlong>
 <bktshort>Genesis</bktshort>
 <chapter>
    <chtitle>Chapter 1</chtitle>
    <v>In the beginning <deity>God</deity> created the heaven and the earth.</v>
    <v>And the earth was without form, and void; and darkness was upon the face of the deep. And the Spirit of <deity>God</deity> moved upon the face of the waters.</v>
    <v>And <deity>God</deity> said, Let there be light: and there was light.</v>
    <v>And <deity>God</deity> saw the light, that it was good: and <deity>God</deity> divided the light from the darkness.</v>
    <v>And <deity>God</deity> called the light Day, and the darkness he called Night. And the evening and the morning were the first day.</v>
    <v>And <deity>God</deity> said, Let there be a firmament in the midst of the waters, and let it divide the waters from the waters.</v>
    <v>And <deity>God</deity> made the firmament, and divided the waters which were under the firmament from the waters which were above the firmament: and it was so.</v>
    <v>And <deity>God</deity> called the firmament Heaven. And the evening and the morning were the second day.</v>
    <v>And <deity>God</deity> said, Let the waters under the heaven be gathered together unto one place, and let the dry land appear: and it was so.</v>
    <v>And <deity>God</deity> called the dry land Earth; and the gathering together of the waters called he Seas: and <deity>God</deity> saw that it was good.</v>
    <v>And <deity>God</deity> said, Let the earth bring forth grass, the herb yielding seed, and the fruit tree yielding fruit after his kind, whose seed is in itself, upon the earth: and it was so.</v>
    <v>And the earth brought forth grass, and herb yielding seed after his kind, and the tree yielding fruit, whose seed was in itself, after his kind: and <deity>God</deity> saw that it was good.</v>
    <v>And the evening and the morning were the third day.</v>
    <v>And <deity>God</deity> said, Let there be lights in the firmament of the heaven to divide the day from the night; and let them be for signs, and for seasons, and for days, and years:</v>
    <v>And let them be for lights in the firmament of the heaven to give light upon the earth: and it was so.</v>
    <v>And <deity>God</deity> made two great lights; the greater light to rule the day, and the lesser light to rule the night: he made the stars also.</v>
    <v>And <deity>God</deity> set them in the firmament of the heaven to give light upon the earth,</v>
    <v>And to rule over the day and over the night, and to divide the light from the darkness: and <deity>God</deity> saw that it was good.</v>
    <v>And the evening and the morning were the fourth day.</v>
    <v>And <deity>God</deity> said, Let the waters bring forth abundantly the moving creature that hath life, and fowl that may fly above the earth in the open firmament of heaven.</v>
    <v>And <deity>God</deity> created great whales, and every living creature that moveth, which the waters brought forth abundantly, after their kind, and every winged fowl after his kind: and <deity>God</deity> saw that it was good.</v>
    <v>And <deity>God</deity> blessed them, saying, Be fruitful, and multiply, and fill the waters in the seas, and let fowl multiply in the earth.</v>
    <v>And the evening and the morning were the fifth day.</v>
    <v>And <deity>God</deity> said, Let the earth bring forth the living creature after his kind, cattle, and creeping thing, and beast of the earth after his kind: and it was so.</v>
    <v>And <deity>God</deity> made the beast of the earth after his kind, and cattle after their kind, and every thing that creepeth upon the earth after his kind: and <deity>God</deity> saw that it was good.</v>
    <v>And <deity>God</deity> said, Let us make man in our image, after our likeness: and let them have dominion over the fish of the sea, and over the fowl of the air, and over the cattle, and over all the earth, and over every creeping thing that creepeth upon the earth.</v>
    <v>So <deity>God</deity> created man in his own image, in the image of <deity>God</deity> created he him; male and female created he them.</v>
    <v>And <deity>God</deity> blessed them, and <deity>God</deity> said unto them, Be fruitful, and multiply, and replenish the earth, and subdue it: and have dominion over the fish of the sea, and over the fowl of the air, and over every living thing that moveth upon the earth.</v>
    <v>And <deity>God</deity> said, Behold, I have given you every herb bearing seed, which is upon the face of all the earth, and every tree, in the which is the fruit of a tree yielding seed; to you it shall be for meat.</v>
    <v>And to every beast of the earth, and to every fowl of the air, and to every thing that creepeth upon the earth, wherein there is life, I have given every green herb for meat: and it was so.</v>
    <v>And <deity>God</deity> saw every thing that he had made, and, behold, it was very good. And the evening and the morning were the sixth day.</v>
 </chapter>
 <chapter>
    <chtitle>Chapter 2</chtitle>
    <v>Thus the heavens and the earth were finished, and all the host of them.</v>
    <v>And on the seventh day <deity>God</deity> ended his work which he had made; and he rested on the seventh day from all his work which he had made.</v>
    <v>And <deity>God</deity> blessed the seventh day, and sanctified it: because that in it he had rested from all his work which <deity>God</deity> created and made.</v>
    <v>These are the generations of the heavens and of the earth when they were created, in the day that the LORD <deity>God</deity> made the earth and the heavens,</v>
    <v>And every plant of the field before it was in the earth, and every herb of the field before it grew: for the LORD <deity>God</deity> had not caused it to rain upon the earth, and there was not a man to till the ground.</v>
    <v>But there went up a mist from the earth, and watered the whole face of the ground.</v>
    <v>And the LORD <deity>God</deity> formed man of the dust of the ground, and breathed into his nostrils the breath of life; and man became a living soul.</v>
    <v>And the LORD <deity>God</deity> planted a garden eastward in <place>Eden</place>; and there he put the man whom he had formed.</v>
    <v>And out of the ground made the LORD <deity>God</deity> to grow every tree that is pleasant to the sight, and good for food; the tree of life also in the midst of the garden, and the tree of knowledge of good and evil.</v>
    <v>And a river went out of <place>Eden</place> to water the garden; and from thence it was parted, and became into four heads.</v>
    <v>The name of the first is <place>Pison</place>: that is it which compasseth the whole land of <place>Havilah</place>, where there is gold;</v>
    <v>And the gold of that land is good: there is bdellium and the onyx stone.</v>
    <v>And the name of the second river is <place>Gihon</place>: the same is it that compasseth the whole land of <place>Ethiopia</place>.</v>
    <v>And the name of the third river is <place>Hiddekel</place>: that is it which goeth toward the east of <place>Assyria</place>. And the fourth river is <place>Euphrates</place>.</v>
    <v>And the LORD <deity>God</deity> took the man, and put him into the garden of <place>Eden</place> to dress it and to keep it.</v>
    <v>And the LORD <deity>God</deity> commanded the man, saying, Of every tree of the garden thou mayest freely eat:</v>
    <v>But of the tree of the knowledge of good and evil, thou shalt not eat of it: for in the day that thou eatest thereof thou shalt surely die.</v>
    <v>And the LORD <deity>God</deity> said, It is not good that the man should be alone; I will make him an help meet for him.</v>
    <v>And out of the ground the LORD <deity>God</deity> formed every beast of the field, and every fowl of the air; and brought them unto <person>Adam</person> to see what he would call them: and whatsoever <person>Adam</person> called every living creature, that was the name thereof.</v>
    <v>And <person>Adam</person> gave names to all cattle, and to the fowl of the air, and to every beast of the field; but for <person>Adam</person> there was not found an help meet for him.</v>
    <v>And the LORD <deity>God</deity> caused a deep sleep to fall upon <person>Adam</person>, and he slept: and he took one of his ribs, and closed up the flesh instead thereof;</v>
    <v>And the rib, which the LORD <deity>God</deity> had taken from man, made he a woman, and brought her unto the man.</v>
    <v>And <person>Adam</person> said, This is now bone of my bones, and flesh of my flesh: she shall be called Woman, because she was taken out of Man.</v>
    <v>Therefore shall a man leave his father and his mother, and shall cleave unto his wife: and they shall be one flesh.</v>
    <v>And they were both naked, the man and his wife, and were not ashamed.</v>
 </chapter>
</book>
    Got:      <book>
 <bktlong>The First Book of Moses, Called GENESIS.</bktlong>
 <bktshort>Genesis</bktshort>
 <chapter nr="1" length="4097">
    <chtitle>Chapter 1</chtitle>
    <v>In the beginning <deity>God</deity> created the heaven and the earth.</v>
    <v>And the earth was without form, and void; and darkness was upon the face of the deep. And the Spirit of <deity>God</deity> moved upon the face of the waters.</v>
    <v>And <deity>God</deity> said, Let there be light: and there was light.</v>
    <v>And <deity>God</deity> saw the light, that it was good: and <deity>God</deity> divided the light from the darkness.</v>
    <v>And <deity>God</deity> called the light Day, and the darkness he called Night. And the evening and the morning were the first day.</v>
    <v>And <deity>God</deity> said, Let there be a firmament in the midst of the waters, and let it divide the waters from the waters.</v>
    <v>And <deity>God</deity> made the firmament, and divided the waters which were under the firmament from the waters which were above the firmament: and it was so.</v>
    <v>And <deity>God</deity> called the firmament Heaven. And the evening and the morning were the second day.</v>
    <v>And <deity>God</deity> said, Let the waters under the heaven be gathered together unto one place, and let the dry land appear: and it was so.</v>
    <v>And <deity>God</deity> called the dry land Earth; and the gathering together of the waters called he Seas: and <deity>God</deity> saw that it was good.</v>
    <v>And <deity>God</deity> said, Let the earth bring forth grass, the herb yielding seed, and the fruit tree yielding fruit after his kind, whose seed is in itself, upon the earth: and it was so.</v>
    <v>And the earth brought forth grass, and herb yielding seed after his kind, and the tree yielding fruit, whose seed was in itself, after his kind: and <deity>God</deity> saw that it was good.</v>
    <v>And the evening and the morning were the third day.</v>
    <v>And <deity>God</deity> said, Let there be lights in the firmament of the heaven to divide the day from the night; and let them be for signs, and for seasons, and for days, and years:</v>
    <v>And let them be for lights in the firmament of the heaven to give light upon the earth: and it was so.</v>
    <v>And <deity>God</deity> made two great lights; the greater light to rule the day, and the lesser light to rule the night: he made the stars also.</v>
    <v>And <deity>God</deity> set them in the firmament of the heaven to give light upon the earth,</v>
    <v>And to rule over the day and over the night, and to divide the light from the darkness: and <deity>God</deity> saw that it was good.</v>
    <v>And the evening and the morning were the fourth day.</v>
    <v>And <deity>God</deity> said, Let the waters bring forth abundantly the moving creature that hath life, and fowl that may fly above the earth in the open firmament of heaven.</v>
    <v>And <deity>God</deity> created great whales, and every living creature that moveth, which the waters brought forth abundantly, after their kind, and every winged fowl after his kind: and <deity>God</deity> saw that it was good.</v>
    <v>And <deity>God</deity> blessed them, saying, Be fruitful, and multiply, and fill the waters in the seas, and let fowl multiply in the earth.</v>
    <v>And the evening and the morning were the fifth day.</v>
    <v>And <deity>God</deity> said, Let the earth bring forth the living creature after his kind, cattle, and creeping thing, and beast of the earth after his kind: and it was so.</v>
    <v>And <deity>God</deity> made the beast of the earth after his kind, and cattle after their kind, and every thing that creepeth upon the earth after his kind: and <deity>God</deity> saw that it was good.</v>
    <v>And <deity>God</deity> said, Let us make man in our image, after our likeness: and let them have dominion over the fish of the sea, and over the fowl of the air, and over the cattle, and over all the earth, and over every creeping thing that creepeth upon the earth.</v>
    <v>So <deity>God</deity> created man in his own image, in the image of <deity>God</deity> created he him; male and female created he them.</v>
    <v>And <deity>God</deity> blessed them, and <deity>God</deity> said unto them, Be fruitful, and multiply, and replenish the earth, and subdue it: and have dominion over the fish of the sea, and over the fowl of the air, and over every living thing that moveth upon the earth.</v>
    <v>And <deity>God</deity> said, Behold, I have given you every herb bearing seed, which is upon the face of all the earth, and every tree, in the which is the fruit of a tree yielding seed; to you it shall be for meat.</v>
    <v>And to every beast of the earth, and to every fowl of the air, and to every thing that creepeth upon the earth, wherein there is life, I have given every green herb for meat: and it was so.</v>
    <v>And <deity>God</deity> saw every thing that he had made, and, behold, it was very good. And the evening and the morning were the sixth day.</v>
 </chapter>
 <chapter nr="2" length="3105">
    <chtitle>Chapter 2</chtitle>
    <v>Thus the heavens and the earth were finished, and all the host of them.</v>
    <v>And on the seventh day <deity>God</deity> ended his work which he had made; and he rested on the seventh day from all his work which he had made.</v>
    <v>And <deity>God</deity> blessed the seventh day, and sanctified it: because that in it he had rested from all his work which <deity>God</deity> created and made.</v>
    <v>These are the generations of the heavens and of the earth when they were created, in the day that the LORD <deity>God</deity> made the earth and the heavens,</v>
    <v>And every plant of the field before it was in the earth, and every herb of the field before it grew: for the LORD <deity>God</deity> had not caused it to rain upon the earth, and there was not a man to till the ground.</v>
    <v>But there went up a mist from the earth, and watered the whole face of the ground.</v>
    <v>And the LORD <deity>God</deity> formed man of the dust of the ground, and breathed into his nostrils the breath of life; and man became a living soul.</v>
    <v>And the LORD <deity>God</deity> planted a garden eastward in <place>Eden</place>; and there he put the man whom he had formed.</v>
    <v>And out of the ground made the LORD <deity>God</deity> to grow every tree that is pleasant to the sight, and good for food; the tree of life also in the midst of the garden, and the tree of knowledge of good and evil.</v>
    <v>And a river went out of <place>Eden</place> to water the garden; and from thence it was parted, and became into four heads.</v>
    <v>The name of the first is <place>Pison</place>: that is it which compasseth the whole land of <place>Havilah</place>, where there is gold;</v>
    <v>And the gold of that land is good: there is bdellium and the onyx stone.</v>
    <v>And the name of the second river is <place>Gihon</place>: the same is it that compasseth the whole land of <place>Ethiopia</place>.</v>
    <v>And the name of the third river is <place>Hiddekel</place>: that is it which goeth toward the east of <place>Assyria</place>. And the fourth river is <place>Euphrates</place>.</v>
    <v>And the LORD <deity>God</deity> took the man, and put him into the garden of <place>Eden</place> to dress it and to keep it.</v>
    <v>And the LORD <deity>God</deity> commanded the man, saying, Of every tree of the garden thou mayest freely eat:</v>
    <v>But of the tree of the knowledge of good and evil, thou shalt not eat of it: for in the day that thou eatest thereof thou shalt surely die.</v>
    <v>And the LORD <deity>God</deity> said, It is not good that the man should be alone; I will make him an help meet for him.</v>
    <v>And out of the ground the LORD <deity>God</deity> formed every beast of the field, and every fowl of the air; and brought them unto <person>Adam</person> to see what he would call them: and whatsoever <person>Adam</person> called every living creature, that was the name thereof.</v>
    <v>And <person>Adam</person> gave names to all cattle, and to the fowl of the air, and to every beast of the field; but for <person>Adam</person> there was not found an help meet for him.</v>
    <v>And the LORD <deity>God</deity> caused a deep sleep to fall upon <person>Adam</person>, and he slept: and he took one of his ribs, and closed up the flesh instead thereof;</v>
    <v>And the rib, which the LORD <deity>God</deity> had taken from man, made he a woman, and brought her unto the man.</v>
    <v>And <person>Adam</person> said, This is now bone of my bones, and flesh of my flesh: she shall be called Woman, because she was taken out of Man.</v>
    <v>Therefore shall a man leave his father and his mother, and shall cleave unto his wife: and they shall be one flesh.</v>
    <v>And they were both naked, the man and his wife, and were not ashamed.</v>
 </chapter>
</book>
  FAIL mode-1425: Result mismatch
    Expected: <?xml version="1.0" encoding="UTF-8"?><book>
 <bktlong>The First Book of Moses, Called GENESIS.</bktlong>
 <bktshort>Genesis</bktshort>
 <chapter>
    <chtitle>Chapter 1</chtitle>
    <v><z>In the beginning God created the heaven and the earth.</z></v>
    <v><z>And the earth was without form, and void; and darkness was upon the face of the deep. And the Spirit of God moved upon the face of the waters.</z></v>
    <v><z>And God said, Let there be light: and there was light.</z></v>
    <v><z>And God saw the light, that it was good: and God divided the light from the darkness.</z></v>
    <v><z>And God called the light Day, and the darkness he called Night. And the evening and the morning were the first day.</z></v>
    <v><z>And God said, Let there be a firmament in the midst of the waters, and let it divide the waters from the waters.</z></v>
    <v><z>And God made the firmament, and divided the waters which were under the firmament from the waters which were above the firmament: and it was so.</z></v>
    <v><z>And God called the firmament Heaven. And the evening and the morning were the second day.</z></v>
    <v><z>And God said, Let the waters under the heaven be gathered together unto one place, and let the dry land appear: and it was so.</z></v>
    <v><z>And God called the dry land Earth; and the gathering together of the waters called he Seas: and God saw that it was good.</z></v>
    <v><z>And God said, Let the earth bring forth grass, the herb yielding seed, and the fruit tree yielding fruit after his kind, whose seed is in itself, upon the earth: and it was so.</z></v>
    <v><z>And the earth brought forth grass, and herb yielding seed after his kind, and the tree yielding fruit, whose seed was in itself, after his kind: and God saw that it was good.</z></v>
    <v><z>And the evening and the morning were the third day.</z></v>
    <v><z>And God said, Let there be lights in the firmament of the heaven to divide the day from the night; and let them be for signs, and for seasons, and for days, and years:</z></v>
    <v><z>And let them be for lights in the firmament of the heaven to give light upon the earth: and it was so.</z></v>
    <v><z>And God made two great lights; the greater light to rule the day, and the lesser light to rule the night: he made the stars also.</z></v>
    <v><z>And God set them in the firmament of the heaven to give light upon the earth,</z></v>
    <v><z>And to rule over the day and over the night, and to divide the light from the darkness: and God saw that it was good.</z></v>
    <v><z>And the evening and the morning were the fourth day.</z></v>
    <v><z>And God said, Let the waters bring forth abundantly the moving creature that hath life, and fowl that may fly above the earth in the open firmament of heaven.</z></v>
    <v><z>And God created great whales, and every living creature that moveth, which the waters brought forth abundantly, after their kind, and every winged fowl after his kind: and God saw that it was good.</z></v>
    <v><z>And God blessed them, saying, Be fruitful, and multiply, and fill the waters in the seas, and let fowl multiply in the earth.</z></v>
    <v><z>And the evening and the morning were the fifth day.</z></v>
    <v><z>And God said, Let the earth bring forth the living creature after his kind, cattle, and creeping thing, and beast of the earth after his kind: and it was so.</z></v>
    <v><z>And God made the beast of the earth after his kind, and cattle after their kind, and every thing that creepeth upon the earth after his kind: and God saw that it was good.</z></v>
    <v><z>And God said, Let us make man in our image, after our likeness: and let them have dominion over the fish of the sea, and over the fowl of the air, and over the cattle, and over all the earth, and over every creeping thing that creepeth upon the earth.</z></v>
    <v><z>So God created man in his own image, in the image of God created he him; male and female created he them.</z></v>
    <v><z>And God blessed them, and God said unto them, Be fruitful, and multiply, and replenish the earth, and subdue it: and have dominion over the fish of the sea, and over the fowl of the air, and over every living thing that moveth upon the earth.</z></v>
    <v><z>And God said, Behold, I have given you every herb bearing seed, which is upon the face of all the earth, and every tree, in the which is the fruit of a tree yielding seed; to you it shall be for meat.</z></v>
    <v><z>And to every beast of the earth, and to every fowl of the air, and to every thing that creepeth upon the earth, wherein there is life, I have given every green herb for meat: and it was so.</z></v>
    <v><z>And God saw every thing that he had made, and, behold, it was very good. And the evening and the morning were the sixth day.</z></v>
 </chapter>
 <chapter>
    <chtitle>Chapter 2</chtitle>
    <v><z>Thus the heavens and the earth were finished, and all the host of them.</z></v>
    <v><z>And on the seventh day God ended his work which he had made; and he rested on the seventh day from all his work which he had made.</z></v>
    <v><z>And God blessed the seventh day, and sanctified it: because that in it he had rested from all his work which God created and made.</z></v>
    <v><z>These are the generations of the heavens and of the earth when they were created, in the day that the LORD God made the earth and the heavens,</z></v>
    <v><z>And every plant of the field before it was in the earth, and every herb of the field before it grew: for the LORD God had not caused it to rain upon the earth, and there was not a man to till the ground.</z></v>
    <v><z>But there went up a mist from the earth, and watered the whole face of the ground.</z></v>
    <v><z>And the LORD God formed man of the dust of the ground, and breathed into his nostrils the breath of life; and man became a living soul.</z></v>
    <v><z>And the LORD God planted a garden eastward in Eden; and there he put the man whom he had formed.</z></v>
    <v><z>And out of the ground made the LORD God to grow every tree that is pleasant to the sight, and good for food; the tree of life also in the midst of the garden, and the tree of knowledge of good and evil.</z></v>
    <v><z>And a river went out of Eden to water the garden; and from thence it was parted, and became into four heads.</z></v>
    <v><z>The name of the first is Pison: that is it which compasseth the whole land of Havilah, where there is gold;</z></v>
    <v><z>And the gold of that land is good: there is bdellium and the onyx stone.</z></v>
    <v><z>And the name of the second river is Gihon: the same is it that compasseth the whole land of Ethiopia.</z></v>
    <v><z>And the name of the third river is Hiddekel: that is it which goeth toward the east of Assyria. And the fourth river is Euphrates.</z></v>
    <v><z>And the LORD God took the man, and put him into the garden of Eden to dress it and to keep it.</z></v>
    <v><z>And the LORD God commanded the man, saying, Of every tree of the garden thou mayest freely eat:</z></v>
    <v><z>But of the tree of the knowledge of good and evil, thou shalt not eat of it: for in the day that thou eatest thereof thou shalt surely die.</z></v>
    <v><z>And the LORD God said, It is not good that the man should be alone; I will make him an help meet for him.</z></v>
    <v><z>And out of the ground the LORD God formed every beast of the field, and every fowl of the air; and brought them unto Adam to see what he would call them: and whatsoever Adam called every living creature, that was the name thereof.</z></v>
    <v><z>And Adam gave names to all cattle, and to the fowl of the air, and to every beast of the field; but for Adam there was not found an help meet for him.</z></v>
    <v><z>And the LORD God caused a deep sleep to fall upon Adam, and he slept: and he took one of his ribs, and closed up the flesh instead thereof;</z></v>
    <v><z>And the rib, which the LORD God had taken from man, made he a woman, and brought her unto the man.</z></v>
    <v><z>And Adam said, This is now bone of my bones, and flesh of my flesh: she shall be called Woman, because she was taken out of Man.</z></v>
    <v><z>Therefore shall a man leave his father and his mother, and shall cleave unto his wife: and they shall be one flesh.</z></v>
    <v><z>And they were both naked, the man and his wife, and were not ashamed.</z></v>
 </chapter>
</book>
    Got:      <book>
 <bktlong>The First Book of Moses, Called GENESIS.</bktlong>
 <bktshort>Genesis</bktshort>
 <chapter nr="1" length="4097">
    <chtitle>Chapter 1</chtitle>
    <v><deity>God</deity></v>
    <v><deity>God</deity></v>
    <v><deity>God</deity></v>
    <v><deity>God</deity><deity>God</deity></v>
    <v><deity>God</deity></v>
    <v><deity>God</deity></v>
    <v><deity>God</deity></v>
    <v><deity>God</deity></v>
    <v><deity>God</deity></v>
    <v><deity>God</deity><deity>God</deity></v>
    <v><deity>God</deity></v>
    <v><deity>God</deity></v>
    <v />
    <v><deity>God</deity></v>
    <v />
    <v><deity>God</deity></v>
    <v><deity>God</deity></v>
    <v><deity>God</deity></v>
    <v />
    <v><deity>God</deity></v>
    <v><deity>God</deity><deity>God</deity></v>
    <v><deity>God</deity></v>
    <v />
    <v><deity>God</deity></v>
    <v><deity>God</deity><deity>God</deity></v>
    <v><deity>God</deity></v>
    <v><deity>God</deity><deity>God</deity></v>
    <v><deity>God</deity><deity>God</deity></v>
    <v><deity>God</deity></v>
    <v />
    <v><deity>God</deity></v>
 </chapter>
 <chapter nr="2" length="3105">
    <chtitle>Chapter 2</chtitle>
    <v />
    <v><deity>God</deity></v>
    <v><deity>God</deity><deity>God</deity></v>
    <v><deity>God</deity></v>
    <v><deity>God</deity></v>
    <v />
    <v><deity>God</deity></v>
    <v><deity>God</deity><place>Eden</place></v>
    <v><deity>God</deity></v>
    <v><place>Eden</place></v>
    <v><place>Pison</place><place>Havilah</place></v>
    <v />
    <v><place>Gihon</place><place>Ethiopia</place></v>
    <v><place>Hiddekel</place><place>Assyria</place><place>Euphrates</place></v>
    <v><deity>God</deity><place>Eden</place></v>
    <v><deity>God</deity></v>
    <v />
    <v><deity>God</deity></v>
    <v><deity>God</deity><person>Adam</person><person>Adam</person></v>
    <v><person>Adam</person><person>Adam</person></v>
    <v><deity>God</deity><person>Adam</person></v>
    <v><deity>God</deity></v>
    <v><person>Adam</person></v>
    <v />
    <v />
 </chapter>
</book>
  FAIL mode-1427: Result mismatch
    Expected: (complex assertion)
    Got:      
  FAIL mode-1429: Result mismatch
    Expected: (complex assertion)
    Got:      
  FAIL mode-1431: Result mismatch
    Expected: error XTDE0555
    Got:      <book><bktlong /><bktshort /><chapter nr="1" length="4097"><chtitle /><v><deity /></v><v><deity /></v><v><deity /></v><v><deity /><deity /></v><v><deity /></v><v><deity /></v><v><deity /></v><v><deity /></v><v><deity /></v><v><deity /><deity /></v><v><deity /></v><v><deity /></v><v /><v><deity /></v><v /><v><deity /></v><v><deity /></v><v><deity /></v><v /><v><deity /></v><v><deity /><deity /></v><v><deity /></v><v /><v><deity /></v><v><deity /><deity /></v><v><deity /></v><v><deity /><deity /></v><v><deity /><deity /></v><v><deity /></v><v /><v><deity /></v></chapter><chapter nr="2" length="3105"><chtitle /><v /><v><deity /></v><v><deity /><deity /></v><v><deity /></v><v><deity /></v><v /><v><deity /></v><v><deity /><place /></v><v><deity /></v><v><place /></v><v><place /><place /></v><v /><v><place /><place /></v><v><place /><place /><place /></v><v><deity /><place /></v><v><deity /></v><v /><v><deity /></v><v><deity /><person /><person /></v><v><person /><person /></v><v><deity /><person /></v><v><deity /></v><v><person /></v><v /><v /></chapter></book>
  FAIL mode-1433: Result mismatch
    Expected: <root>
 The First Book of Moses, Called GENESIS.
 <book><QED>Genesis</QED></book>
 Chapter 1
 Chapter 2
</root>
    Got:      <root>
 The First Book of Moses, Called GENESIS.
 <book>Genesis</book>
 Chapter 1
 Chapter 2
</root>
  FAIL mode-1434: Result mismatch
    Expected: <root>
 The First Book of Moses, Called GENESIS.
 <book><QED>Genesis</QED></book>
 Chapter 1
 Chapter 2
</root>
    Got:      <root>
 The First Book of Moses, Called GENESIS.
 <QED>Genesis</QED>
 
    Chapter 1
    In the beginning God created the heaven and the earth.
    And the earth was without form, and void; and darkness was upon the face of the deep. And the Spirit of God moved upon the face of the waters.
    And God said, Let there be light: and there was light.
    And God saw the light, that it was good: and God divided the light from the darkness.
    And God called the light Day, and the darkness he called Night. And the evening and the morning were the first day.
    And God said, Let there be a firmament in the midst of the waters, and let it divide the waters from the waters.
    And God made the firmament, and divided the waters which were under the firmament from the waters which were above the firmament: and it was so.
    And God called the firmament Heaven. And the evening and the morning were the second day.
    And God said, Let the waters under the heaven be gathered together unto one place, and let the dry land appear: and it was so.
    And God called the dry land Earth; and the gathering together of the waters called he Seas: and God saw that it was good.
    And God said, Let the earth bring forth grass, the herb yielding seed, and the fruit tree yielding fruit after his kind, whose seed is in itself, upon the earth: and it was so.
    And the earth brought forth grass, and herb yielding seed after his kind, and the tree yielding fruit, whose seed was in itself, after his kind: and God saw that it was good.
    And the evening and the morning were the third day.
    And God said, Let there be lights in the firmament of the heaven to divide the day from the night; and let them be for signs, and for seasons, and for days, and years:
    And let them be for lights in the firmament of the heaven to give light upon the earth: and it was so.
    And God made two great lights; the greater light to rule the day, and the lesser light to rule the night: he made the stars also.
    And God set them in the firmament of the heaven to give light upon the earth,
    And to rule over the day and over the night, and to divide the light from the darkness: and God saw that it was good.
    And the evening and the morning were the fourth day.
    And God said, Let the waters bring forth abundantly the moving creature that hath life, and fowl that may fly above the earth in the open firmament of heaven.
    And God created great whales, and every living creature that moveth, which the waters brought forth abundantly, after their kind, and every winged fowl after his kind: and God saw that it was good.
    And God blessed them, saying, Be fruitful, and multiply, and fill the waters in the seas, and let fowl multiply in the earth.
    And the evening and the morning were the fifth day.
    And God said, Let the earth bring forth the living creature after his kind, cattle, and creeping thing, and beast of the earth after his kind: and it was so.
    And God made the beast of the earth after his kind, and cattle after their kind, and every thing that creepeth upon the earth after his kind: and God saw that it was good.
    And God said, Let us make man in our image, after our likeness: and let them have dominion over the fish of the sea, and over the fowl of the air, and over the cattle, and over all the earth, and over every creeping thing that creepeth upon the earth.
    So God created man in his own image, in the image of God created he him; male and female created he them.
    And God blessed them, and God said unto them, Be fruitful, and multiply, and replenish the earth, and subdue it: and have dominion over the fish of the sea, and over the fowl of the air, and over every living thing that moveth upon the earth.
    And God said, Behold, I have given you every herb bearing seed, which is upon the face of all the earth, and every tree, in the which is the fruit of a tree yielding seed; to you it shall be for meat.
    And to every beast of the earth, and to every fowl of the air, and to every thing that creepeth upon the earth, wherein there is life, I have given every green herb for meat: and it was so.
    And God saw every thing that he had made, and, behold, it was very good. And the evening and the morning were the sixth day.
 
 
    Chapter 2
    Thus the heavens and the earth were finished, and all the host of them.
    And on the seventh day God ended his work which he had made; and he rested on the seventh day from all his work which he had made.
    And God blessed the seventh day, and sanctified it: because that in it he had rested from all his work which God created and made.
    These are the generations of the heavens and of the earth when they were created, in the day that the LORD God made the earth and the heavens,
    And every plant of the field before it was in the earth, and every herb of the field before it grew: for the LORD God had not caused it to rain upon the earth, and there was not a man to till the ground.
    But there went up a mist from the earth, and watered the whole face of the ground.
    And the LORD God formed man of the dust of the ground, and breathed into his nostrils the breath of life; and man became a living soul.
    And the LORD God planted a garden eastward in Eden; and there he put the man whom he had formed.
    And out of the ground made the LORD God to grow every tree that is pleasant to the sight, and good for food; the tree of life also in the midst of the garden, and the tree of knowledge of good and evil.
    And a river went out of Eden to water the garden; and from thence it was parted, and became into four heads.
    The name of the first is Pison: that is it which compasseth the whole land of Havilah, where there is gold;
    And the gold of that land is good: there is bdellium and the onyx stone.
    And the name of the second river is Gihon: the same is it that compasseth the whole land of Ethiopia.
    And the name of the third river is Hiddekel: that is it which goeth toward the east of Assyria. And the fourth river is Euphrates.
    And the LORD God took the man, and put him into the garden of Eden to dress it and to keep it.
    And the LORD God commanded the man, saying, Of every tree of the garden thou mayest freely eat:
    But of the tree of the knowledge of good and evil, thou shalt not eat of it: for in the day that thou eatest thereof thou shalt surely die.
    And the LORD God said, It is not good that the man should be alone; I will make him an help meet for him.
    And out of the ground the LORD God formed every beast of the field, and every fowl of the air; and brought them unto Adam to see what he would call them: and whatsoever Adam called every living creature, that was the name thereof.
    And Adam gave names to all cattle, and to the fowl of the air, and to every beast of the field; but for Adam there was not found an help meet for him.
    And the LORD God caused a deep sleep to fall upon Adam, and he slept: and he took one of his ribs, and closed up the flesh instead thereof;
    And the rib, which the LORD God had taken from man, made he a woman, and brought her unto the man.
    And Adam said, This is now bone of my bones, and flesh of my flesh: she shall be called Woman, because she was taken out of Man.
    Therefore shall a man leave his father and his mother, and shall cleave unto his wife: and they shall be one flesh.
    And they were both naked, the man and his wife, and were not ashamed.
 
</root>
  FAIL mode-1435: Result mismatch
    Expected: <root>
 The First Book of Moses, Called GENESIS.
 <book><QED>Genesis</QED></book>
 Chapter 1
 Chapter 2
</root>
    Got:      <root>
 The First Book of Moses, Called GENESIS.
 <book>Genesis</book>
 Chapter 1
 Chapter 2
</root>
  FAIL mode-1437a: Result mismatch
    Expected: <o>book<o>bktlong</o></o>
    Got:      <o>book
 <o>bktlongThe First Book of Moses, Called GENESIS.</o>
 <bktshort>Genesis</bktshort>
 <chapter nr="1" length="4097">
    <chtitle>Chapter 1</chtitle>
    <v>In the beginning <deity>God</deity> created the heaven and the earth.</v>
    <v>And the earth was without form, and void; and darkness was upon the face of the deep. And the Spirit of <deity>God</deity> moved upon the face of the waters.</v>
    <v>And <deity>God</deity> said, Let there be light: and there was light.</v>
    <v>And <deity>God</deity> saw the light, that it was good: and <deity>God</deity> divided the light from the darkness.</v>
    <v>And <deity>God</deity> called the light Day, and the darkness he called Night. And the evening and the morning were the first day.</v>
    <v>And <deity>God</deity> said, Let there be a firmament in the midst of the waters, and let it divide the waters from the waters.</v>
    <v>And <deity>God</deity> made the firmament, and divided the waters which were under the firmament from the waters which were above the firmament: and it was so.</v>
    <v>And <deity>God</deity> called the firmament Heaven. And the evening and the morning were the second day.</v>
    <v>And <deity>God</deity> said, Let the waters under the heaven be gathered together unto one place, and let the dry land appear: and it was so.</v>
    <v>And <deity>God</deity> called the dry land Earth; and the gathering together of the waters called he Seas: and <deity>God</deity> saw that it was good.</v>
    <v>And <deity>God</deity> said, Let the earth bring forth grass, the herb yielding seed, and the fruit tree yielding fruit after his kind, whose seed is in itself, upon the earth: and it was so.</v>
    <v>And the earth brought forth grass, and herb yielding seed after his kind, and the tree yielding fruit, whose seed was in itself, after his kind: and <deity>God</deity> saw that it was good.</v>
    <v>And the evening and the morning were the third day.</v>
    <v>And <deity>God</deity> said, Let there be lights in the firmament of the heaven to divide the day from the night; and let them be for signs, and for seasons, and for days, and years:</v>
    <v>And let them be for lights in the firmament of the heaven to give light upon the earth: and it was so.</v>
    <v>And <deity>God</deity> made two great lights; the greater light to rule the day, and the lesser light to rule the night: he made the stars also.</v>
    <v>And <deity>God</deity> set them in the firmament of the heaven to give light upon the earth,</v>
    <v>And to rule over the day and over the night, and to divide the light from the darkness: and <deity>God</deity> saw that it was good.</v>
    <v>And the evening and the morning were the fourth day.</v>
    <v>And <deity>God</deity> said, Let the waters bring forth abundantly the moving creature that hath life, and fowl that may fly above the earth in the open firmament of heaven.</v>
    <v>And <deity>God</deity> created great whales, and every living creature that moveth, which the waters brought forth abundantly, after their kind, and every winged fowl after his kind: and <deity>God</deity> saw that it was good.</v>
    <v>And <deity>God</deity> blessed them, saying, Be fruitful, and multiply, and fill the waters in the seas, and let fowl multiply in the earth.</v>
    <v>And the evening and the morning were the fifth day.</v>
    <v>And <deity>God</deity> said, Let the earth bring forth the living creature after his kind, cattle, and creeping thing, and beast of the earth after his kind: and it was so.</v>
    <v>And <deity>God</deity> made the beast of the earth after his kind, and cattle after their kind, and every thing that creepeth upon the earth after his kind: and <deity>God</deity> saw that it was good.</v>
    <v>And <deity>God</deity> said, Let us make man in our image, after our likeness: and let them have dominion over the fish of the sea, and over the fowl of the air, and over the cattle, and over all the earth, and over every creeping thing that creepeth upon the earth.</v>
    <v>So <deity>God</deity> created man in his own image, in the image of <deity>God</deity> created he him; male and female created he them.</v>
    <v>And <deity>God</deity> blessed them, and <deity>God</deity> said unto them, Be fruitful, and multiply, and replenish the earth, and subdue it: and have dominion over the fish of the sea, and over the fowl of the air, and over every living thing that moveth upon the earth.</v>
    <v>And <deity>God</deity> said, Behold, I have given you every herb bearing seed, which is upon the face of all the earth, and every tree, in the which is the fruit of a tree yielding seed; to you it shall be for meat.</v>
    <v>And to every beast of the earth, and to every fowl of the air, and to every thing that creepeth upon the earth, wherein there is life, I have given every green herb for meat: and it was so.</v>
    <v>And <deity>God</deity> saw every thing that he had made, and, behold, it was very good. And the evening and the morning were the sixth day.</v>
 </chapter>
 <chapter nr="2" length="3105">
    <chtitle>Chapter 2</chtitle>
    <v>Thus the heavens and the earth were finished, and all the host of them.</v>
    <v>And on the seventh day <deity>God</deity> ended his work which he had made; and he rested on the seventh day from all his work which he had made.</v>
    <v>And <deity>God</deity> blessed the seventh day, and sanctified it: because that in it he had rested from all his work which <deity>God</deity> created and made.</v>
    <v>These are the generations of the heavens and of the earth when they were created, in the day that the LORD <deity>God</deity> made the earth and the heavens,</v>
    <v>And every plant of the field before it was in the earth, and every herb of the field before it grew: for the LORD <deity>God</deity> had not caused it to rain upon the earth, and there was not a man to till the ground.</v>
    <v>But there went up a mist from the earth, and watered the whole face of the ground.</v>
    <v>And the LORD <deity>God</deity> formed man of the dust of the ground, and breathed into his nostrils the breath of life; and man became a living soul.</v>
    <v>And the LORD <deity>God</deity> planted a garden eastward in <place>Eden</place>; and there he put the man whom he had formed.</v>
    <v>And out of the ground made the LORD <deity>God</deity> to grow every tree that is pleasant to the sight, and good for food; the tree of life also in the midst of the garden, and the tree of knowledge of good and evil.</v>
    <v>And a river went out of <place>Eden</place> to water the garden; and from thence it was parted, and became into four heads.</v>
    <v>The name of the first is <place>Pison</place>: that is it which compasseth the whole land of <place>Havilah</place>, where there is gold;</v>
    <v>And the gold of that land is good: there is bdellium and the onyx stone.</v>
    <v>And the name of the second river is <place>Gihon</place>: the same is it that compasseth the whole land of <place>Ethiopia</place>.</v>
    <v>And the name of the third river is <place>Hiddekel</place>: that is it which goeth toward the east of <place>Assyria</place>. And the fourth river is <place>Euphrates</place>.</v>
    <v>And the LORD <deity>God</deity> took the man, and put him into the garden of <place>Eden</place> to dress it and to keep it.</v>
    <v>And the LORD <deity>God</deity> commanded the man, saying, Of every tree of the garden thou mayest freely eat:</v>
    <v>But of the tree of the knowledge of good and evil, thou shalt not eat of it: for in the day that thou eatest thereof thou shalt surely die.</v>
    <v>And the LORD <deity>God</deity> said, It is not good that the man should be alone; I will make him an help meet for him.</v>
    <v>And out of the ground the LORD <deity>God</deity> formed every beast of the field, and every fowl of the air; and brought them unto <person>Adam</person> to see what he would call them: and whatsoever <person>Adam</person> called every living creature, that was the name thereof.</v>
    <v>And <person>Adam</person> gave names to all cattle, and to the fowl of the air, and to every beast of the field; but for <person>Adam</person> there was not found an help meet for him.</v>
    <v>And the LORD <deity>God</deity> caused a deep sleep to fall upon <person>Adam</person>, and he slept: and he took one of his ribs, and closed up the flesh instead thereof;</v>
    <v>And the rib, which the LORD <deity>God</deity> had taken from man, made he a woman, and brought her unto the man.</v>
    <v>And <person>Adam</person> said, This is now bone of my bones, and flesh of my flesh: she shall be called Woman, because she was taken out of Man.</v>
    <v>Therefore shall a man leave his father and his mother, and shall cleave unto his wife: and they shall be one flesh.</v>
    <v>And they were both naked, the man and his wife, and were not ashamed.</v>
 </chapter>
</o>
  FAIL mode-1439: Result mismatch
    Expected: error XTTE3100
    Got:      <book>
 <bktlong>The First Book of Moses, Called GENESIS.</bktlong>
 <bktshort>Genesis</bktshort>
 <chapter nr="1" length="4097">
    <chtitle>Chapter 1</chtitle>
    <v>In the beginning <deity>God</deity> created the heaven and the earth.</v>
    <v>And the earth was without form, and void; and darkness was upon the face of the deep. And the Spirit of <deity>God</deity> moved upon the face of the waters.</v>
    <v>And <deity>God</deity> said, Let there be light: and there was light.</v>
    <v>And <deity>God</deity> saw the light, that it was good: and <deity>God</deity> divided the light from the darkness.</v>
    <v>And <deity>God</deity> called the light Day, and the darkness he called Night. And the evening and the morning were the first day.</v>
    <v>And <deity>God</deity> said, Let there be a firmament in the midst of the waters, and let it divide the waters from the waters.</v>
    <v>And <deity>God</deity> made the firmament, and divided the waters which were under the firmament from the waters which were above the firmament: and it was so.</v>
    <v>And <deity>God</deity> called the firmament Heaven. And the evening and the morning were the second day.</v>
    <v>And <deity>God</deity> said, Let the waters under the heaven be gathered together unto one place, and let the dry land appear: and it was so.</v>
    <v>And <deity>God</deity> called the dry land Earth; and the gathering together of the waters called he Seas: and <deity>God</deity> saw that it was good.</v>
    <v>And <deity>God</deity> said, Let the earth bring forth grass, the herb yielding seed, and the fruit tree yielding fruit after his kind, whose seed is in itself, upon the earth: and it was so.</v>
    <v>And the earth brought forth grass, and herb yielding seed after his kind, and the tree yielding fruit, whose seed was in itself, after his kind: and <deity>God</deity> saw that it was good.</v>
    <v>And the evening and the morning were the third day.</v>
    <v>And <deity>God</deity> said, Let there be lights in the firmament of the heaven to divide the day from the night; and let them be for signs, and for seasons, and for days, and years:</v>
    <v>And let them be for lights in the firmament of the heaven to give light upon the earth: and it was so.</v>
    <v>And <deity>God</deity> made two great lights; the greater light to rule the day, and the lesser light to rule the night: he made the stars also.</v>
    <v>And <deity>God</deity> set them in the firmament of the heaven to give light upon the earth,</v>
    <v>And to rule over the day and over the night, and to divide the light from the darkness: and <deity>God</deity> saw that it was good.</v>
    <v>And the evening and the morning were the fourth day.</v>
    <v>And <deity>God</deity> said, Let the waters bring forth abundantly the moving creature that hath life, and fowl that may fly above the earth in the open firmament of heaven.</v>
    <v>And <deity>God</deity> created great whales, and every living creature that moveth, which the waters brought forth abundantly, after their kind, and every winged fowl after his kind: and <deity>God</deity> saw that it was good.</v>
    <v>And <deity>God</deity> blessed them, saying, Be fruitful, and multiply, and fill the waters in the seas, and let fowl multiply in the earth.</v>
    <v>And the evening and the morning were the fifth day.</v>
    <v>And <deity>God</deity> said, Let the earth bring forth the living creature after his kind, cattle, and creeping thing, and beast of the earth after his kind: and it was so.</v>
    <v>And <deity>God</deity> made the beast of the earth after his kind, and cattle after their kind, and every thing that creepeth upon the earth after his kind: and <deity>God</deity> saw that it was good.</v>
    <v>And <deity>God</deity> said, Let us make man in our image, after our likeness: and let them have dominion over the fish of the sea, and over the fowl of the air, and over the cattle, and over all the earth, and over every creeping thing that creepeth upon the earth.</v>
    <v>So <deity>God</deity> created man in his own image, in the image of <deity>God</deity> created he him; male and female created he them.</v>
    <v>And <deity>God</deity> blessed them, and <deity>God</deity> said unto them, Be fruitful, and multiply, and replenish the earth, and subdue it: and have dominion over the fish of the sea, and over the fowl of the air, and over every living thing that moveth upon the earth.</v>
    <v>And <deity>God</deity> said, Behold, I have given you every herb bearing seed, which is upon the face of all the earth, and every tree, in the which is the fruit of a tree yielding seed; to you it shall be for meat.</v>
    <v>And to every beast of the earth, and to every fowl of the air, and to every thing that creepeth upon the earth, wherein there is life, I have given every green herb for meat: and it was so.</v>
    <v>And <deity>God</deity> saw every thing that he had made, and, behold, it was very good. And the evening and the morning were the sixth day.</v>
 </chapter>
 <chapter nr="2" length="3105">
    <chtitle>Chapter 2</chtitle>
    <v>Thus the heavens and the earth were finished, and all the host of them.</v>
    <v>And on the seventh day <deity>God</deity> ended his work which he had made; and he rested on the seventh day from all his work which he had made.</v>
    <v>And <deity>God</deity> blessed the seventh day, and sanctified it: because that in it he had rested from all his work which <deity>God</deity> created and made.</v>
    <v>These are the generations of the heavens and of the earth when they were created, in the day that the LORD <deity>God</deity> made the earth and the heavens,</v>
    <v>And every plant of the field before it was in the earth, and every herb of the field before it grew: for the LORD <deity>God</deity> had not caused it to rain upon the earth, and there was not a man to till the ground.</v>
    <v>But there went up a mist from the earth, and watered the whole face of the ground.</v>
    <v>And the LORD <deity>God</deity> formed man of the dust of the ground, and breathed into his nostrils the breath of life; and man became a living soul.</v>
    <v>And the LORD <deity>God</deity> planted a garden eastward in <place>Eden</place>; and there he put the man whom he had formed.</v>
    <v>And out of the ground made the LORD <deity>God</deity> to grow every tree that is pleasant to the sight, and good for food; the tree of life also in the midst of the garden, and the tree of knowledge of good and evil.</v>
    <v>And a river went out of <place>Eden</place> to water the garden; and from thence it was parted, and became into four heads.</v>
    <v>The name of the first is <place>Pison</place>: that is it which compasseth the whole land of <place>Havilah</place>, where there is gold;</v>
    <v>And the gold of that land is good: there is bdellium and the onyx stone.</v>
    <v>And the name of the second river is <place>Gihon</place>: the same is it that compasseth the whole land of <place>Ethiopia</place>.</v>
    <v>And the name of the third river is <place>Hiddekel</place>: that is it which goeth toward the east of <place>Assyria</place>. And the fourth river is <place>Euphrates</place>.</v>
    <v>And the LORD <deity>God</deity> took the man, and put him into the garden of <place>Eden</place> to dress it and to keep it.</v>
    <v>And the LORD <deity>God</deity> commanded the man, saying, Of every tree of the garden thou mayest freely eat:</v>
    <v>But of the tree of the knowledge of good and evil, thou shalt not eat of it: for in the day that thou eatest thereof thou shalt surely die.</v>
    <v>And the LORD <deity>God</deity> said, It is not good that the man should be alone; I will make him an help meet for him.</v>
    <v>And out of the ground the LORD <deity>God</deity> formed every beast of the field, and every fowl of the air; and brought them unto <person>Adam</person> to see what he would call them: and whatsoever <person>Adam</person> called every living creature, that was the name thereof.</v>
    <v>And <person>Adam</person> gave names to all cattle, and to the fowl of the air, and to every beast of the field; but for <person>Adam</person> there was not found an help meet for him.</v>
    <v>And the LORD <deity>God</deity> caused a deep sleep to fall upon <person>Adam</person>, and he slept: and he took one of his ribs, and closed up the flesh instead thereof;</v>
    <v>And the rib, which the LORD <deity>God</deity> had taken from man, made he a woman, and brought her unto the man.</v>
    <v>And <person>Adam</person> said, This is now bone of my bones, and flesh of my flesh: she shall be called Woman, because she was taken out of Man.</v>
    <v>Therefore shall a man leave his father and his mother, and shall cleave unto his wife: and they shall be one flesh.</v>
    <v>And they were both naked, the man and his wife, and were not ashamed.</v>
 </chapter>
</book>
  FAIL mode-1440: Result mismatch
    Expected: (complex assertion)
    Got:      
  FAIL mode-1441: Result mismatch
    Expected: (complex assertion)
    Got:      
  FAIL mode-1442: Result mismatch
    Expected: (complex assertion)
    Got:      
  FAIL mode-1443: Result mismatch
    Expected: (complex assertion)
    Got:      
  FAIL mode-1444: Result mismatch
    Expected: error XTSE0020
    Got:      
  FAIL mode-1445: Result mismatch
    Expected: <?xml version="1.0" encoding="UTF-8"?><book>
 <bktlong>The First Book of Moses, Called GENESIS.</bktlong>
 <bktshort>Genesis</bktshort>
 <chapter nr="1" length="4097">
    <chtitle>Chapter 1</chtitle>
    <v>In the beginning <deity>God</deity> created the heaven and the earth.</v>
    <v>And the earth was without form, and void; and darkness was upon the face of the deep. And the Spirit of <deity>God</deity> moved upon the face of the waters.</v>
    <v>And <deity>God</deity> said, Let there be light: and there was light.</v>
    <v>And <deity>God</deity> saw the light, that it was good: and <deity>God</deity> divided the light from the darkness.</v>
    <v>And <deity>God</deity> called the light Day, and the darkness he called Night. And the evening and the morning were the first day.</v>
    <v>And <deity>God</deity> said, Let there be a firmament in the midst of the waters, and let it divide the waters from the waters.</v>
    <v>And <deity>God</deity> made the firmament, and divided the waters which were under the firmament from the waters which were above the firmament: and it was so.</v>
    <v>And <deity>God</deity> called the firmament Heaven. And the evening and the morning were the second day.</v>
    <v>And <deity>God</deity> said, Let the waters under the heaven be gathered together unto one place, and let the dry land appear: and it was so.</v>
    <v>And <deity>God</deity> called the dry land Earth; and the gathering together of the waters called he Seas: and <deity>God</deity> saw that it was good.</v>
    <v>And <deity>God</deity> said, Let the earth bring forth grass, the herb yielding seed, and the fruit tree yielding fruit after his kind, whose seed is in itself, upon the earth: and it was so.</v>
    <v>And the earth brought forth grass, and herb yielding seed after his kind, and the tree yielding fruit, whose seed was in itself, after his kind: and <deity>God</deity> saw that it was good.</v>
    <v>And the evening and the morning were the third day.</v>
    <v>And <deity>God</deity> said, Let there be lights in the firmament of the heaven to divide the day from the night; and let them be for signs, and for seasons, and for days, and years:</v>
    <v>And let them be for lights in the firmament of the heaven to give light upon the earth: and it was so.</v>
    <v>And <deity>God</deity> made two great lights; the greater light to rule the day, and the lesser light to rule the night: he made the stars also.</v>
    <v>And <deity>God</deity> set them in the firmament of the heaven to give light upon the earth,</v>
    <v>And to rule over the day and over the night, and to divide the light from the darkness: and <deity>God</deity> saw that it was good.</v>
    <v>And the evening and the morning were the fourth day.</v>
    <v>And <deity>God</deity> said, Let the waters bring forth abundantly the moving creature that hath life, and fowl that may fly above the earth in the open firmament of heaven.</v>
    <v>And <deity>God</deity> created great whales, and every living creature that moveth, which the waters brought forth abundantly, after their kind, and every winged fowl after his kind: and <deity>God</deity> saw that it was good.</v>
    <v>And <deity>God</deity> blessed them, saying, Be fruitful, and multiply, and fill the waters in the seas, and let fowl multiply in the earth.</v>
    <v>And the evening and the morning were the fifth day.</v>
    <v>And <deity>God</deity> said, Let the earth bring forth the living creature after his kind, cattle, and creeping thing, and beast of the earth after his kind: and it was so.</v>
    <v>And <deity>God</deity> made the beast of the earth after his kind, and cattle after their kind, and every thing that creepeth upon the earth after his kind: and <deity>God</deity> saw that it was good.</v>
    <v>And <deity>God</deity> said, Let us make man in our image, after our likeness: and let them have dominion over the fish of the sea, and over the fowl of the air, and over the cattle, and over all the earth, and over every creeping thing that creepeth upon the earth.</v>
    <v>So <deity>God</deity> created man in his own image, in the image of <deity>God</deity> created he him; male and female created he them.</v>
    <v>And <deity>God</deity> blessed them, and <deity>God</deity> said unto them, Be fruitful, and multiply, and replenish the earth, and subdue it: and have dominion over the fish of the sea, and over the fowl of the air, and over every living thing that moveth upon the earth.</v>
    <v>And <deity>God</deity> said, Behold, I have given you every herb bearing seed, which is upon the face of all the earth, and every tree, in the which is the fruit of a tree yielding seed; to you it shall be for meat.</v>
    <v>And to every beast of the earth, and to every fowl of the air, and to every thing that creepeth upon the earth, wherein there is life, I have given every green herb for meat: and it was so.</v>
    <v>And <deity>God</deity> saw every thing that he had made, and, behold, it was very good. And the evening and the morning were the sixth day.</v>
 </chapter>
 <chapter nr="2" length="3105">
    <chtitle>Chapter 2</chtitle>
    <v>Thus the heavens and the earth were finished, and all the host of them.</v>
    <v>And on the seventh day <deity>God</deity> ended his work which he had made; and he rested on the seventh day from all his work which he had made.</v>
    <v>And <deity>God</deity> blessed the seventh day, and sanctified it: because that in it he had rested from all his work which <deity>God</deity> created and made.</v>
    <v>These are the generations of the heavens and of the earth when they were created, in the day that the LORD <deity>God</deity> made the earth and the heavens,</v>
    <v>And every plant of the field before it was in the earth, and every herb of the field before it grew: for the LORD <deity>God</deity> had not caused it to rain upon the earth, and there was not a man to till the ground.</v>
    <v>But there went up a mist from the earth, and watered the whole face of the ground.</v>
    <v>And the LORD <deity>God</deity> formed man of the dust of the ground, and breathed into his nostrils the breath of life; and man became a living soul.</v>
    <v>And the LORD <deity>God</deity> planted a garden eastward in <place>Eden</place>; and there he put the man whom he had formed.</v>
    <v>And out of the ground made the LORD <deity>God</deity> to grow every tree that is pleasant to the sight, and good for food; the tree of life also in the midst of the garden, and the tree of knowledge of good and evil.</v>
    <v>And a river went out of <place>Eden</place> to water the garden; and from thence it was parted, and became into four heads.</v>
    <v>The name of the first is <place>Pison</place>: that is it which compasseth the whole land of <place>Havilah</place>, where there is gold;</v>
    <v>And the gold of that land is good: there is bdellium and the onyx stone.</v>
    <v>And the name of the second river is <place>Gihon</place>: the same is it that compasseth the whole land of <place>Ethiopia</place>.</v>
    <v>And the name of the third river is <place>Hiddekel</place>: that is it which goeth toward the east of <place>Assyria</place>. And the fourth river is <place>Euphrates</place>.</v>
    <v>And the LORD <deity>God</deity> took the man, and put him into the garden of <place>Eden</place> to dress it and to keep it.</v>
    <v>And the LORD <deity>God</deity> commanded the man, saying, Of every tree of the garden thou mayest freely eat:</v>
    <v>But of the tree of the knowledge of good and evil, thou shalt not eat of it: for in the day that thou eatest thereof thou shalt surely die.</v>
    <v>And the LORD <deity>God</deity> said, It is not good that the man should be alone; I will make him an help meet for him.</v>
    <v>And out of the ground the LORD <deity>God</deity> formed every beast of the field, and every fowl of the air; and brought them unto <person>Adam</person> to see what he would call them: and whatsoever <person>Adam</person> called every living creature, that was the name thereof.</v>
    <v>And <person>Adam</person> gave names to all cattle, and to the fowl of the air, and to every beast of the field; but for <person>Adam</person> there was not found an help meet for him.</v>
    <v>And the LORD <deity>God</deity> caused a deep sleep to fall upon <person>Adam</person>, and he slept: and he took one of his ribs, and closed up the flesh instead thereof;</v>
    <v>And the rib, which the LORD <deity>God</deity> had taken from man, made he a woman, and brought her unto the man.</v>
    <v>And <person>Adam</person> said, This is now bone of my bones, and flesh of my flesh: she shall be called Woman, because she was taken out of Man.</v>
    <v>Therefore shall a man leave his father and his mother, and shall cleave unto his wife: and they shall be one flesh.</v>
    <v>And they were both naked, the man and his wife, and were not ashamed.</v>
 </chapter>
</book>
    Got:      
  FAIL mode-1446: Result mismatch
    Expected: <?xml version="1.0" encoding="UTF-8"?><book>
 <bktlong>The First Book of Moses, Called GENESIS.</bktlong>
 <bktshort>Genesis</bktshort>
 <chapter nr="1" length="4097">
    <chtitle>Chapter 1</chtitle>
    <v>In the beginning <deity>God</deity> created the heaven and the earth.</v>
    <v>And the earth was without form, and void; and darkness was upon the face of the deep. And the Spirit of <deity>God</deity> moved upon the face of the waters.</v>
    <v>And <deity>God</deity> said, Let there be light: and there was light.</v>
    <v>And <deity>God</deity> saw the light, that it was good: and <deity>God</deity> divided the light from the darkness.</v>
    <v>And <deity>God</deity> called the light Day, and the darkness he called Night. And the evening and the morning were the first day.</v>
    <v>And <deity>God</deity> said, Let there be a firmament in the midst of the waters, and let it divide the waters from the waters.</v>
    <v>And <deity>God</deity> made the firmament, and divided the waters which were under the firmament from the waters which were above the firmament: and it was so.</v>
    <v>And <deity>God</deity> called the firmament Heaven. And the evening and the morning were the second day.</v>
    <v>And <deity>God</deity> said, Let the waters under the heaven be gathered together unto one place, and let the dry land appear: and it was so.</v>
    <v>And <deity>God</deity> called the dry land Earth; and the gathering together of the waters called he Seas: and <deity>God</deity> saw that it was good.</v>
    <v>And <deity>God</deity> said, Let the earth bring forth grass, the herb yielding seed, and the fruit tree yielding fruit after his kind, whose seed is in itself, upon the earth: and it was so.</v>
    <v>And the earth brought forth grass, and herb yielding seed after his kind, and the tree yielding fruit, whose seed was in itself, after his kind: and <deity>God</deity> saw that it was good.</v>
    <v>And the evening and the morning were the third day.</v>
    <v>And <deity>God</deity> said, Let there be lights in the firmament of the heaven to divide the day from the night; and let them be for signs, and for seasons, and for days, and years:</v>
    <v>And let them be for lights in the firmament of the heaven to give light upon the earth: and it was so.</v>
    <v>And <deity>God</deity> made two great lights; the greater light to rule the day, and the lesser light to rule the night: he made the stars also.</v>
    <v>And <deity>God</deity> set them in the firmament of the heaven to give light upon the earth,</v>
    <v>And to rule over the day and over the night, and to divide the light from the darkness: and <deity>God</deity> saw that it was good.</v>
    <v>And the evening and the morning were the fourth day.</v>
    <v>And <deity>God</deity> said, Let the waters bring forth abundantly the moving creature that hath life, and fowl that may fly above the earth in the open firmament of heaven.</v>
    <v>And <deity>God</deity> created great whales, and every living creature that moveth, which the waters brought forth abundantly, after their kind, and every winged fowl after his kind: and <deity>God</deity> saw that it was good.</v>
    <v>And <deity>God</deity> blessed them, saying, Be fruitful, and multiply, and fill the waters in the seas, and let fowl multiply in the earth.</v>
    <v>And the evening and the morning were the fifth day.</v>
    <v>And <deity>God</deity> said, Let the earth bring forth the living creature after his kind, cattle, and creeping thing, and beast of the earth after his kind: and it was so.</v>
    <v>And <deity>God</deity> made the beast of the earth after his kind, and cattle after their kind, and every thing that creepeth upon the earth after his kind: and <deity>God</deity> saw that it was good.</v>
    <v>And <deity>God</deity> said, Let us make man in our image, after our likeness: and let them have dominion over the fish of the sea, and over the fowl of the air, and over the cattle, and over all the earth, and over every creeping thing that creepeth upon the earth.</v>
    <v>So <deity>God</deity> created man in his own image, in the image of <deity>God</deity> created he him; male and female created he them.</v>
    <v>And <deity>God</deity> blessed them, and <deity>God</deity> said unto them, Be fruitful, and multiply, and replenish the earth, and subdue it: and have dominion over the fish of the sea, and over the fowl of the air, and over every living thing that moveth upon the earth.</v>
    <v>And <deity>God</deity> said, Behold, I have given you every herb bearing seed, which is upon the face of all the earth, and every tree, in the which is the fruit of a tree yielding seed; to you it shall be for meat.</v>
    <v>And to every beast of the earth, and to every fowl of the air, and to every thing that creepeth upon the earth, wherein there is life, I have given every green herb for meat: and it was so.</v>
    <v>And <deity>God</deity> saw every thing that he had made, and, behold, it was very good. And the evening and the morning were the sixth day.</v>
 </chapter>
 <chapter nr="2" length="3105">
    <chtitle>Chapter 2</chtitle>
    <v>Thus the heavens and the earth were finished, and all the host of them.</v>
    <v>And on the seventh day <deity>God</deity> ended his work which he had made; and he rested on the seventh day from all his work which he had made.</v>
    <v>And <deity>God</deity> blessed the seventh day, and sanctified it: because that in it he had rested from all his work which <deity>God</deity> created and made.</v>
    <v>These are the generations of the heavens and of the earth when they were created, in the day that the LORD <deity>God</deity> made the earth and the heavens,</v>
    <v>And every plant of the field before it was in the earth, and every herb of the field before it grew: for the LORD <deity>God</deity> had not caused it to rain upon the earth, and there was not a man to till the ground.</v>
    <v>But there went up a mist from the earth, and watered the whole face of the ground.</v>
    <v>And the LORD <deity>God</deity> formed man of the dust of the ground, and breathed into his nostrils the breath of life; and man became a living soul.</v>
    <v>And the LORD <deity>God</deity> planted a garden eastward in <place>Eden</place>; and there he put the man whom he had formed.</v>
    <v>And out of the ground made the LORD <deity>God</deity> to grow every tree that is pleasant to the sight, and good for food; the tree of life also in the midst of the garden, and the tree of knowledge of good and evil.</v>
    <v>And a river went out of <place>Eden</place> to water the garden; and from thence it was parted, and became into four heads.</v>
    <v>The name of the first is <place>Pison</place>: that is it which compasseth the whole land of <place>Havilah</place>, where there is gold;</v>
    <v>And the gold of that land is good: there is bdellium and the onyx stone.</v>
    <v>And the name of the second river is <place>Gihon</place>: the same is it that compasseth the whole land of <place>Ethiopia</place>.</v>
    <v>And the name of the third river is <place>Hiddekel</place>: that is it which goeth toward the east of <place>Assyria</place>. And the fourth river is <place>Euphrates</place>.</v>
    <v>And the LORD <deity>God</deity> took the man, and put him into the garden of <place>Eden</place> to dress it and to keep it.</v>
    <v>And the LORD <deity>God</deity> commanded the man, saying, Of every tree of the garden thou mayest freely eat:</v>
    <v>But of the tree of the knowledge of good and evil, thou shalt not eat of it: for in the day that thou eatest thereof thou shalt surely die.</v>
    <v>And the LORD <deity>God</deity> said, It is not good that the man should be alone; I will make him an help meet for him.</v>
    <v>And out of the ground the LORD <deity>God</deity> formed every beast of the field, and every fowl of the air; and brought them unto <person>Adam</person> to see what he would call them: and whatsoever <person>Adam</person> called every living creature, that was the name thereof.</v>
    <v>And <person>Adam</person> gave names to all cattle, and to the fowl of the air, and to every beast of the field; but for <person>Adam</person> there was not found an help meet for him.</v>
    <v>And the LORD <deity>God</deity> caused a deep sleep to fall upon <person>Adam</person>, and he slept: and he took one of his ribs, and closed up the flesh instead thereof;</v>
    <v>And the rib, which the LORD <deity>God</deity> had taken from man, made he a woman, and brought her unto the man.</v>
    <v>And <person>Adam</person> said, This is now bone of my bones, and flesh of my flesh: she shall be called Woman, because she was taken out of Man.</v>
    <v>Therefore shall a man leave his father and his mother, and shall cleave unto his wife: and they shall be one flesh.</v>
    <v>And they were both naked, the man and his wife, and were not ashamed.</v>
 </chapter>
</book>
    Got:      
  FAIL mode-1447: Result mismatch
    Expected: error XTSE0020
    Got:      
  FAIL mode-1501: Result mismatch
    Expected: <doc><para><?pi PI ?>text <bar><baz/></bar></para></doc>
    Got:      <doc><para><?pi PI ?>text <foo><baz /></foo></para></doc>
  FAIL mode-1502: Result mismatch
    Expected: error XTSE0545
    Got:      
  PASS mode-1503
  PASS mode-1504
  PASS mode-1505
  FAIL mode-1510: Result mismatch
    Expected: error XTSE0545
    Got:      <out />
  FAIL mode-1511: XPST0017: Function {http://www.w3.org/2005/xpath-functions}accumulator-after#1 not found.
  FAIL mode-1512: XPST0017: Function {http://www.w3.org/2005/xpath-functions}accumulator-after#1 not found.
  FAIL mode-1513: XPST0017: Function {http://www.w3.org/2005/xpath-functions}accumulator-after#1 not found.
  FAIL mode-1514: XPST0017: Function {http://www.w3.org/2005/xpath-functions}accumulator-after#1 not found.
  FAIL mode-1516: Result mismatch
    Expected: (complex assertion)
    Got:      <out><doc><unambiguous-match /></doc></out>
  FAIL mode-1517: Result mismatch
    Expected: (complex assertion)
    Got:      <out><doc><unambiguous-match /></doc></out>
  FAIL mode-1601: Result mismatch
    Expected: <out>mode-a:a-text</out>
    Got:      <out>no-mode:a-text</out>
  PASS mode-1602
  FAIL mode-1603: Result mismatch
    Expected: <out>mode-a:a-text</out>
    Got:      <out>no-mode:a-text</out>
  FAIL mode-1604: Result mismatch
    Expected: <out>mode-a:a-text</out>
    Got:      <out>no-mode:a-text</out>
  PASS mode-1605
  FAIL mode-1606: Result mismatch
    Expected: <out>mode-a:a-text</out>
    Got:      <out>no-mode:a-text</out>
  FAIL mode-1607: Result mismatch
    Expected: <out>mode-a:a-text</out>
    Got:      <out>no-mode:a-text</out>
  PASS mode-1608
  FAIL mode-1609: Result mismatch
    Expected: <out>mode-a:a-text</out>
    Got:      <out>no-mode:a-text</out>
  FAIL mode-1610: Result mismatch
    Expected: <out>mode-a:a-text</out>
    Got:      <out>no-mode:a-text</out>
  PASS mode-1611
  FAIL mode-1612: Result mismatch
    Expected: <out>mode-a:a-text</out>
    Got:      <out>no-mode:a-text</out>
  PASS mode-1613
  FAIL mode-1614: Result mismatch
    Expected: <out>mode-b:a-text</out>
    Got:      <out>a-text</out>
  PASS mode-1615
  FAIL mode-1616: Result mismatch
    Expected: <out>mode-a:a-text</out>
    Got:      <out>a-text</out>
  PASS mode-1617
  FAIL mode-1618: Result mismatch
    Expected: <out>element-mode-a:a attribute</out>
    Got:      <out>element-mode-b:a attribute</out>
  FAIL mode-1619: Result mismatch
    Expected: <out>element-mode-a:attribute-mode-b</out>
    Got:      <out>element-mode-b:a attribute</out>
  FAIL mode-1801: Result mismatch
    Expected: (complex assertion)
    Got:      
  FAIL mode-1802: Result mismatch
    Expected: (complex assertion)
    Got:      
  FAIL mode-1803: Expected xsl:stylesheet or xsl:transform, got {http://www.w3.org/1999/XSL/Transform}package.
  FAIL mode-1901: Result mismatch
    Expected: error XTDE0555
    Got:      <out><c><!--abracadabra--></c><d /><s /></out>
  FAIL mode-1902: Result mismatch
    Expected: error XTDE0045
    Got:      
  FAIL mode-1904: Result mismatch
    Expected: error XTSE0545
    Got:      <out />
  PASS mode-1905
  Done: mode (169 tests, 44 passed, 81 failed, 44 skipped)
  Starting: package-version ...
  FAIL package-version-001: Expected xsl:stylesheet or xsl:transform, got {http://www.w3.org/1999/XSL/Transform}package.
  FAIL package-version-002: Expected xsl:stylesheet or xsl:transform, got {http://www.w3.org/1999/XSL/Transform}package.
  FAIL package-version-003: Expected xsl:stylesheet or xsl:transform, got {http://www.w3.org/1999/XSL/Transform}package.
  FAIL package-version-004: Expected xsl:stylesheet or xsl:transform, got {http://www.w3.org/1999/XSL/Transform}package.
  FAIL package-version-005: Expected xsl:stylesheet or xsl:transform, got {http://www.w3.org/1999/XSL/Transform}package.
  FAIL package-version-006: Expected xsl:stylesheet or xsl:transform, got {http://www.w3.org/1999/XSL/Transform}package.
  FAIL package-version-007: Expected xsl:stylesheet or xsl:transform, got {http://www.w3.org/1999/XSL/Transform}package.
  FAIL package-version-008: Expected xsl:stylesheet or xsl:transform, got {http://www.w3.org/1999/XSL/Transform}package.
  FAIL package-version-009: Expected xsl:stylesheet or xsl:transform, got {http://www.w3.org/1999/XSL/Transform}package.
  FAIL package-version-010: Expected xsl:stylesheet or xsl:transform, got {http://www.w3.org/1999/XSL/Transform}package.
  FAIL package-version-011: Expected xsl:stylesheet or xsl:transform, got {http://www.w3.org/1999/XSL/Transform}package.
  FAIL package-version-014: Expected xsl:stylesheet or xsl:transform, got {http://www.w3.org/1999/XSL/Transform}package.
  FAIL package-version-015: Expected xsl:stylesheet or xsl:transform, got {http://www.w3.org/1999/XSL/Transform}package.
  FAIL package-version-016: Expected xsl:stylesheet or xsl:transform, got {http://www.w3.org/1999/XSL/Transform}package.
  FAIL package-version-017: Expected xsl:stylesheet or xsl:transform, got {http://www.w3.org/1999/XSL/Transform}package.
  FAIL package-version-018: Expected xsl:stylesheet or xsl:transform, got {http://www.w3.org/1999/XSL/Transform}package.
  FAIL package-version-019: Expected xsl:stylesheet or xsl:transform, got {http://www.w3.org/1999/XSL/Transform}package.
  PASS package-version-101
  PASS package-version-102
  PASS package-version-103
  PASS package-version-104
  FAIL package-version-900: Result mismatch
    Expected: error XTSE0090
    Got:      Should not appear
  FAIL package-version-901: Result mismatch
    Expected: error XTSE0090
    Got:      Should not appear
  Done: package-version (37 tests, 16 passed, 19 failed, 2 skipped)
  Starting: select ...
  PASS select-0101
  PASS select-0102
  PASS select-0201
  PASS select-0202
  PASS select-0301
  FAIL select-0302: Result mismatch
    Expected: (complex assertion)
    Got:      <out><yes /><no /></out>
  PASS select-0401
  PASS select-0501
  PASS select-0601
  FAIL select-0801: Result mismatch
    Expected: <out>Got a foo node;Got some other node;
Got some other node;
Got a wiz node;Got a foo node;</out>
    Got:      Got some other node;
  FAIL select-0802: Result mismatch
    Expected: <out>Got a foo node;Got some other node;
Got some other node;
Got a wiz node;Got a foo node;</out>
    Got:      Got some other node;
  PASS select-0901
  PASS select-0902
  PASS select-1001
  PASS select-1101
  PASS select-1201
  PASS select-1202
  PASS select-1301
  PASS select-1302
  PASS select-1401
  PASS select-1402
  PASS select-1501
  PASS select-1502
  PASS select-1503
  PASS select-1504
  PASS select-1601
  PASS select-1602
  PASS select-1701
  PASS select-1702
  PASS select-1703
  PASS select-1704
  PASS select-1705
  PASS select-1801
  PASS select-1802
  PASS select-1803
  PASS select-1804
  PASS select-1901
  PASS select-2001
  PASS select-2002
  PASS select-2003
  PASS select-2004
  PASS select-2005
  PASS select-2006
  PASS select-2007
  FAIL select-2008: Result mismatch
    Expected: <out><t1>2005-10300000</t1><t2>num1300000</t2></out>
    Got:      <out><t1>2005-103</t1><t2>num13</t2></out>
  PASS select-2009
  PASS select-2010
  PASS select-2011
  PASS select-2012
  PASS select-2013
  PASS select-2014
  PASS select-2015
  PASS select-2016
  PASS select-2017
  PASS select-2018
  PASS select-2019
  PASS select-2020
  PASS select-2021
  PASS select-2022
  PASS select-2023
  PASS select-2024
  PASS select-2025
  PASS select-2026
  FAIL select-2027: Result mismatch
    Expected: <out><t1>at1|at2|at3|true|2.343|2005-10|300000|</t1><t2>true|2.343|300000|</t2></out>
    Got:      <out><t1>at1|at2|at3|true|2.343|2005-10|3|</t1><t2>true|2.343|3|</t2></out>
  FAIL select-2028: Result mismatch
    Expected: <out><t1>300000|2005-10|2.343|true|at3|at2|at1|</t1><t2>300000|2.343|true|</t2></out>
    Got:      <out><t1>3|2005-10|2.343|true|at3|at2|at1|</t1><t2>3|2.343|true|</t2></out>
  PASS select-2029
  PASS select-2030
  PASS select-2031
  PASS select-2032
  PASS select-2033
  PASS select-2034
  PASS select-2035
  PASS select-2036
  PASS select-2037
  PASS select-2038
  PASS select-2039
  PASS select-2101
  PASS select-2102
  PASS select-2103
  PASS select-2104
  FAIL select-2201: Result mismatch
    Expected: <out>pi|</out>
    Got:      <out>pi|anotherpi|</out>
  FAIL select-2202: Result mismatch
    Expected: <out><t1>PI_data</t1></out>
    Got:      <out><t1>another_PI_data</t1></out>
  FAIL select-2203: Result mismatch
    Expected: <out><t1>pi|</t1></out>
    Got:      <out><t1>pi|anotherpi|</t1></out>
  FAIL select-2301: Result mismatch
    Expected: <out>
<a>t1a 1 3 t2t3 4 5</a>
<b>t1a|1|3|t2t3|4|5</b>
</out>
    Got:      <out>
<a>t1a 1 3 t2 t3 4 5</a>
<b>t1a|1|3|t2|t3|4|5</b>
</out>
  PASS select-2302
  FAIL select-2303: Result mismatch
    Expected: <out>a||b||c|d|e</out>
    Got:      <out>a||b||c||d|e</out>
  PASS select-2304
  FAIL select-2305: Result mismatch
    Expected: <out>
<a>abcd</a>
<b>1234</b>
</out>
    Got:      <out>
<a>a b c d</a>
<b>1 2 3 4</b>
</out>
  FAIL select-2401: Result mismatch
    Expected: <out>
<a>Absolute disaster in the world</a>
<b>Absolute disaster in the world</b>
<b>Absolutedisasterintheworld</b>
</out>
    Got:      <out>
<a>Absolute disaster in the world</a>
<b>Absolute disaster in the world</b>
<b></b>
</out>
  PASS select-2402
  PASS select-2501
  PASS select-2502
  PASS select-2503
  PASS select-2504
  PASS select-2505
  PASS select-2506
  PASS select-2601
  PASS select-2602
  PASS select-2603
  PASS select-2701
  PASS select-2801
  PASS select-2802
  PASS select-2901
  PASS select-3001
  PASS select-3101
  PASS select-3201
  PASS select-3301
  PASS select-3401
  FAIL select-3501: Parse error at position 1: XPST0003: Unexpected token Dot
  FAIL select-3502: Parse error at position 1: XPST0003: Unexpected token Dot
  PASS select-3601
  PASS select-3602
  PASS select-3603
  PASS select-3701
  PASS select-3801
  PASS select-3901
  PASS select-3902
  PASS select-4001
  PASS select-4101
  PASS select-4102
  PASS select-4201
  PASS select-4301
  PASS select-4302
  PASS select-4401
  PASS select-4501
  PASS select-4601
  PASS select-4701
  PASS select-4801
  PASS select-4901
  PASS select-5001
  PASS select-5101
  PASS select-5201
  PASS select-5301
  PASS select-5401
  PASS select-5501
  PASS select-5601
  PASS select-5701
  PASS select-5801
  PASS select-5901
  PASS select-6001
  PASS select-6201
  PASS select-6301
  PASS select-6401
  PASS select-6501
  PASS select-6601
  PASS select-6701
  PASS select-6801
  PASS select-6901
  PASS select-7001
  PASS select-7101
  PASS select-7201
  PASS select-7301
  PASS select-7401
  FAIL select-7501: Result mismatch
    Expected: error XTSE0010
    Got:      <out><t1 /></out>
  PASS select-7502b
  Done: select (158 tests, 139 passed, 16 failed, 3 skipped)
  Starting: shadow ...
  FAIL shadow-001: Result mismatch
    Expected: (complex assertion)
    Got:      <out></out>
  FAIL shadow-002: Result mismatch
    Expected: (complex assertion)
    Got:      <out></out>
  FAIL shadow-003: Result mismatch
    Expected: (complex assertion)
    Got:      <out>1</out>
  FAIL shadow-004: Named template 'main' not found.
  FAIL shadow-005: Result mismatch
    Expected: (complex assertion)
    Got:      <out>4</out>
  FAIL shadow-006: Result mismatch
    Expected: (complex assertion)
    Got:      <out></out>
  PASS shadow-007
  FAIL shadow-008: Result mismatch
    Expected: error XTSE0805
    Got:      <out>false</out>
  Done: shadow (8 tests, 1 passed, 7 failed, 0 skipped)
  Starting: static ...
  PASS static-001
  PASS static-001a
  PASS static-002
  PASS static-002a
  PASS static-002b
  PASS static-002c
  PASS static-003a
  PASS static-004
  FAIL static-004a: Result mismatch
    Expected: error XTDE0050
    Got:      -
  FAIL static-005: Result mismatch
    Expected: error XTSE0010
    Got:      this will fail with XTSE0010-this will fail with XTSE0010
  FAIL static-005a: Result mismatch
    Expected: error XTSE0010
    Got:      this will not work-this will not work
  FAIL static-006: Result mismatch
    Expected: error XTSE0010
    Got:      this will not work-this will not work
  FAIL static-006a: Result mismatch
    Expected: error XTSE0010
    Got:      this will not work-this will not work
  FAIL static-007: Result mismatch
    Expected: error XTSE0010
    Got:      This will raise XTSE0010
  FAIL static-007a: Result mismatch
    Expected: error XTSE0010
    Got:      This will raise XTSE0010
  FAIL static-008: Result mismatch
    Expected: false--true
    Got:      true--false
  PASS static-008a
  FAIL static-009: Cannot convert Undefined to integer
  PASS static-009a
  FAIL static-010: Cannot convert Undefined to integer
  PASS static-010a
  FAIL static-011: Cannot convert Undefined to integer
  FAIL static-011a: Cannot convert Undefined to integer
  PASS static-012a
  PASS static-013a
  PASS static-013b
  FAIL static-013c: Result mismatch
    Expected: error XTTE0590
    Got:      110889
  FAIL static-014: Result mismatch
    Expected: error XTSE0020
    Got:      We never get here!!!
  PASS static-015
  FAIL static-016: Result mismatch
    Expected: error XTSE0090
    Got:      Private visibility
  FAIL static-017: Result mismatch
    Expected: error XTSE0090
    Got:      
  FAIL static-018: Result mismatch
    Expected: error XTSE0020
    Got:      
  FAIL static-019: Result mismatch
    Expected: error XPST0008
    Got:      
  FAIL static-021: Circular stylesheet reference detected: file:///d:/Development/Bosak/tests/xslt30-test/tests/attr/static/static-020a.xsl
  FAIL static-022: Result mismatch
    Expected: <result v1="3" v4="3"/>
    Got:      <result v1="" v4="" />
  FAIL static-023: Result mismatch
    Expected: error XTSE3450
    Got:      <result v1="" v4="" />
  FAIL static-024: Result mismatch
    Expected: <result v1="1" v4="1"/>
    Got:      <result v1="" v4="" />
  FAIL static-025: Result mismatch
    Expected: (complex assertion)
    Got:      <out />
  FAIL static-026: Result mismatch
    Expected: (complex assertion)
    Got:      <out />
  FAIL static-027: Result mismatch
    Expected: (complex assertion)
    Got:      <result p="0" q="10" />
  PASS static-028
  PASS static-029
  FAIL static-030: Result mismatch
    Expected: (complex assertion)
    Got:      <result count="5" names="xml" values="http://www.w3.org/XML/1998/namespace" />
  PASS static-031
  Done: static (49 tests, 23 passed, 26 failed, 0 skipped)
  SKIP streamable: Requires unsupported feature 'streaming' (139 tests)
  Starting: strip-type-annotations ...
  FAIL strip-type-annotations-023: Result mismatch
    Expected: (complex assertion)
    Got:      <out><E1>falsefalsetrue</E1><E2>falsefalsetrue</E2><E3>falsefalsetrue</E3><E4>falsefalsetrue</E4><E5>falsefalsetrue</E5><E6>falsefalsetrue</E6><E7>truefalsetrue</E7><E8>truefalsetrue</E8><E9>truefalsetrue</E9><E10>falsefalsetrue</E10><E11>falsefalsetrue</E11><E12>falsefalsetrue</E12><E13>falsefalsetrue</E13><E14>truefalsetrue</E14><E15>truefalsetrue</E15><E16>falsefalsetrue</E16><E17>falsefalsetrue</E17></out>
  FAIL strip-type-annotations-024: Result mismatch
    Expected: (complex assertion)
    Got:      <out><E1>falsefalsetrue</E1><E2>falsefalsetrue</E2><E3>falsefalsetrue</E3><E4>falsefalsetrue</E4><E5>falsefalsetrue</E5><E6>falsefalsetrue</E6><E7>truefalsetrue</E7><E8>truefalsetrue</E8><E9>truefalsetrue</E9><E10>falsefalsetrue</E10><E11>falsefalsetrue</E11><E12>falsefalsetrue</E12><E13>falsefalsetrue</E13><E14>truefalsetrue</E14><E15>truefalsetrue</E15><E16>falsefalsetrue</E16><E17>falsefalsetrue</E17></out>
  FAIL strip-type-annotations-025: Result mismatch
    Expected: (complex assertion)
    Got:      <out><E1>falsefalsetrue</E1><E2>falsefalsetrue</E2><E3>falsefalsetrue</E3><E4>falsefalsetrue</E4><E5>falsefalsetrue</E5><E6>falsefalsetrue</E6><E7>truefalsetrue</E7><E8>truefalsetrue</E8><E9>truefalsetrue</E9><E10>falsefalsetrue</E10><E11>falsefalsetrue</E11><E12>falsefalsetrue</E12><E13>falsefalsetrue</E13><E14>truefalsetrue</E14><E15>truefalsetrue</E15><E16>falsefalsetrue</E16><E17>falsefalsetrue</E17></out>
  Done: strip-type-annotations (27 tests, 0 passed, 3 failed, 24 skipped)
  Starting: tunnel ...
  PASS tunnel-0101
  PASS tunnel-0102
  FAIL tunnel-0103: Result mismatch
    Expected: <out>xyz and zyx</out>
    Got:      <out>foo and bar</out>
  PASS tunnel-0104
  PASS tunnel-0105
  PASS tunnel-0106
  PASS tunnel-0107
  PASS tunnel-0108
  FAIL tunnel-0109: Result mismatch
    Expected: error XTSE0680
    Got:      <out>foo and bar</out>
  FAIL tunnel-0110: Result mismatch
    Expected: error XTSE0680
    Got:      <out>foo1, foo2, foo3, xyz4</out>
  FAIL tunnel-0111: Variable $par1 is not defined.
  PASS tunnel-0112
  FAIL tunnel-0113: Result mismatch
    Expected: <out>123</out>
    Got:      <out>abc</out>
  PASS tunnel-0114
  FAIL tunnel-0115: Result mismatch
    Expected: error XTSE0020
    Got:      <out>foo</out>
  FAIL tunnel-0116: Result mismatch
    Expected: error XTSE0020
    Got:      <out>xyz</out>
  FAIL tunnel-0117: Result mismatch
    Expected: <out>xyz and zyx</out>
    Got:      <out>foo and bar</out>
  FAIL tunnel-0118: Result mismatch
    Expected: <out>xyz and zyx</out>
    Got:      <out>foo and bar</out>
  FAIL tunnel-0119: Result mismatch
    Expected: <out>xyz and zyx</out>
    Got:      <out>foo and bar</out>
  FAIL tunnel-0120: Result mismatch
    Expected: <out>xyz and zyx</out>
    Got:      <out>foo and bar</out>
  PASS tunnel-0201
  PASS tunnel-0202
  FAIL tunnel-0203: Result mismatch
    Expected: <out>foo1 and foo2</out>
    Got:      <out>bar1 and bar2</out>
  FAIL tunnel-0204: Result mismatch
    Expected: <out>foo</out>
    Got:      <out>bar</out>
  FAIL tunnel-0205: Variable $par1 is not defined.
  FAIL tunnel-0206: Result mismatch
    Expected: <out>xyz</out>
    Got:      <out></out>
  FAIL tunnel-0207: Result mismatch
    Expected: <out>123</out>
    Got:      <out></out>
  FAIL tunnel-0208: Result mismatch
    Expected: <out>abc</out>
    Got:      <out />
  FAIL tunnel-0209: Result mismatch
    Expected: <out>def</out>
    Got:      
  PASS tunnel-0210
  PASS tunnel-0211
  PASS tunnel-0212
  FAIL tunnel-0213: Result mismatch
    Expected: <out>foo1 and sos</out>
    Got:      <out>foo1 and foo2</out>
  FAIL tunnel-0214: Result mismatch
    Expected: <out>xyz1, foo2, foo3, xyz4</out>
    Got:      <out>xyz1, foo2, xyz3, xyz4</out>
  PASS tunnel-0215
  FAIL tunnel-0216: Result mismatch
    Expected: <out>def and bar</out>
    Got:      <out />
  FAIL tunnel-0217: Result mismatch
    Expected: <out>sos</out>
    Got:      <out />
  FAIL tunnel-0218: Result mismatch
    Expected: <out><out>def and zyx and maq</out></out>
    Got:      <out />
  FAIL tunnel-0219: Result mismatch
    Expected: <out>abc and 678 and 555 and gta</out>
    Got:      <out />
  FAIL tunnel-0220: Result mismatch
    Expected: <out>def</out>
    Got:      <out />
  FAIL tunnel-0221: Circular stylesheet reference detected: file:///d:/Development/Bosak/tests/xslt30-test/tests/attr/tunnel/import2.xsl
  FAIL tunnel-0222: Result mismatch
    Expected: <out>Toronto and 456 and 789</out>
    Got:      
  FAIL tunnel-0223: Circular stylesheet reference detected: file:///d:/Development/Bosak/tests/xslt30-test/tests/attr/tunnel/import2.xsl
  FAIL tunnel-0224: Result mismatch
    Expected: <out>Toronto and 456 and 789</out>
    Got:      <out>Toronto and Montreal and halifax</out>
  FAIL tunnel-0225: Result mismatch
    Expected: <out><out>abc and 999 and mod</out></out>
    Got:      <out><out>abc and 999 and 765</out></out>
  FAIL tunnel-0226: Variable $par1 is not defined.
  PASS tunnel-0227
  PASS tunnel-0301
  PASS tunnel-0302
  PASS tunnel-0303
  PASS tunnel-0304
  PASS tunnel-0401
  PASS tunnel-0402
  PASS tunnel-0403
  PASS tunnel-0404
  PASS tunnel-0405
  PASS tunnel-0406
  FAIL tunnel-0501: Result mismatch
    Expected: <out>
		Value of $docPar is: doc

		Value of $dataPar is:data

		Value of $matchPar is:match

		Value of $inPar is:in</out>
    Got:      <out />
  Done: tunnel (58 tests, 26 passed, 32 failed, 0 skipped)
  Starting: use-when ...
  PASS use-when-0101
  PASS use-when-0102
  PASS use-when-0103
  PASS use-when-0104
  FAIL use-when-0105: Result mismatch
    Expected: <doc>
 <section>
   <pa/>
   <pa/>
 </section>
</doc>
    Got:      <doc>
 <section>
   <pa><p><para>p1</para></p></pa>
   <pa><p><para>p2</para></p></pa>
 </section>
</doc>
  PASS use-when-0106
  PASS use-when-0107
  FAIL use-when-0108: Result mismatch
    Expected: <result><doc>
 <section>
   <para>p1</para>
   <para>p2</para>
 </section>
</doc><count nr="0"/></result>
    Got:      <result><doc>
 <section>
   <saxon:assign xmlns:saxon="http://not.saxon.sf.net/" name="count-para" select="$count-para + 1" /><para>p1</para>
   <saxon:assign xmlns:saxon="http://not.saxon.sf.net/" name="count-para" select="$count-para + 1" /><para>p2</para>
 </section>
</doc><count nr="0" /></result>
  PASS use-when-0109
  PASS use-when-0110
  FAIL use-when-0111: XPST0017: Function {http://not-saxon.sf.net/}line-number#0 not found.
  FAIL use-when-0112: XPST0017: Function {http://not.saxon.sf.net/}line-number#0 not found.
  PASS use-when-0113
  PASS use-when-0114
  PASS use-when-0115
  FAIL use-when-0116: Result mismatch
    Expected: <doc>
 <section>
   <para>p1</para>
   <para>p2</para>
 </section>
</doc>
    Got:      <doc>
 <section>
   <p><para>p1</para></p>
   <p><para>p2</para></p>
 </section>
</doc>
  PASS use-when-0117
  PASS use-when-0118
  FAIL use-when-0119: Result mismatch
    Expected: <doc>
 <section>
   <p><para>p1</para></p>
   <p><para>p2</para></p>
 </section>
</doc>
    Got:      <doc>
 <section>
   <para>p1</para>
   <para>p2</para>
 </section>
</doc>
  PASS use-when-0120
  PASS use-when-0121
  PASS use-when-0122
  FAIL use-when-0123: Result mismatch
    Expected: error XPDY0002
    Got:      <doc>
 <section>
   <p>p1</p>
   <p>p2</p>
 </section>
</doc>
  FAIL use-when-0124: Result mismatch
    Expected: error XPST0008
    Got:      <doc>
 <section>
   <p>p1</p>
   <p>p2</p>
 </section>
</doc>
  FAIL use-when-0125: Result mismatch
    Expected: error XPST0051
    Got:      <doc>
 <section>
   <p><para>p1</para></p>
   <p><para>p2</para></p>
 </section>
</doc>
  FAIL use-when-0126: Result mismatch
    Expected: error XPST0017
    Got:      <doc>
 <section>
   <p><para>p1</para></p>
   <p><para>p2</para></p>
 </section>
</doc>
  PASS use-when-0127b
  FAIL use-when-0128: Result mismatch
    Expected: error FODC0002
    Got:      <doc>
 <section>
   <p><para>p1</para></p>
   <p><para>p2</para></p>
 </section>
</doc>
  PASS use-when-0129
  PASS use-when-0130
  FAIL use-when-0131: Result mismatch
    Expected: error XPST0008
    Got:      <p>value matched ok</p>
  FAIL use-when-0132: Result mismatch
    Expected: error XPST0008
    Got:      <p>value matched ok</p>
  PASS use-when-0133
  PASS use-when-0134
  PASS use-when-0135
  PASS use-when-0136
  FAIL use-when-0138: Result mismatch
    Expected: error XTSE3450
    Got:      <ok />
  PASS use-when-0139
  PASS use-when-0140
  PASS use-when-0201
  PASS use-when-0202
  FAIL use-when-0203: Result mismatch
    Expected: <out><e/></out>
    Got:      <out><e><e1><e1.1>v1.1</e1.1><e1.2>v1.2 <e1.2.1>v1.2.1</e1.2.1></e1.2></e1></e></out>
  FAIL use-when-0204: Result mismatch
    Expected: <out><e><e2><e2.1>v2.1</e2.1><e2.2>v2.2</e2.2></e2></e></out>
    Got:      <out><e><e1><e1.1>v1.1</e1.1><e1.2>v1.2</e1.2><e1.3>v1.3</e1.3></e1><e2><e2.1>v2.1</e2.1><e2.2>v2.2</e2.2><e2.3 e2.3.attr1="attr1"><e2.3.1></e2.3.1><e2.3.2>e2.3.2</e2.3.2></e2.3></e2></e></out>
  FAIL use-when-0205: Result mismatch
    Expected: <out><e><e2><e2.1>v2.1</e2.1><e2.2>v2.2</e2.2></e2></e></out>
    Got:      <out><e><e1><e1.1>v1.1</e1.1><e1.2>v1.2</e1.2><e1.3>v1.3</e1.3></e1><e2><e2.1>v2.1</e2.1><e2.2>v2.2</e2.2><e2.3 e2.3.attr1="attr1" e2.3.attr2="attr2"><e2.3.1></e2.3.1><e2.3.2>e2.3.2</e2.3.2></e2.3></e2></e></out>
  FAIL use-when-0206: Result mismatch
    Expected: <out><book chapters="1 2 3 4 5"/></out>
    Got:      <out><book chapters="(sequence)" /></out>
  FAIL use-when-0207: Result mismatch
    Expected: <out><book/></out>
    Got:      <out><book chapters="(sequence)" /></out>
  FAIL use-when-0208: Result mismatch
    Expected: <out><book Title="XSLT Alphabet"/></out>
    Got:      <out><book chapters="(sequence)" Title="XSLT Alphabet" /><Chapter chapters="(sequence)" Title="XSLT Alphabet" /></out>
  PASS use-when-0209
  FAIL use-when-0210: Result mismatch
    Expected: <out><e/></out>
    Got:      <out><e><e1><e1.1>v1.1</e1.1><e1.2>v1.2
                  <e1.2.1>v1.2.1</e1.2.1>&gt;
               </e1.2></e1></e></out>
  PASS use-when-0211
  FAIL use-when-0212: Result mismatch
    Expected: <?xml version="1.0" encoding="UTF-8"?><out><doc><out><elem><out><a>a1</a></out><out><a>a2</a></out><print><out><b>b1</b></out></print><print><out><b>b2</b></out></print></elem></out></doc></out>
    Got:      <out><doc><out><elem><out><a>a1</a></out><out><a>a2</a></out><out><b>b1</b></out><out><b>b2</b></out></elem></out></doc></out>
  PASS use-when-0213
  FAIL use-when-0214: Result mismatch
    Expected: <out/>
    Got:      <out><E1>Element defined</E1><E2>function IS defined</E2></out>
  FAIL use-when-0215: Result mismatch
    Expected: <out><success>a1</success><success>a2</success><unsuccessful/><unsuccessful/></out>
    Got:      <out><success>a1</success><success>a2</success><unsuccessful>b1</unsuccessful><unsuccessful>b2</unsuccessful></out>
  PASS use-when-0216
  PASS use-when-0217
  PASS use-when-0218
  PASS use-when-0219
  PASS use-when-0220
  FAIL use-when-0221: Variable $v is not defined.
  PASS use-when-0222
  FAIL use-when-0223: Result mismatch
    Expected: <out><print_a>a1</print_a><print_a>a2</print_a>b1b2</out>
    Got:      <out />
  PASS use-when-0224
  FAIL use-when-0225: Result mismatch
    Expected: (complex assertion)
    Got:      <out>
<elem />
</out>
  FAIL use-when-0226: Result mismatch
    Expected: (complex assertion)
    Got:      <out><elem> error</elem></out>
  FAIL use-when-0227: Result mismatch
    Expected: error XTSE0110
    Got:      <out><elem><print>a1</print><print>a2</print><print>b1</print><print>b2</print></elem></out>
  FAIL use-when-0301: Result mismatch
    Expected: <out><elem1 attB="v1"/><e2 attB="Explicit value"><e3 attB="v2"/></e2></out>
    Got:      <out><elem1 name="e1" value="v1" attB="(sequence)" /><e2 attB="Explicit value"><e3 /></e2></out>
  FAIL use-when-0401: Result mismatch
    Expected: <out>100def150</out>
    Got:      <out>100120150</out>
  FAIL use-when-0402: Result mismatch
    Expected: <out/>
    Got:      <out>100120150</out>
  PASS use-when-0403
  FAIL use-when-0404: Result mismatch
    Expected: <out/>
    Got:      <out>-1</out>
  PASS use-when-0405
  FAIL use-when-0407a: Result mismatch
    Expected: (complex assertion)
    Got:      <out><fa f="current">true</fa><fa f="generate-id">true</fa><fa f="key">false</fa><fa f="unparsed-entity-uri">false</fa><fa f="unparsed-entity-public-id">false</fa><fa f="system-property">true</fa><in f="current">use-when evaluates to true!!!</in><in f="generate-id">use-when evaluates to true!!!</in><in f="key">use-when evaluates to true!!!</in><in f="unparsed-entity-uri">use-when evaluates to true!!!</in><in f="unparsed-entity-public-id">use-when evaluates to true!!!</in><in f="system-property">use-when evaluates to true!!!</in></out>
  PASS use-when-0408
  PASS use-when-0409
  PASS use-when-0410
  FAIL use-when-0411: Result mismatch
    Expected: error XTSE0020
    Got:      <out>-1</out>
  FAIL use-when-0412: Result mismatch
    Expected: error XTSE0090
    Got:      <result>raises error</result>
  FAIL use-when-0413: Result mismatch
    Expected: error XTSE0090
    Got:      <result>raises error</result>
  FAIL use-when-0414: Result mismatch
    Expected: <result/>
    Got:      <result>raises no error</result>
  FAIL use-when-0415: Result mismatch
    Expected: error XTSE0090
    Got:      <result>raises error</result>
  FAIL use-when-0416: Result mismatch
    Expected: <result/>
    Got:      <result>raises no error</result>
  FAIL use-when-0417: Result mismatch
    Expected: <result/>
    Got:      <result xmlns="">raises no error</result>
  FAIL use-when-0418: Result mismatch
    Expected: error XTSE0090
    Got:      <result>Next statement has an error</result>
  FAIL use-when-0419: Result mismatch
    Expected: error XPDY0002
    Got:      <result>Next statement has an error</result>
  PASS use-when-0420
  PASS use-when-0421
  PASS use-when-0422
  FAIL use-when-0423: Result mismatch
    Expected: error XPST0003
    Got:      <result><row /></result>
  FAIL use-when-0424: Result mismatch
    Expected: <result />
    Got:      <result><row use-when="not///a///valid///xpath" /></result>
  PASS use-when-0425
  PASS use-when-0426
  PASS use-when-0427
  FAIL use-when-0428: Result mismatch
    Expected: error XPST0003
    Got:      <result>Next statement has an error</result>
  FAIL use-when-0429: Result mismatch
    Expected: error XPDY0002
    Got:      <result>Next statement has an error</result>
  PASS use-when-0430
  FAIL use-when-0431: Result mismatch
    Expected: error XTSE0620
    Got:      <out var="correct" />
  FAIL use-when-0501: Result mismatch
    Expected: <?xml version="1.0" encoding="UTF-8"?><out>
<ascending>
<item>television</item>
<item>radio</item>
<item>VCR</item>
<item>Mirror</item>
<item>Bed</item>
<item>Closet</item>
<item>Cabinet</item>
<item>Carpet</item>
<item>DVD player</item>
<item>Desk</item>
<item>Xbox</item>
<item>Coffee table</item>
<item>Sofa</item>
<item>love seat</item>
<item>chair</item>
<item>wine bar</item>
<item>04</item>
<item>002</item>
</ascending>
<descending>
<item>wine bar</item>
<item>television</item>
<item>radio</item>
<item>love seat</item>
<item>chair</item>
<item>Xbox</item>
<item>VCR</item>
<item>Sofa</item>
<item>Mirror</item>
<item>Desk</item>
<item>DVD player</item>
<item>Coffee table</item>
<item>Closet</item>
<item>Carpet</item>
<item>Cabinet</item>
<item>Bed</item>
<item>04</item>
<item>002</item>
</descending>
</out>
    Got:      <out>
<ascending>
<item>002</item>
<item>04</item>
<item>Bed</item>
<item>Cabinet</item>
<item>Carpet</item>
<item>Closet</item>
<item>Coffee table</item>
<item>DVD player</item>
<item>Desk</item>
<item>Mirror</item>
<item>Sofa</item>
<item>VCR</item>
<item>Xbox</item>
<item>chair</item>
<item>love seat</item>
<item>radio</item>
<item>television</item>
<item>wine bar</item>
</ascending>
<descending>
<item>wine bar</item>
<item>television</item>
<item>radio</item>
<item>love seat</item>
<item>chair</item>
<item>Xbox</item>
<item>VCR</item>
<item>Sofa</item>
<item>Mirror</item>
<item>Desk</item>
<item>DVD player</item>
<item>Coffee table</item>
<item>Closet</item>
<item>Carpet</item>
<item>Cabinet</item>
<item>Bed</item>
<item>04</item>
<item>002</item>
</descending>
</out>
  Done: use-when (102 tests, 50 passed, 49 failed, 3 skipped)
  Starting: validation ...
  FAIL validation-0101: Result mismatch
    Expected: error XTSE1660
    Got:      <elem>2.2</elem>
  PASS validation-0102b
  PASS validation-0103b
  FAIL validation-0104: Result mismatch
    Expected: error XTSE1660
    Got:      <elem>2.2</elem>
  PASS validation-0105b
  PASS validation-0106a
  Done: validation (67 tests, 4 passed, 2 failed, 61 skipped)
  Starting: version ...
  FAIL version-001: Result mismatch
    Expected: (complex assertion)
    Got:      <out />
  PASS version-002
  FAIL version-003: Result mismatch
    Expected: error XTMM9000
    Got:      <out />
  FAIL version-004: Result mismatch
    Expected: <out>Fallback processing More fallback processing</out>
    Got:      <out />
  FAIL version-005: Result mismatch
    Expected: <out>Fallback processing More fallback processing</out>
    Got:      <out xmlns:burroughs="http://www.burroughs.com/" xmlns:honeywell="http://www.honeywell.com/" xmlns:cdc="http://www.cdc.com/"><cdc:non-existent-element xmlns:cdc="http://www.cdc.com/" processing="magic"><bananas /><custard /><pie>PIE!</pie></cdc:non-existent-element></out>
  PASS version-006
  PASS version-007
  FAIL version-008: Result mismatch
    Expected: <out>Fallback processing</out>
    Got:      <out />
  PASS version-009
  FAIL version-010: Result mismatch
    Expected: error XTMM9000
    Got:      <out><still-here /></out>
  PASS version-011
  FAIL version-012: Result mismatch
    Expected: <testing>fallback</testing>
    Got:      <testing><foo xmlns="http://example.com/nosuchclass" /></testing>
  PASS version-013
  PASS version-014
  PASS version-015
  PASS version-016
  FAIL version-017: Result mismatch
    Expected: (complex assertion)
    Got:      <out />
  PASS version-018
  PASS version-019
  FAIL version-020: Result mismatch
    Expected: <a>12</a>
    Got:      <a></a>
  FAIL version-021: Result mismatch
    Expected: <a>NaN</a>
    Got:      <a></a>
  FAIL version-022: Result mismatch
    Expected: <o val="42"/>
    Got:      
  FAIL version-023a: Result mismatch
    Expected: error XTSE0340
    Got:      <doc>
 <a>
   <b id="3" />
   <c id="4" />
   <d><e /></d>
 </a>
</doc>
  PASS version-024
  PASS version-025
  PASS version-025a
  FAIL version-026: XPST0017: Function {http://www.w3.org/2005/xpath-functions}burnish#2 not found.
  PASS version-027
  FAIL version-028: Result mismatch
    Expected: <out><a key="1"><b>a,b,c,d</b></a><a key="2"><b>e,f,g,h</b></a><a key="3"><b>i,j,k,l</b></a><a key="4"><b>m,n,o,p</b></a></out>
    Got:      <out><a key="1"><b>a,b,c,d,e,f,g,h,i,j,k,l,m,n,o,p</b></a></out>
  FAIL version-029: Result mismatch
    Expected: <out>we fell back<a key="1"><b>a,b,c,d</b></a><a key="2"><b>e,f,g,h</b></a><a key="3"><b>i,j,k,l</b></a><a key="4"><b>m,n,o,p</b></a></out>
    Got:      <out><a key="1"><b>a,b,c,d,e,f,g,h,i,j,k,l,m,n,o,p</b></a></out>
  FAIL version-030: Result mismatch
    Expected: <out><a key="1"><b>a,b,c,d</b></a><a key="2"><b>e,f,g,h</b></a><a key="3"><b>i,j,k,l</b></a><a key="4"><b>m,n,o,p</b></a></out>
    Got:      <out><a key="1"><b>a,b,c,d,e,f,g,h,i,j,k,l,m,n,o,p</b></a></out>
  FAIL version-032: Result mismatch
    Expected: (complex assertion)
    Got:      <out><ext:test xmlns:ext="http://somebody.elses.extension" /></out>
  FAIL version-033: Result mismatch
    Expected: error XTSE0010
    Got:      <out />
  Done: version (35 tests, 15 passed, 18 failed, 2 skipped)
  Starting: xpath-default-namespace ...
  FAIL xpath-default-namespace-0101: Result mismatch
    Expected: (complex assertion)
    Got:      <out><alpha>,,</alpha><beta /></out>
  FAIL xpath-default-namespace-0102: Result mismatch
    Expected: (complex assertion)
    Got:      <out><alpha>,,</alpha><beta /></out>
  FAIL xpath-default-namespace-0103: Result mismatch
    Expected: <out>a,atr1 atr2 atr3,atr1 atr2 atr3<group>a</group><group>b</group><group>c</group></out>
    Got:      <out>,,</out>
  FAIL xpath-default-namespace-0104: Result mismatch
    Expected: <output><out xpath-default-namespace="http://example.org/hal">,</out><out>atr1 atr2 atr3</out></output>
    Got:      <output><out xpath-default-namespace="http://example.org/hal">,</out><out></out></output>
  FAIL xpath-default-namespace-0105: Result mismatch
    Expected: <out><result>a,atr1 atr2 atr3,atr1 atr2 atr3<group>b</group><group>b</group><group>b</group></result></out>
    Got:      <out><result>,,</result></out>
  FAIL xpath-default-namespace-0106: Result mismatch
    Expected: (complex assertion)
    Got:      <out><alpha>,,</alpha><beta /></out>
  FAIL xpath-default-namespace-0107: Result mismatch
    Expected: (complex assertion)
    Got:      <out xmlns="http://example.org/hal">,,</out>
  FAIL xpath-default-namespace-0108: Result mismatch
    Expected: <?xml version="1.0" encoding="UTF-8"?>
<out>,,
	
<elem>1 a</elem>
	
<elem>2 b</elem>
	
<elem>3 c</elem>
	
<elem>4 Good Morning!</elem>
	
<elem>5 Good Afternoon!</elem>
	
<elem>6 Goodnight!</elem>

</out>
    Got:      <out>,,
	
		a
	
	
		b
	
	
		c
	
	
		Good Morning!
	
	
		Good Afternoon!
	
	
		Goodnight!
	

</out>
  FAIL xpath-default-namespace-0201: Result mismatch
    Expected: <out>abc</out>
    Got:      <out>
a
b
	
	
	
		
		
		
		
		c
		
		
		
	
</out>
  PASS xpath-default-namespace-0202
  FAIL xpath-default-namespace-0301: Result mismatch
    Expected: <out xmlns="http://example.org/hal"><E1>,,a,atr1 atr2 atr3,atr1 atr2 atr3</E1><E2>Good Morning! Good Afternoon! Goodnight!,Good Afternoon!,,,</E2></out>
    Got:      <out xmlns="http://example.org/hal"><E1>,,,,</E1><E2>,,,,</E2></out>
  PASS xpath-default-namespace-0401
  PASS xpath-default-namespace-0501
  PASS xpath-default-namespace-0502
  FAIL xpath-default-namespace-0601: Result mismatch
    Expected: <out>atr3</out>
    Got:      <out></out>
  FAIL xpath-default-namespace-0801: Result mismatch
    Expected: error XTSE0090
    Got:      <out></out>
  PASS xpath-default-namespace-0901
  PASS xpath-default-namespace-1001
  PASS xpath-default-namespace-1101
  PASS xpath-default-namespace-1102
  FAIL xpath-default-namespace-1201: Result mismatch
    Expected: <z>Today's flavor: mint</z>
    Got:      <z>Today's flavor: </z>
  FAIL xpath-default-namespace-1202: Result mismatch
    Expected: <A xmlns="urn:FOO"><B/></A>
    Got:      
  Done: xpath-default-namespace (26 tests, 8 passed, 14 failed, 4 skipped)
  Starting: accept ...
  Done: accept (50 tests, 0 passed, 0 failed, 50 skipped)
  Starting: accumulator ...
  FAIL accumulator-001: Expected xsl:stylesheet or xsl:transform, got {http://www.w3.org/1999/XSL/Transform}package.
  FAIL accumulator-003: Expected xsl:stylesheet or xsl:transform, got {http://www.w3.org/1999/XSL/Transform}package.
  FAIL accumulator-005: Expected xsl:stylesheet or xsl:transform, got {http://www.w3.org/1999/XSL/Transform}package.
  FAIL accumulator-007: Expected xsl:stylesheet or xsl:transform, got {http://www.w3.org/1999/XSL/Transform}package.
  FAIL accumulator-010: Expected xsl:stylesheet or xsl:transform, got {http://www.w3.org/1999/XSL/Transform}package.
  FAIL accumulator-012: Expected xsl:stylesheet or xsl:transform, got {http://www.w3.org/1999/XSL/Transform}package.
  FAIL accumulator-014: Expected xsl:stylesheet or xsl:transform, got {http://www.w3.org/1999/XSL/Transform}package.
  FAIL accumulator-016: Expected xsl:stylesheet or xsl:transform, got {http://www.w3.org/1999/XSL/Transform}package.
  FAIL accumulator-017: Expected xsl:stylesheet or xsl:transform, got {http://www.w3.org/1999/XSL/Transform}package.
  FAIL accumulator-020: Expected xsl:stylesheet or xsl:transform, got {http://www.w3.org/1999/XSL/Transform}package.
  FAIL accumulator-021: Expected xsl:stylesheet or xsl:transform, got {http://www.w3.org/1999/XSL/Transform}package.
  FAIL accumulator-023: Expected xsl:stylesheet or xsl:transform, got {http://www.w3.org/1999/XSL/Transform}package.
  FAIL accumulator-026: Expected xsl:stylesheet or xsl:transform, got {http://www.w3.org/1999/XSL/Transform}package.
  FAIL accumulator-027: Expected xsl:stylesheet or xsl:transform, got {http://www.w3.org/1999/XSL/Transform}package.
  FAIL accumulator-034: Expected xsl:stylesheet or xsl:transform, got {http://www.w3.org/1999/XSL/Transform}package.
  FAIL accumulator-039: Expected xsl:stylesheet or xsl:transform, got {http://www.w3.org/1999/XSL/Transform}package.
  FAIL accumulator-040: Expected xsl:stylesheet or xsl:transform, got {http://www.w3.org/1999/XSL/Transform}package.
  FAIL accumulator-041: Expected xsl:stylesheet or xsl:transform, got {http://www.w3.org/1999/XSL/Transform}package.
  FAIL accumulator-042: Expected xsl:stylesheet or xsl:transform, got {http://www.w3.org/1999/XSL/Transform}package.
  FAIL accumulator-043: Expected xsl:stylesheet or xsl:transform, got {http://www.w3.org/1999/XSL/Transform}package.
  FAIL accumulator-046: Expected xsl:stylesheet or xsl:transform, got {http://www.w3.org/1999/XSL/Transform}package.
  FAIL accumulator-047: Expected xsl:stylesheet or xsl:transform, got {http://www.w3.org/1999/XSL/Transform}package.
  FAIL accumulator-048: Expected xsl:stylesheet or xsl:transform, got {http://www.w3.org/1999/XSL/Transform}package.
  FAIL accumulator-049: Expected xsl:stylesheet or xsl:transform, got {http://www.w3.org/1999/XSL/Transform}package.
  FAIL accumulator-050: XPST0017: Function {http://www.w3.org/2005/xpath-functions}accumulator-before#1 not found.
  FAIL accumulator-051: XPST0017: Function {http://www.w3.org/2005/xpath-functions}accumulator-before#1 not found.
  FAIL accumulator-051s: XPST0017: Function {http://www.w3.org/2005/xpath-functions}accumulator-before#1 not found.
  FAIL accumulator-053: XPST0017: Function {http://www.w3.org/2005/xpath-functions}accumulator-after#1 not found.
  FAIL accumulator-054: XPST0017: Function {http://www.w3.org/2005/xpath-functions}accumulator-before#1 not found.
  FAIL accumulator-055: XPST0017: Function {http://www.w3.org/2005/xpath-functions}accumulator-before#1 not found.
  FAIL accumulator-055s: XPST0017: Function {http://www.w3.org/2005/xpath-functions}accumulator-before#1 not found.
  FAIL accumulator-056: Expected xsl:stylesheet or xsl:transform, got {http://www.w3.org/1999/XSL/Transform}package.
  FAIL accumulator-057: Expected xsl:stylesheet or xsl:transform, got {http://www.w3.org/1999/XSL/Transform}package.
  FAIL accumulator-063: Expected xsl:stylesheet or xsl:transform, got {http://www.w3.org/1999/XSL/Transform}package.
  FAIL accumulator-064: Expected xsl:stylesheet or xsl:transform, got {http://www.w3.org/1999/XSL/Transform}package.
  FAIL accumulator-071: Expected xsl:stylesheet or xsl:transform, got {http://www.w3.org/1999/XSL/Transform}package.
  FAIL accumulator-072: Expected xsl:stylesheet or xsl:transform, got {http://www.w3.org/1999/XSL/Transform}package.
  FAIL accumulator-077: XPST0017: Function {http://www.w3.org/2005/xpath-functions}accumulator-before#1 not found.
  FAIL accumulator-077s: XPST0017: Function {http://www.w3.org/2005/xpath-functions}accumulator-before#1 not found.
  FAIL accumulator-078: Result mismatch
    Expected: error XTSE0130
    Got:      <root>
    <header>
        <header-item>
            <id>1</id>
            <value>header 1</value>
        </header-item>
        <header-item>
            <id>2</id>
            <value>header 2</value>
        </header-item>       
    </header>
    <body>
        <items>
            <item>
                <id>i1</id>
                <header-ref idref="1" />
            </item>
        </items>
    </body>
</root>
  FAIL accumulator-079: XPST0017: Function {http://www.w3.org/2005/xpath-functions}accumulator-after#1 not found.
  FAIL accumulator-079s: XPST0017: Function {http://www.w3.org/2005/xpath-functions}accumulator-after#1 not found.
  FAIL accumulator-081: XPST0017: Function {http://www.w3.org/2005/xpath-functions}accumulator-after#1 not found.
  FAIL accumulator-082: XPST0017: Function {http://www.w3.org/2005/xpath-functions}accumulator-before#1 not found.
  FAIL accumulator-083: XTDE0560: xsl:next-match evaluated when the current template rule is absent.
  FAIL accumulator-084: XTDE0560: xsl:next-match evaluated when the current template rule is absent.
  FAIL accumulator-085: XTDE0560: xsl:next-match evaluated when the current template rule is absent.
  FAIL accumulator-086: XTDE0560: xsl:next-match evaluated when the current template rule is absent.
  FAIL accumulator-087: XPST0017: Function {http://www.w3.org/2005/xpath-functions}accumulator-before#1 not found.
  FAIL accumulator-087s: XPST0017: Function {http://www.w3.org/2005/xpath-functions}accumulator-before#1 not found.
  FAIL accumulator-088: XPST0017: Function {http://www.w3.org/2005/xpath-functions}accumulator-before#1 not found.
  FAIL accumulator-089: XPST0017: Function {http://www.w3.org/2005/xpath-functions}accumulator-after#1 not found.
  FAIL accumulator-090: XPST0017: Function {http://www.w3.org/2005/xpath-functions}accumulator-after#1 not found.
  Done: accumulator (107 tests, 8 passed, 53 failed, 46 skipped)
  Starting: attribute-set ...
  FAIL attribute-set-0101: Result mismatch
    Expected: <out><test1 color="black"/></out>
    Got:      <out><test1 /></out>
  FAIL attribute-set-0102: Result mismatch
    Expected: <out><test1 color="black" texture="matt"/></out>
    Got:      <out><test1 /></out>
  FAIL attribute-set-0104: Result mismatch
    Expected: <out><test4 color="black" texture="matt"/></out>
    Got:      <out><test4 /></out>
  FAIL attribute-set-0105: Result mismatch
    Expected: <out><test4 color="black" texture="matt"/></out>
    Got:      <out><test4 /></out>
  FAIL attribute-set-0106a: Result mismatch
    Expected: (complex assertion)
    Got:      <out><test1 /></out>
  FAIL attribute-set-0107: Result mismatch
    Expected: <out><section class="section" position="1"
        /><section class="section" position="2"/><p class="p" position="3"/><p class="p" position="4"
        /><section class="section" position="5"/><p class="p" position="6"
        /><section class="section" position="7"/><p class="p" position="8"/><p class="p" position="9"
        /><section class="section" position="10"/><p class="p" position="11"/><p class="p" position="12"/><p class="p" position="13"
        /><section class="section" position="14"/><p class="p" position="15"/><p class="p" position="16"/></out>
    Got:      <out><section index="section1" index2="atr2val" /><section index="subSection1.1" /><p /><p /><section index="section2" /><p /><section index="subSection2.1" /><p /><p /><section index="subSection2.2" /><p /><p /><p /><section index="subSection2.3" /><p /><p /></out>
  FAIL attribute-set-0108: Result mismatch
    Expected: (complex assertion)
    Got:      <out><in /></out>
  FAIL attribute-set-0201: Result mismatch
    Expected: <out><test1 color="black" text-decoration="underline"/></out>
    Got:      <out><test1 /></out>
  FAIL attribute-set-0202: Result mismatch
    Expected: <out><test color="black" text-decoration="underline"/></out>
    Got:      <out><test /></out>
  FAIL attribute-set-0203: Result mismatch
    Expected: <out><foo color="black" text-decoration="underline"/></out>
    Got:      <out><foo /></out>
  FAIL attribute-set-0204: Result mismatch
    Expected: <out><test1 font-size="14pt" text-decoration="underline" color="black"/></out>
    Got:      <out><test1 /></out>
  FAIL attribute-set-0205: Result mismatch
    Expected: <out><test1 font-size="14pt" text-decoration="none" color="black"/></out>
    Got:      <out><test1 text-decoration="none" /></out>
  FAIL attribute-set-0206: Result mismatch
    Expected: <out><test1 color="black"/></out>
    Got:      <out><test1 /></out>
  FAIL attribute-set-0207: Result mismatch
    Expected: <out><test font-size="14pt" text-decoration="none" color="black"/></out>
    Got:      <out><test text-decoration="none" /></out>
  FAIL attribute-set-0208: Result mismatch
    Expected: <out><foo font-size="14pt" text-decoration="none" color="black"/></out>
    Got:      <out><foo text-decoration="none" /></out>
  FAIL attribute-set-0209: Result mismatch
    Expected: <out><test text-decoration="none" color="black" font-size="14pt"/></out>
    Got:      <out><test text-decoration="none" /></out>
  FAIL attribute-set-0210: Result mismatch
    Expected: <out><test1 color="black" font-size="10pt" font-weight="bold"/></out>
    Got:      <out><test1 font-size="10pt" /></out>
  FAIL attribute-set-0211: Result mismatch
    Expected: <out><test1 color="black" font-size="24pt" font-weight="bold"/></out>
    Got:      <out><test1 font-size="24pt" /></out>
  FAIL attribute-set-1001: Result mismatch
    Expected: <out><test format="bold"/></out>
    Got:      <out><test /></out>
  FAIL attribute-set-1002: Result mismatch
    Expected: <out><test1 format="bold"/></out>
    Got:      <out><test1 /></out>
  FAIL attribute-set-1003: Result mismatch
    Expected: error XTSE0710
    Got:      
  FAIL attribute-set-1501: Result mismatch
    Expected: <out><doc color="black"/></out>
    Got:      <out><doc /></out>
  FAIL attribute-set-1502: Result mismatch
    Expected: <out><doc text-decoration="none" color="black" font-size="14pt"/></out>
    Got:      <out><doc text-decoration="none" /></out>
  FAIL attribute-set-1503: Result mismatch
    Expected: <out><doc color="green"/></out>
    Got:      <out><doc /></out>
  FAIL attribute-set-1504: Result mismatch
    Expected: <out><doc text-decoration="underline" color="black" font-size="14pt"/></out>
    Got:      <out><doc /></out>
  FAIL attribute-set-1505: Result mismatch
    Expected: <out><element1 text-decoration="none" color="black" font-size="14pt"/></out>
    Got:      <out><element1 text-decoration="none" /></out>
  FAIL attribute-set-1506: Result mismatch
    Expected: <out><element1 text-decoration="underline" color="black" font-size="14pt"/></out>
    Got:      <out><element1 /></out>
  FAIL attribute-set-1507: Result mismatch
    Expected: <out><element1 color="black"/></out>
    Got:      <out><element1 /></out>
  FAIL attribute-set-1508: Result mismatch
    Expected: <out><test color="green" text-decoration="underline"/>
  <foocopy color="green" text-decoration="underline" font-size="14pt">a</foocopy>
</out>
    Got:      <out><test /><foocopy>a</foocopy></out>
  FAIL attribute-set-1509: Result mismatch
    Expected: <out><test color="green" text-decoration="underline"/>
  <foocopy color="green" text-decoration="underline" font-size="14pt">a</foocopy>
</out>
    Got:      <out><test /><foocopy>a</foocopy></out>
  FAIL attribute-set-1510: Result mismatch
    Expected: <out rabbithole="deep" follow="yellowbrickroad" Alice="intoxicated" wife="thumbelina" location="Wonderland"/>
    Got:      <out location="Wonderland" />
  FAIL attribute-set-1511: Result mismatch
    Expected: <out><test font-size="14pt" text-decoration="underline" color="black"/></out>
    Got:      <out><test /></out>
  FAIL attribute-set-1512: Result mismatch
    Expected: <out alice="intoxicated" follow="theleader" rabbithole="deep" location="Wonderland"/>
    Got:      <out location="Wonderland" />
  FAIL attribute-set-1513: Result mismatch
    Expected: <out follow="theleader" rabbithole="shallow" alice="intoxicated"
     location="Wonderland"/>
    Got:      <out location="Wonderland" />
  FAIL attribute-set-1801: Result mismatch
    Expected: <out><test _a_color="black"/></out>
    Got:      <out><test /></out>
  FAIL attribute-set-1802: Result mismatch
    Expected: <out test="correct"/>
    Got:      <out />
  FAIL attribute-set-1803: Result mismatch
    Expected: <out><foo baz="two"/></out>
    Got:      <out><foo /></out>
  FAIL attribute-set-1804: Result mismatch
    Expected: <out><foo baz="two" foo="ten" poo="twenty"/></out>
    Got:      <out><foo /></out>
  FAIL attribute-set-1805: Result mismatch
    Expected: <out><test1 color="black"/></out>
    Got:      <out><test1 /></out>
  FAIL attribute-set-1806: Result mismatch
    Expected: <out><test1 color="black"/></out>
    Got:      <out><test1 /></out>
  FAIL attribute-set-1807: Result mismatch
    Expected: <out><test1 color="black"/></out>
    Got:      <out><test1 /></out>
  FAIL attribute-set-1808: Result mismatch
    Expected: <out><test1 color="black|blue|3"/></out>
    Got:      <out><test1 /></out>
  FAIL attribute-set-1809: Result mismatch
    Expected: <out><test1 color="blackbluegreen"/></out>
    Got:      <out><test1 /></out>
  PASS attribute-set-1810
  FAIL attribute-set-1811: Result mismatch
    Expected: <x a="1 2 3" b="1-2-3" c="123" d="1 2 3" e="1-2-3" f="123" g="123" h="1 2 3"/>
    Got:      <x a="1 2 3" b="1 2 3" c="1 2 3" d="(sequence)" e="(sequence)" f="(sequence)" g="1 2 3" h="(sequence)" />
  FAIL attribute-set-1812: Result mismatch
    Expected: <Data foo="bar"><doc/></Data>
    Got:      <Data><doc /></Data>
  FAIL attribute-set-1813: Result mismatch
    Expected: <a sum-sq="55" avg-sq="11"/>
    Got:      <a />
  FAIL attribute-set-1814: Result mismatch
    Expected: <a base-one="http://www.example.com/one"
   base-two="http://www.example.com/two"/>
    Got:      <a />
  FAIL attribute-set-1815: Circular stylesheet reference detected: file:///d:/Development/Bosak/tests/xslt30-test/tests/decl/attribute-set/attribute-set-1803a.xsl
  Done: attribute-set (50 tests, 1 passed, 48 failed, 1 skipped)
  SKIP character-map: Requires unsupported feature 'serialization' (29 tests)
  Starting: context-item ...
  PASS context-item-001
  FAIL context-item-002: Result mismatch
    Expected: error XTTE0590
    Got:      <out>1 2 3 4 5</out>
  PASS context-item-003
  FAIL context-item-004: Result mismatch
    Expected: error XTTE0590
    Got:      <out><doc /></out>
  FAIL context-item-005: Result mismatch
    Expected: error XTTE0590
    Got:      <out><doc /></out>
  FAIL context-item-006: Result mismatch
    Expected: error XTTE3090
    Got:      <out><dummy /></out>
  FAIL context-item-007: Variable $p is not defined.
  FAIL context-item-008: Variable $p is not defined.
  FAIL context-item-009: Variable $p is not defined.
  FAIL context-item-011: Variable $p is not defined.
  PASS context-item-012
  FAIL context-item-013: Result mismatch
    Expected: error XTTE0590
    Got:      <out><doc /></out>
  FAIL context-item-014: Result mismatch
    Expected: error XTTE3090
    Got:      <out />
  PASS context-item-015
  FAIL context-item-016: Result mismatch
    Expected: error XTSE0020
    Got:      <out><doc /></out>
  FAIL context-item-017: Result mismatch
    Expected: error XPDY0002
    Got:      <out><in><doc /></in></out>
  FAIL context-item-018: Variable $t is not defined.
  FAIL context-item-019: Result mismatch
    Expected: (complex assertion)
    Got:      <out />
  FAIL context-item-901: Result mismatch
    Expected: error XTSE0020
    Got:      <out>1 2 3 4 5</out>
  FAIL context-item-902: Result mismatch
    Expected: (complex assertion)
    Got:      <out>1 2 3 4 5</out>
  FAIL context-item-903: Result mismatch
    Expected: (complex assertion)
    Got:      <out>1 2 3 4 5</out>
  FAIL context-item-904: Result mismatch
    Expected: error XTSE0020
    Got:      <out>1 2 3 4 5</out>
  FAIL context-item-905: Result mismatch
    Expected: error XTSE0010
    Got:      <out>4 5 6 7 8</out>
  FAIL context-item-907: Result mismatch
    Expected: error XTSE0010
    Got:      <out>22 22 22 22 22</out>
  FAIL context-item-908: Result mismatch
    Expected: error XTSE0010
    Got:      <out>
      banana
      22
      banana
      22
      banana
      22
      banana
      22
      banana
      22</out>
  FAIL context-item-909: Result mismatch
    Expected: error XTSE0010
    Got:      <out>22 22 22 22 22</out>
  FAIL context-item-910: Result mismatch
    Expected: error XTSE0090
    Got:      <out>22 22 22 22 22</out>
  FAIL context-item-911: Result mismatch
    Expected: error XPTY0019
    Got:      <out />
  FAIL context-item-912: Result mismatch
    Expected: error XTTE0590
    Got:      <out><tree /></out>
  Done: context-item (31 tests, 6 passed, 25 failed, 0 skipped)
  Starting: expose ...
  Done: expose (42 tests, 0 passed, 0 failed, 42 skipped)
  Starting: function ...
  PASS function-0001
  PASS function-0101
  PASS function-0102
  PASS function-0103
  PASS function-0104
  PASS function-0105
  PASS function-0106
  PASS function-0107
  PASS function-0108
  PASS function-0109
  PASS function-0110
  PASS function-0111
  PASS function-0112
  PASS function-0113
  PASS function-0114
  FAIL function-0115: Result mismatch
    Expected: error XTSE0020
    Got:      <out>17</out>
  PASS function-0116
  FAIL function-0117: Result mismatch
    Expected: error XTSE0020
    Got:      <out>17</out>
  FAIL function-0118: Result mismatch
    Expected: error XTSE0020
    Got:      <out>17</out>
  PASS function-0119b
  FAIL function-0120b: Result mismatch
    Expected: error XTSE0020
    Got:      <out>true</out>
  FAIL function-0121: XPST0017: Function {http://app.com/}count-elements#1 not found.
  FAIL function-0122: Result mismatch
    Expected: error XTSE0740
    Got:      <out>23</out>
  FAIL function-0201: Result mismatch
    Expected: <?xml version="1.0" encoding="UTF-8"?><doc>
  <section>
  <section>
  <p>Hel</p>
  <p>Its</p>
  </section>
  </section>
  <section>
  <p>Jam</p>
  <section>
  <p>Mar</p>
  <p>And</p>
  </section>
  <section>
  <p>Wit</p>
  <p>On </p>
  </section>
  <p>Del</p>
  <section>
  <p>Ful</p>
  <p>You</p>
  </section>
  </section>
</doc>
    Got:      <doc>
  <section index="section1" index2="atr2val">
  <section index="subSection1.1">
  <p>Hel</p>
  <p>Its</p>
  </section>
  </section>
  <section index="section2">
  <p>Jam</p>
  <section index="subSection2.1">
  <p>Mar</p>
  <p>And</p>
  </section>
  <section index="subSection2.2">
  <p>Wit</p>
  <p>On </p>
  </section>
  <p>Del</p>
  <section index="subSection2.3">
  <p>Ful</p>
  <p>You</p>
  </section>
  </section>
</doc>
  PASS function-0202
  PASS function-0203
  PASS function-0205
  PASS function-0301
  FAIL function-0302b: XPST0017: Function {http://www.w3.org/2005/xpath-functions}element-available#1 not found.
  FAIL function-0303: XPST0017: Function {http://www.w3.org/2005/xpath-functions}element-available#1 not found.
  PASS function-0401
  PASS function-0501
  PASS function-0601
  PASS function-0602
  SKIP function-0701: Known to exceed stack limit
  PASS function-0901
  PASS function-1001
  PASS function-1002
  PASS function-1003
  PASS function-1004
  PASS function-1005
  PASS function-1007
  FAIL function-1009: Result mismatch
    Expected: <out count="3"/>
    Got:      <out count="1"></out>
  PASS function-1012
  PASS function-1013
  FAIL function-1014: Result mismatch
    Expected: <result>10</result>
    Got:      <result />
  PASS function-1015
  FAIL function-1016: Result mismatch
    Expected: error XTSE0770
    Got:      <out one="2" two="2" />
  FAIL function-1017: Result mismatch
    Expected: (complex assertion)
    Got:      <out one="banana" />
  FAIL function-1018: Result mismatch
    Expected: (complex assertion)
    Got:      <out one="banana" />
  FAIL function-1019: Result mismatch
    Expected: (complex assertion)
    Got:      <out one="banana" />
  FAIL function-1020: Result mismatch
    Expected: error XTTE0570
    Got:      <out one="6" />
  FAIL function-1021: Result mismatch
    Expected: error XTSE0080
    Got:      <out />
  FAIL function-1022: Result mismatch
    Expected: error XPTY0004
    Got:      <p xmlns="http://www.w3.org/1999/xhtml">
  <a>
          <for-each select="$a/@*" xmlns="http://www.w3.org/1999/XSL/Transform" />

          <message use-when="false()" xmlns="http://www.w3.org/1999/XSL/Transform" />

          <copy-of select="f:unwrap-anchors($a/node(), 1)" xmlns="http://www.w3.org/1999/XSL/Transform" />
        </a>
</p>
  FAIL function-1025: Result mismatch
    Expected: (complex assertion)
    Got:      <out>10</out>
  FAIL function-1026: Result mismatch
    Expected: (complex assertion)
    Got:      <out>1</out>
  PASS function-1027
  FAIL function-1028: Result mismatch
    Expected: (complex assertion)
    Got:      <out>1</out>
  PASS function-1029
  FAIL function-1030: Result mismatch
    Expected: (complex assertion)
    Got:      <out>1</out>
  SKIP function-1031: Known to exceed stack limit
  PASS function-1032
  PASS function-1033
  SKIP function-1035: Known to exceed stack limit
  PASS function-1101
  FAIL function-1201: Cannot convert String to integer
  FAIL function-1301: Result mismatch
    Expected: <?xml version="1.0" encoding="iso-8859-1"?><out>
.ulf eht &#8212; taht tsuj saw ti demrifnoc stset ,yllufknahT
.scinilc yratilim ta smotpmys ekilulf ni egrus a deciton metsys eht :eracs
feirb a saw erehT .kcatta-oib a fo segats ylrae eht etacidni thgim taht snrettap
rof &#8212; staorht eros ot sehsar morf &#8212; smotpmys yek neves fo stnialpmoc dezylana
ylkciuq erawtfoS .sllab laruguani eht ta dna etuor edarap eht gnola snoitats
dia neve dna slatipsoh nailivic ,scinilc yratilim ot teehs yreuq-tneitap laiceps a
detubirtsid ,seicnega gninnalp-ycnegreme dna htlaeh lanoiger htiw rehtegot ,esnefeD
fo tnemtrapeD .S.U ehT .kcatta lacigoloib a tceted ot metsys erawtfos epytotorp
a :noitcetorp fo reyal artxe na dellatsni srennalp ytiruces ,eciffo fo htao eht ekat
ot deraperp hsuB .W egroeG sa tuB .yraunaJ tsal ,CD ,notgnihsaW ni thgit ylemertxe
erew ecnallievrus dna ytiruces ,laruguani laitnediserp a rof syawla sA &#8212; 31 .ceD
</out>
    Got:      <out></out>
  FAIL function-1401: Result mismatch
    Expected: <x><out>doc</out><out>name1</out><out>a</out><out>name2</out><out>name3</out><out>a</out><out>name4</out></x>
    Got:      <x><?spec fo#func-node-name?><out>doc</out><out>name1</out><out>a</out><out>name2</out><out>name3</out><out>a</out><out>name4</out></x>
  FAIL function-1501: Result mismatch
    Expected: (complex assertion)
    Got:      <x>false</x>
  PASS function-1601
  FAIL function-1701: Cannot access IntegerValue on XDM value of kind 'Node'
  FAIL function-2001: Cannot access IntegerValue on XDM value of kind 'Sequence'
  FAIL function-2102: Result mismatch
    Expected: error XTSE0020
    Got:      <out>abc</out>
  FAIL function-2103: Result mismatch
    Expected: error XTSE0080
    Got:      <out>abc</out>
  FAIL function-2104: Result mismatch
    Expected: error XTSE0020
    Got:      <out>abc</out>
  FAIL function-2107: Result mismatch
    Expected: error XTSE0080
    Got:      <out>abc</out>
  FAIL function-2108: Result mismatch
    Expected: error XTSE0080
    Got:      <out>abc</out>
  PASS function-2109
  Done: function (110 tests, 47 passed, 33 failed, 30 skipped)
  Starting: global-context-item ...
  FAIL glob-cxt-item-011: Result mismatch
    Expected: error XTSE3089
    Got:      <out />
  FAIL glob-cxt-item-012: Result mismatch
    Expected: error XTDE3086
    Got:      <out />
  FAIL glob-cxt-item-013: Result mismatch
    Expected: error XTTE0945
    Got:      <out><in /></out>
  Done: global-context-item (14 tests, 0 passed, 3 failed, 11 skipped)
  Starting: import ...
  FAIL import-0001: Result mismatch
    Expected: <out xmlns:xsl="http://www.w3.org/1999/XSL/Transform"><variable>1</variable
            ><call-template>1</call-template><function>1</function><apply-template>1</apply-template
            ><decimal-format>~10000093.70</decimal-format><xsl:transform a="1"/></out>
    Got:      <out><variable>1</variable><call-template>1</call-template><function>1</function><apply-template>1</apply-template><decimal-format>~10000093.70</decimal-format><transform xmlns="http://impincl32/ns" /></out>
  FAIL import-0002: Result mismatch
    Expected: <out xmlns:xsl="http://www.w3.org/1999/XSL/Transform"><variable>1</variable
            ><call-template>1</call-template><function>1</function><apply-template>1</apply-template
            ><decimal-format>~10000093.70</decimal-format><xsl:transform a="1"/></out>
    Got:      <out><variable>1</variable><call-template>1</call-template><function>1</function><apply-template>1</apply-template><decimal-format>~10000093.70</decimal-format><transform xmlns="http://impincl33/ns" /></out>
  PASS import-0101
  PASS import-0201
  PASS import-0202
  FAIL import-0203: Result mismatch
    Expected: <out><good-match/></out>
    Got:      <out><best-match /></out>
  PASS import-0301
  PASS import-0302
  FAIL import-0401: Result mismatch
    Expected: <?xml version="1.0" encoding="UTF-8"?><out>
  MAIN title matched...
  C-title: Testing:import-precedence
  E-title: Testing:import-precedence
  B-author: Joe Jones,
  D-overview: testing-import
  C-chapters: 
    E-chapter 1: know xsl
    E-chapter 2: love xsl
</out>
    Got:      <out>
  MAIN title matched...
  B-author: ,
  D-overview: testing-import
  C-chapters: 
    E-chapter 1: know xsl
    E-chapter 2: love xsl</out>
  FAIL import-0501: Result mismatch
    Expected: <?xml version="1.0" encoding="UTF-8"?><out>
  MAIN title matched...
  B-author: Joe Jones,
  D-overview: testing-include
  C-chapters: 
    MAIN chapter 1: know xsl
    MAIN chapter 2: love xsl
</out>
    Got:      <out>
  C-title: Testing-xsl:include
  B-author: ,
  D-overview: testing-include
  C-chapters: 
    MAIN chapter 1: know xsl
    MAIN chapter 2: love xsl</out>
  FAIL import-0502a: Result mismatch
    Expected: <?xml version="1.0" encoding="UTF-8"?><out>
  MAIN title matched...
  B-author: Joe Jones,
  D-overview: testing-include
  C-chapters: 
    MAIN chapter 1: know xsl
    MAIN chapter 2: love xsl
</out>
    Got:      <out>
  C-title: Testing-xsl:include
  B-author: ,
  D-overview: testing-include
  C-chapters: 
    MAIN chapter 1: know xsl
    MAIN chapter 2: love xsl</out>
  FAIL import-0502b: Result mismatch
    Expected: error XTRE0540
    Got:      <out>
  C-title: Testing-xsl:include
  B-author: ,
  D-overview: testing-include
  C-chapters: 
    MAIN chapter 1: know xsl
    MAIN chapter 2: love xsl</out>
  FAIL import-0502c: Result mismatch
    Expected: <?xml version="1.0" encoding="UTF-8"?><out>
  MAIN title matched...
  B-author: Joe Jones,
  D-overview: testing-include
  C-chapters: 
    MAIN chapter 1: know xsl
    MAIN chapter 2: love xsl
</out>
    Got:      <out>
  C-title: Testing-xsl:include
  B-author: ,
  D-overview: testing-include
  C-chapters: 
    MAIN chapter 1: know xsl
    MAIN chapter 2: love xsl</out>
  FAIL import-0601: Result mismatch
    Expected: <?xml version="1.0" encoding="UTF-8"?><out>
  MAIN title matched...
  D-title: Testing:import-precedence
  B-author: Joe Jones,
  B-author: Milt Hinton,
  D-overview: testing-import
  C-chapters: 
    E-chapter 1: know xsl
    E-chapter 2: love xsl
</out>
    Got:      <out>
  MAIN title matched...
  B-author: ,
  B-author: ,
  D-overview: testing-import
  C-chapters: 
    E-chapter 1: know xsl
    E-chapter 2: love xsl</out>
  FAIL import-0701: Result mismatch
    Expected: <out><test xmlns="http://www.lotus.com/" color="black" text-decoration="underline" test=""/></out>
    Got:      <out><test xmlns="http://www.lotus.com/" /></out>
  FAIL import-0801: Result mismatch
    Expected: <out>
  <div style="border: solid red"><pre>Example of apply-imports</pre></div>
</out>
    Got:      <out>
  <div style="border: solid red" />
</out>
  FAIL import-0802: Result mismatch
    Expected: <out>
  <div style="border: solid green"><pre>Example of apply-imports</pre></div>
</out>
    Got:      <out>
  <div style="border: solid green" />
</out>
  FAIL import-0803: Result mismatch
    Expected: <out>
  <div style="border: solid red"><pre>border should be red</pre></div>
</out>
    Got:      <out>
  <div style="border: solid red" />
</out>
  FAIL import-0901: Result mismatch
    Expected: <?xml version="1.0" encoding="UTF-8"?><out>
  MAIN title: Testing include
  E-title: Testing include
  MAIN author: Joe Jones
  C-chapters: 
    E-chapter 1: know xsl
    E-chapter 2: love xsl
</out>
    Got:      <out>
  C-title: Testing include
  MAIN author: Joe Jones
  C-chapters: 
    E-chapter 1: know xsl
    E-chapter 2: love xsl</out>
  FAIL import-0902a: Result mismatch
    Expected: <?xml version="1.0" encoding="UTF-8"?><out>
  MAIN title: Testing include
  E-title: Testing include
  MAIN author: Joe Jones
  C-chapters: 
    E-chapter 1: know xsl
    E-chapter 2: love xsl
</out>
    Got:      <out>
  C-title: Testing include
  MAIN author: Joe Jones
  C-chapters: 
    E-chapter 1: know xsl
    E-chapter 2: love xsl</out>
  FAIL import-0902b: Result mismatch
    Expected: error XTRE0540
    Got:      <out>
  C-title: Testing include
  MAIN author: Joe Jones
  C-chapters: 
    E-chapter 1: know xsl
    E-chapter 2: love xsl</out>
  FAIL import-0902c: Result mismatch
    Expected: <?xml version="1.0" encoding="UTF-8"?><out>
  MAIN title: Testing include
  E-title: Testing include
  MAIN author: Joe Jones
  C-chapters: 
    E-chapter 1: know xsl
    E-chapter 2: love xsl
</out>
    Got:      <out>
  C-title: Testing include
  MAIN author: Joe Jones
  C-chapters: 
    E-chapter 1: know xsl
    E-chapter 2: love xsl</out>
  FAIL import-1001: Result mismatch
    Expected: <out>
  MAIN title: Testing include
  MAIN author: Joe Jones
  IMPORT author: Joe Jones
<y>IMPORT overview: testing apply-imports from include</y></out>
    Got:      <out>Template for title in included file should NOT be used.
  MAIN author: Joe Jones<y /></out>
  FAIL import-1101: Result mismatch
    Expected: <out>
  C-title: Testing:apply-imports
  E-title: Testing:apply-imports</out>
    Got:      <out>
  C-title: Testing:apply-imports</out>
  FAIL import-1201: XPTY0004
  FAIL import-1301: Result mismatch
    Expected: <out>
  
  On node whose id is i5 -nodes to apply: 1
NO BUG
  
</out>
    Got:      <out>
  
  On node whose id is i5 -nodes to apply: 1NO BUG
  
</out>
  FAIL import-1401: Result mismatch
    Expected: <result>
    Before apply-imports
      This is from the XML Source Document.
    After apply-imports
  </result>
    Got:      <result>
    Before apply-imports
      
    After apply-imports
  </result>
  FAIL import-1501: Result mismatch
    Expected: <out>
From Stylesheet: Hello
In Frag-Subdir: Hello
In Fragments: Hello
In ImpIncl: Hello</out>
    Got:      <out>
From Stylesheet: Hello</out>
  FAIL import-1601: Result mismatch
    Expected: <out>Match on / in top xsl
<A><D>
  match on bar in top xsl
</D></A></out>
    Got:      <out>Match on / in top xsl
<A /></out>
  FAIL import-1701: Result mismatch
    Expected: <out>Match on /doc in top xsl
<A><D>foo - match on bar in top xsl</D></A>
<A><B><C>goo - match on bar in top xsl</C></B></A>
</out>
    Got:      <out>Match on /doc in top xsl
<A />
<A />
</out>
  FAIL import-1801: Result mismatch
    Expected: <out>Match on /doc in top xsl
  <C>foo - match on bar in top xsl</C>
</out>
    Got:      <out>Match on /doc in top xsl</out>
  FAIL import-1901: Result mismatch
    Expected: <?xml version="1.0" encoding="UTF-8"?><out>Match on /doc in top xsl
  <B>outer<D>outer Switching to middle...
<A>middle<C>middle Switching to inner...
<top>inner<D>inner</D></top></C></A></D></B>
</out>
    Got:      <out>Match on /doc in top xsl</out>
  PASS import-2001
  FAIL import-2101: Result mismatch
    Expected: <out><main-t>top</main-t><div><imp-t>default</imp-t></div><imp-b>top</imp-b></out>
    Got:      <out><main-t>top</main-t><div /><imp-b>top</imp-b></out>
  FAIL import-2102: Result mismatch
    Expected: <out><div><imp-t>default</imp-t></div><imp-b>top</imp-b></out>
    Got:      <out><div /><imp-b>top</imp-b></out>
  FAIL import-2201: Circular stylesheet reference detected: file:///d:/Development/Bosak/tests/xslt30-test/tests/decl/import/import-2201a.xsl
  FAIL import-2202: Result mismatch
    Expected: <out>
  <wrap><wrap><wrap><wrap><wrap><wrap>Original content</wrap></wrap></wrap></wrap></wrap></wrap>
</out>
    Got:      <out>
  <wrap>Original content</wrap>
</out>
  FAIL import-2401: Result mismatch
    Expected: error XTSE0010
    Got:      <out><test status="Invalid" /></out>
  FAIL import-2402: Result mismatch
    Expected: (complex assertion)
    Got:      <out><test status="Invalid" /></out>
  FAIL import-2403: Result mismatch
    Expected: error XTSE0010
    Got:      <out><test status="Invalid" /></out>
  FAIL import-2404: Result mismatch
    Expected: (complex assertion)
    Got:      <out><test status="Invalid" /></out>
  Done: import (42 tests, 7 passed, 35 failed, 0 skipped)
  SKIP import-schema: Known unsupported feature (205 tests)
  Starting: include ...
  FAIL include-0102: Expected xsl:stylesheet or xsl:transform, got root-tag.
  FAIL include-0103: Expected xsl:stylesheet or xsl:transform, got root-tag.
  FAIL include-0104: Result mismatch
    Expected: <from-xinc20b><from-xinc20a/></from-xinc20b>
    Got:      <from-xinc20b />
  PASS include-0105
  FAIL include-0201: Result mismatch
    Expected: <out>This text should be output</out>
    Got:      <out />
  FAIL include-0202: Result mismatch
    Expected: <out><in magic="81"/></out>
    Got:      <out />
  FAIL include-0301: Result mismatch
    Expected: <bat><baz id="1"><foo/></baz><baz id="2"><foo/></baz><baz id="3"><foo/></baz></bat>
    Got:      <bat><baz id="1" /><baz id="2" /><baz id="3" /></bat>
  PASS include-0401
  PASS include-0501
  FAIL include-0601: Result mismatch
    Expected: <html><head><title>Greeting</title></head><body><p>Words of greeting:<br/><b><i><u>!Hello world.!</u></i></b></p></body></html>
    Got:      <html><head><title>Greeting</title></head><body><p>Words of greeting:<br /><b><i><u>!!</u></i></b></p></body></html>
  FAIL include-0701: Result mismatch
    Expected: <?xml version="1.0" encoding="UTF-8"?><out>

  C-title:,
  E-title:,

  B-author:  
  Joe Jones,

  D-overview: 
  testing-include

  C-chapters:
  
1 .  
  know xsl
2 .  
  love xsl

</out>
    Got:      <out>

  C-title:,

  B-author:  
  ,

  D-overview: 
  testing-include

  C-chapters:
  
</out>
  FAIL include-0702a: Result mismatch
    Expected: <?xml version="1.0" encoding="UTF-8"?><out>

  C-title:,
  E-title:,

  B-author:  
  Joe Jones,

  D-overview: 
  testing-include

  C-chapters:
  
1 .  
  know xsl
2 .  
  love xsl

</out>
    Got:      <out>

  C-title:,

  B-author:  
  ,

  D-overview: 
  testing-include

  C-chapters:
  
</out>
  FAIL include-0702b: Result mismatch
    Expected: error XTRE0540
    Got:      <out>

  C-title:,

  B-author:  
  ,

  D-overview: 
  testing-include

  C-chapters:
  
</out>
  FAIL include-0702c: Result mismatch
    Expected: <?xml version="1.0" encoding="UTF-8"?><out>

  C-title:,
  E-title:,

  B-author:  
  Joe Jones,

  D-overview: 
  testing-include

  C-chapters:
  
1 .  
  know xsl
2 .  
  love xsl

</out>
    Got:      <out>

  C-title:,

  B-author:  
  ,

  D-overview: 
  testing-include

  C-chapters:
  
</out>
  FAIL include-0801: Result mismatch
    Expected: <?xml version="1.0" encoding="UTF-8"?><out>

  Import01-title,
  C-title:,
  E-title:,

  B-author:  
  Joe Jones,

  D-overview: 
  testing-import

  C-chapters:
  

  E-chapter: 
  1.know xsl

  E-chapter: 
  2.love xsl

</out>
    Got:      <out>

  Import01-title,

  B-author:  
  ,

  D-overview: 
  testing-import

  C-chapters:
  
</out>
  Done: include (16 tests, 3 passed, 12 failed, 1 skipped)
  Starting: namespace-alias ...
  FAIL namespace-alias-0901: Result mismatch
    Expected: error XTSE0010
    Got:      
  FAIL namespace-alias-0902: Result mismatch
    Expected: <result xmlns:xsl="http://www.w3.org/1999/XSL/Transform"><xsl:attribute/></result>
    Got:      <result><X:attribute xmlns:X="XSL" /></result>
  FAIL namespace-alias-0903: Result mismatch
    Expected: <out><bar:one xmlns:bar="http://bar1"/><bar:two xmlns:bar="http://bar2"/><bar:three xmlns:bar="http://bar3"/></out>
    Got:      <out><one xmlns="http://foo1/" /><two xmlns="http://foo2/" /><three xmlns="http://foo3/" /></out>
  FAIL namespace-alias-1001: Result mismatch
    Expected: <html xmlns:xsl="http://www.w3.org/1999/XSL/Transform" xsl:version="2.0"/>
    Got:      <html p1:version="2.0" xmlns:p1="http://output.ns/" />
  FAIL namespace-alias-1002: Result mismatch
    Expected: <html xmlns:xsl="http://www.w3.org/1999/XSL/Transform" xsl:version="2.0"/>
    Got:      <html p1:version="2.0" xmlns:p1="http://output.ns/" />
  FAIL namespace-alias-1003: Result mismatch
    Expected: <out><A:v xmlns:A="http://A.com/"/><B:w xmlns:B="http://B.com/"
            /><C:x xmlns:C="http://C.com/"/><D:y xmlns:D="http://D.com/"/><E:z xmlns:E="http://E.com/"/></out>
    Got:      <out><v xmlns="http://a.com/" /><w xmlns="http://b.com/" /><x xmlns="http://c.com/" /><y xmlns="http://d.com/" /><z xmlns="http://e.com/" /></out>
  FAIL namespace-alias-1004: Result mismatch
    Expected: <out><A:v xmlns:A="http://A.com/"/><B:w xmlns:B="http://A.com/"
            /><C:x xmlns:C="http://A.com/"/><D:y xmlns:D="http://A.com/"/><E:z xmlns:E="http://A.com/"/></out>
    Got:      <out><v xmlns="http://a.com/" /><w xmlns="http://b.com/" /><x xmlns="http://c.com/" /><y xmlns="http://d.com/" /><z xmlns="http://e.com/" /></out>
  FAIL namespace-alias-1005: Result mismatch
    Expected: <out><A:v xmlns:A="http://A.com/"/><A:w xmlns:A="http://A.com/"
            /><A:x xmlns:A="http://A.com/"/><A:y xmlns:A="http://A.com/"/><A:z xmlns:A="http://A.com/"/></out>
    Got:      <out><v xmlns="http://a.com/" /><w xmlns="http://b.com/" /><x xmlns="http://c.com/" /><y xmlns="http://d.com/" /><z xmlns="http://e.com/" /></out>
  FAIL namespace-alias-1006: Result mismatch
    Expected: <out><b:v xmlns:b="http://b.com/"/><c:w xmlns:c="http://c.com/"
            /><d:x xmlns:d="http://d.com/"/><e:y xmlns:e="http://e.com/"/><a:z xmlns:a="http://a.com/"/></out>
    Got:      <out><v xmlns="http://a.com/" /><w xmlns="http://b.com/" /><x xmlns="http://c.com/" /><y xmlns="http://d.com/" /><z xmlns="http://e.com/" /></out>
  FAIL namespace-alias-1901: Result mismatch
    Expected: <?xml version="1.0" encoding="UTF-8"?>
<xsl:stylesheet xmlns:xsl="http://www.w3.org/1999/XSL/Transform" version="1.0"><xsl:template name="x"><xsl:apply-templates/></xsl:template></xsl:stylesheet>
    Got:      <stylesheet version="1.0"><template name="x"><apply-templates /></template></stylesheet>
  FAIL namespace-alias-1902: Result mismatch
    Expected: <?xml version="1.0" encoding="UTF-8"?>
<stylesheet xmlns:xsl="http://www.w3.org/1999/XSL/Transform" xmlns="http://www.w3.org/1999/XSL/Transform" version="1.0"><template name="x"><apply-templates/></template></stylesheet>
    Got:      <x:stylesheet xmlns:x="http://temp/" version="1.0"><x:template xmlns:x="http://temp/" name="x"><x:apply-templates xmlns:x="http://temp/" /></x:template></x:stylesheet>
  PASS namespace-alias-1903
  FAIL namespace-alias-1904: Result mismatch
    Expected: <xsl:stylesheet xmlns:xsl="http://www.w3.org/1999/XSL/Transform" proc="bah">boo</xsl:stylesheet>
    Got:      <stylesheet proc="bah">boo</stylesheet>
  FAIL namespace-alias-1905: Result mismatch
    Expected: <doc xml:space="preserve">text</doc>
    Got:      <doc p1:space="preserve" xmlns:p1="http://alias/">text</doc>
  FAIL namespace-alias-1906: Result mismatch
    Expected: error XTSE0010
    Got:      
  FAIL namespace-alias-1907: Result mismatch
    Expected: error XTSE0010
    Got:      
  FAIL namespace-alias-1908: Result mismatch
    Expected: <foo bar="baz"/>
    Got:      <a:foo xmlns:a="http://a/com/" a:bar="baz" />
  FAIL namespace-alias-1909: Result mismatch
    Expected: (complex assertion)
    Got:      <a:foo xmlns:a="http://a/com/" a:bar="baz" bar="zoo" />
  FAIL namespace-alias-1910: Result mismatch
    Expected: <b:foo xmlns:b="http://b/com/" xmlns:a="http://a/com/" b:bar="baz" a:bar="zoo"/>
    Got:      <a:foo xmlns:a="http://a/com/" a:bar="baz" p1:bar="zoo" xmlns:p1="http://b/com/" />
  FAIL namespace-alias-2613: Result mismatch
    Expected: <name xml:space="preserve"><first>James</first> <last>Clark</last></name>
    Got:      <name p1:space="preserve" xmlns:p1="http://www.example.com/alias-xml"><first>James</first> <last>Clark</last></name>
  FAIL namespace-alias-2620: Result mismatch
    Expected: <y:transform xmlns:y="http://www.example.org/My/Transform/Language"/>
    Got:      <x:transform xmlns:x="http://www.example.org/alias" />
  FAIL namespace-alias-3602: Result mismatch
    Expected: <xsl:stylesheet xmlns:ped="http://www.ped.com/" 
            xmlns:xsl="http://www.w3.org/1999/XSL/Transform"
            xmlns:lotus="http://www.lotus.com"
            version="1.0"><xsl:template match="/"><out>Yeee ha</out></xsl:template></xsl:stylesheet>
    Got:      <bogus:stylesheet xmlns:bogus="http://www.bogus_ns.com" version="1.0"><bogus:template xmlns:bogus="http://www.bogus_ns.com" match="/"><out>Yeee ha</out></bogus:template></bogus:stylesheet>
  FAIL namespace-alias-4201: Result mismatch
    Expected: <?xml version="1.0" encoding="UTF-8"?><xsl:stylesheet xmlns:xsl="http://www.w3.org/1999/XSL/Transform" version="1.0">
  <xsl:template match="foo"><xsl:text>Recognized foo</xsl:text></xsl:template>
  <xsl:template match="bar"><xsl:text>Recognized bar</xsl:text></xsl:template>
</xsl:stylesheet>
    Got:      <ixsl:stylesheet xmlns:ixsl="http://www.w3.org/1999/XSL/TransformAlias" version="1.0">
  <ixsl:template xmlns:ixsl="http://www.w3.org/1999/XSL/TransformAlias" match="foo"><ixsl:text xmlns:ixsl="http://www.w3.org/1999/XSL/TransformAlias">Recognized foo</ixsl:text></ixsl:template>
  <ixsl:template xmlns:ixsl="http://www.w3.org/1999/XSL/TransformAlias" match="bar"><ixsl:text xmlns:ixsl="http://www.w3.org/1999/XSL/TransformAlias">Recognized bar</ixsl:text></ixsl:template>
</ixsl:stylesheet>
  FAIL namespace-alias-4701: Result mismatch
    Expected: <?xml version="1.0" encoding="UTF-8"?><xsl:stylesheet xmlns:xsl="http://www.w3.org/1999/XSL/Transform" version="1.0">
<xsl:template match="h1"><xsl:apply-templates/></xsl:template>
</xsl:stylesheet>
    Got:      <axsl:stylesheet xmlns:axsl="http://www.w3.org/1999/XSL/TransAlias" version="1.0">
<axsl:template xmlns:axsl="http://www.w3.org/1999/XSL/TransAlias" match="h1"><axsl:apply-templates xmlns:axsl="http://www.w3.org/1999/XSL/TransAlias" /></axsl:template>
</axsl:stylesheet>
  FAIL namespace-alias-4702: Result mismatch
    Expected: <?xml version="1.0" encoding="UTF-8"?><axsl:stylesheet xmlns:axsl="http://www.w3.org/1999/XSL/TransAlias" version="1.0">
<xsl:template xmlns:xsl="http://www.w3.org/1999/XSL/Transform" match="h1"><xsl:apply-templates/></xsl:template>
</axsl:stylesheet>
    Got:      <stylesheet version="1.0" xmlns="http://www.w3.org/1999/XSL/TransAlias">
<axsl:template xmlns:axsl="http://www.w3.org/1999/XSL/TransAlias" match="h1"><axsl:apply-templates xmlns:axsl="http://www.w3.org/1999/XSL/TransAlias" /></axsl:template>
</stylesheet>
  FAIL namespace-alias-5801: Result mismatch
    Expected: <xsl:template xmlns:xsl="http://www.w3.org/1999/XSL/Transform" match="/"/>
    Got:      <axsl:template xmlns:axsl="http://www.w3.org/1999/XSL/TransformAlias" match="/" />
  Done: namespace-alias (26 tests, 1 passed, 25 failed, 0 skipped)
  SKIP output: Requires unsupported feature 'serialization' (232 tests)
  Starting: override ...
  FAIL override-t-010: Result mismatch
    Expected: error XTSE3060
    Got:      
  Done: override (103 tests, 0 passed, 1 failed, 102 skipped)
  Starting: package ...
  FAIL package-015: No matching template found for node 'doc' in mode ''.
  FAIL package-019: XPST0017: Function {urn:use-me}function1#0 not found.
  FAIL package-020: XPST0017: Function {urn:use-me}function1#0 not found.
  FAIL package-021: XPST0017: Function {urn:use-me}function1#0 not found.
  FAIL package-022: XPST0017: Function {urn:use-me}function1#0 not found.
  FAIL package-100: XPST0017: Function {http://example.com/csv}parse#1 not found.
  FAIL package-101: XPST0017: Function {http://example.com/csv}parse#1 not found.
  FAIL package-913: Result mismatch
    Expected: error XTSE3008
    Got:      test
  FAIL package-913a: Result mismatch
    Expected: error XTSE3008
    Got:      test
  FAIL package-913b: Result mismatch
    Expected: error XTSE3008
    Got:      test
  Done: package (72 tests, 5 passed, 10 failed, 57 skipped)
  Starting: param ...
  FAIL param-0101: Variable $z is not defined.
  PASS param-0102
  PASS param-0103
  FAIL param-0104: Result mismatch
    Expected: <out>25</out>
    Got:      <out>NaN</out>
  PASS param-0105
  PASS param-0106
  FAIL param-0107: Result mismatch
    Expected: <out><p1><a1>a</a1><b1>b</b1><c1>bc</c1><d1>bc,x,y,z</d1></p1
            ><e1>a</e1><p2><a2>g</a2><b2>b</b2><c2>bc</c2><d2>bc,x,y,z</d2></p2><e2>g</e2></out>
    Got:      <out><p1><a1>a</a1><b1>b</b1><c1>bc</c1><d1>bc,x,y,z</d1></p1><e1>bc x y z</e1><p2><a2>g</a2><b2>b</b2><c2>bc</c2><d2>bc,x,y,z</d2></p2><e2>bc x y z</e2></out>
  PASS param-0108
  FAIL param-0109: Result mismatch
    Expected: error XTSE0010
    Got:      <out> Obvious mistake. </out>
  FAIL param-0110: Result mismatch
    Expected: error XTSE0090
    Got:      <out>xyz</out>
  FAIL param-0111: Result mismatch
    Expected: error XTSE0010
    Got:      <out> par1= defaultValue</out>
  FAIL param-0112: Result mismatch
    Expected: error XTDE0050
    Got:      <out>
	par1= </out>
  FAIL param-0113: Result mismatch
    Expected: error XTSE0010
    Got:      <out> Parameter Value: </out>
  FAIL param-0114: Result mismatch
    Expected: error XTSE0090
    Got:      <year />
  FAIL param-0115: Result mismatch
    Expected: error XTSE0090
    Got:      <year />
  FAIL param-0116: Result mismatch
    Expected: (complex assertion)
    Got:      
  PASS param-0117
  PASS param-0118
  FAIL param-0119: Result mismatch
    Expected: error XTSE0020
    Got:      <out>Required parameter;Not required parameter</out>
  FAIL param-0120: Variable $z is not defined.
  FAIL param-0201: Result mismatch
    Expected: <out>1 2 3</out>
    Got:      <out></out>
  FAIL param-0301: Variable $x is not defined.
  PASS param-0401
  FAIL param-0402: Result mismatch
    Expected: <out><var>Variable Value: Poor default</var><par>Parameter Value: Assigned Value</par></out>
    Got:      <out />
  FAIL param-0403: Result mismatch
    Expected: <out><var>Variable Value: Poor default</var><par>Parameter Value: Assigned Value</par></out>
    Got:      <out />
  PASS param-0501
  FAIL param-0601: Result mismatch
    Expected: <out>abc</out>
    Got:      <out>123</out>
  FAIL param-0602: Result mismatch
    Expected: <out>abc</out>
    Got:      <out />
  FAIL param-0701: Result mismatch
    Expected: error XTSE0090
    Got:      
  PASS param-0702
  FAIL param-0703: Result mismatch
    Expected: error XTSE0090
    Got:      
  Done: param (31 tests, 10 passed, 21 failed, 0 skipped)
  Starting: strip-space ...
  PASS strip-space-001
  FAIL strip-space-002: Result mismatch
    Expected: error XTSE0280
    Got:      <TEST />
  PASS strip-space-003
  FAIL strip-space-004: Result mismatch
    Expected: (complex assertion)
    Got:      <out>
<b>
   		elem1
   		
</b>
<b>   elem2   </b>
<b>
   elem3</b>
<b>elem4			</b>
<b>
   	elem5
</b>
<b> elem6 </b>
</out>
  FAIL strip-space-005: Result mismatch
    Expected: (complex assertion)
    Got:      <out>
<b>
   		el1
   		
</b>
<b>   elem2   </b>
<c>
   elem3</c>
<c>elem4			</c>
<b>
   	item5
</b>
<c> elem6 </c>
</out>
  FAIL strip-space-006: Result mismatch
    Expected: <out>
<b>el1</b>
<b>elem2</b>
<c>
   elem3</c>
<c>elem4			</c>
<b>item5</b>
<c> elem6 </c>
</out>
    Got:      <out>
<b>
   		el1
   		
</b>
<b>   elem2   </b>
<c>
   elem3</c>
<c>elem4			</c>
<b>
   	item5
</b>
<c> elem6 </c>
</out>
  PASS strip-space-010
  PASS strip-space-011
  PASS strip-space-012
  PASS strip-space-013
  PASS strip-space-014
  FAIL strip-space-015: Result mismatch
    Expected: <out xmlns:ns1="http://ns1/">ab
       c
       d
  </out>
    Got:      <out>abcd</out>
  FAIL strip-space-016: Result mismatch
    Expected: <out xmlns:ns1="http://ns1/">ab
       c
       d
  </out>
    Got:      <out>abcd</out>
  PASS strip-space-017
  PASS strip-space-018
  PASS strip-space-019
  FAIL strip-space-019a: Result mismatch
    Expected: error XTSE0270
    Got:      <doc><a /><b> </b><c /></doc>
  PASS strip-space-020
  PASS strip-space-021
  FAIL strip-space-022: Result mismatch
    Expected: (complex assertion)
    Got:      <a xml:space="preserve">
  <b xml:space="default" />
  <c />
  <d xml:space="preserve">  </d>
  <e xml:space="default"><f xml:space="preserve">  </f></e>
</a>
  FAIL strip-space-023: Result mismatch
    Expected: error XPDY0002
    Got:      <a><b /><c /></a>
  PASS strip-space-024
  FAIL strip-space-025: Result mismatch
    Expected: <out>ab
       c
       d
  </out>
    Got:      <out>
       a
       b
  
       c
       d
  </out>
  PASS strip-space-026
  PASS strip-space-027
  FAIL strip-space-028: Result mismatch
    Expected: error XTSE0270
    Got:      <doc><a /><b /><c> </c></doc>
  FAIL strip-space-029: Result mismatch
    Expected: (complex assertion)
    Got:      <out>&lt;xsl:template name="data" xmlns:xsl="http://www.w3.org/1999/XSL/Transform"&gt;&lt;e&gt;&lt;xsl:attribute name="x"&gt;&lt;xsl:text&gt;  &lt;/xsl:text&gt;&lt;/xsl:attribute&gt;&lt;/e&gt;&lt;/xsl:template&gt;</out>
  Done: strip-space (30 tests, 15 passed, 12 failed, 3 skipped)
  Starting: template ...
  PASS template-001
  PASS template-002
  FAIL template-003: Result mismatch
    Expected: <out>
  This is the child number 1.
</out>
    Got:      This test failed to execute properly.
  PASS template-004
  PASS template-005
  PASS template-006
  Done: template (6 tests, 5 passed, 1 failed, 0 skipped)
  Starting: use-package ...
  FAIL use-package-160: Named template 'oupdtg:log' not found.
  FAIL use-package-161: Result mismatch
    Expected: <output><log>Oxford</log><city>Oxford</city></output>
    Got:      
  FAIL use-package-170: Expected xsl:stylesheet or xsl:transform, got {http://www.w3.org/1999/XSL/Transform}package.
  FAIL use-package-171: Expected xsl:stylesheet or xsl:transform, got {http://www.w3.org/1999/XSL/Transform}package.
  FAIL use-package-172: Expected xsl:stylesheet or xsl:transform, got {http://www.w3.org/1999/XSL/Transform}package.
  FAIL use-package-173: Expected xsl:stylesheet or xsl:transform, got {http://www.w3.org/1999/XSL/Transform}package.
  FAIL use-package-174: XPST0017: Function {http://www.ctk.cz/B/}fB#0 not found.
  Done: use-package (54 tests, 0 passed, 7 failed, 47 skipped)
  Starting: variable ...
  PASS variable-0101
  PASS variable-0102
  PASS variable-0103
  FAIL variable-0104: Result mismatch
    Expected: <out xmlns:xs="http://www.w3.org/2001/XMLSchema" x="55" z="22" is-integer="true"/>
    Got:      <out x="55" z="22" is-integer="false" />
  FAIL variable-0105: Result mismatch
    Expected: <out test="true"/>
    Got:      <out test="false" />
  PASS variable-0106
  PASS variable-0108
  PASS variable-0109
  PASS variable-0110
  FAIL variable-0111: Result mismatch
    Expected: error XTSE0580
    Got:      <out result="3" />
  FAIL variable-0112: Result mismatch
    Expected: error XTDE0050
    Got:      <out result="" />
  FAIL variable-0113: Result mismatch
    Expected: error XTTE0570
    Got:      <out value="true" />
  FAIL variable-0114: Result mismatch
    Expected: error XTTE0590
    Got:      false
  FAIL variable-0115: Result mismatch
    Expected: error XTTE0570
    Got:      <out att="" />
  FAIL variable-0116: Result mismatch
    Expected: error XTTE0570
    Got:      <out att="" />
  FAIL variable-0117: Result mismatch
    Expected: error XTTE0570
    Got:      <out att=" " />
  FAIL variable-0118: Result mismatch
    Expected: error XPST0008
    Got:      <out att="2" />
  FAIL variable-0119: Variable $Q{v is not defined.
  FAIL variable-0121: Result mismatch
    Expected: (complex assertion)
    Got:      <out></out>
  PASS variable-0122
  PASS variable-0123
  PASS variable-0201
  PASS variable-0202
  PASS variable-0203
  PASS variable-0204
  FAIL variable-0205: Result mismatch
    Expected: error XTDE0700
    Got:      <out><b><d t4="" t2="28" t3="38" /></b><old>18</old></out>
  FAIL variable-0206: Result mismatch
    Expected: error XTTE0590
    Got:      <out><b><d t1="17" t2="28" t3="38" /></b><old>18</old></out>
  PASS variable-0301
  PASS variable-0302
  PASS variable-0303
  FAIL variable-0401: Result mismatch
    Expected: <out xmlns:xs="http://www.w3.org/2001/XMLSchema"><v2><x>42</x></v2><v1><x>42</x></v1></out>
    Got:      <out><v2><x>0</x></v2><v1><x>0</x></v1></out>
  PASS variable-0501
  PASS variable-0601
  PASS variable-0701
  PASS variable-0801
  FAIL variable-0802: Result mismatch
    Expected: <out>test, Default text in pvar2</out>
    Got:      <out>test, </out>
  PASS variable-0901
  FAIL variable-1001: Result mismatch
    Expected: <out>true</out>
    Got:      <out>false</out>
  PASS variable-1002
  PASS variable-1003
  PASS variable-1004
  FAIL variable-1005: Variable $me is not defined.
  FAIL variable-1006: Result mismatch
    Expected: <out>true</out>
    Got:      <out>false</out>
  PASS variable-1007
  PASS variable-1008
  PASS variable-1009
  FAIL variable-1010: Variable $bear is not defined.
  PASS variable-1011
  FAIL variable-1012: Variable $me is not defined.
  PASS variable-1101
  PASS variable-1102
  PASS variable-1103
  PASS variable-1201
  PASS variable-1301
  PASS variable-1401
  PASS variable-1402
  PASS variable-1501
  FAIL variable-1601: Result mismatch
    Expected: <out><foo>defaultVal</foo></out>
    Got:      <out><foo></foo></out>
  PASS variable-1701
  PASS variable-1702
  PASS variable-1801
  PASS variable-1901
  PASS variable-1902
  PASS variable-1903
  PASS variable-1904
  PASS variable-1905
  PASS variable-2001
  PASS variable-2101
  PASS variable-2201
  FAIL variable-2202: Result mismatch
    Expected: error XTSE0680
    Got:      <out>It is global!</out>
  PASS variable-2301
  PASS variable-2302
  PASS variable-2303
  PASS variable-2304
  PASS variable-2305
  FAIL variable-2401: Variable $a is not defined.
  PASS variable-2501
  PASS variable-2601
  PASS variable-2701
  PASS variable-2801
  PASS variable-2901
  PASS variable-3001
  PASS variable-3101
  FAIL variable-3201: Result mismatch
    Expected: <?xml version="1.0" encoding="UTF-8"?><doc Value="top, id=id0">
  <a Value="top, id=id1">
    *id1*
    <a Value="top, id=id2">*id2*
      <a Value="top, id=id3">*id3*<from>top, id2</from></a>
      <b Value="top, id=id4">*id4*<from>top, id2</from></b>
      <c Value="top, id=id5">*id5*<from>top, id2</from></c>
    <from>top, id1</from></a>
    <b Value="top, id=id6">*id6*<from>top, id1</from></b>
    <c Value="top, id=id7">*id7*<from>top, id1</from></c>
  <from>top, id0</from></a>
  <b Value="top, id=id8">
    *id8*
    <a Value="top, id=id9">*id9*<from>top, id8</from></a>
    <b Value="top, id=id10">*id10*
      <a Value="top, id=id11">*id11*<from>top, id10</from></a>
      <b Value="top, id=id12">*id12*<from>top, id10</from></b>
      <c Value="top, id=id13">*id13*<from>top, id10</from></c>
    <from>top, id8</from></b>
    <c Value="top, id=id14">*id14*<from>top, id8</from></c>
  <from>top, id0</from></b>
  <c Value="top, id=id15">
    *id15*
    <a Value="top, id=id16">*id16*<from>top, id15</from></a>
    <b Value="top, id=id17">*id17*<from>top, id15</from></b>
    <c Value="top, id=id18">*id18*
      <a Value="top, id=id19">*id19*<from>top, id18</from></a>
    <from>top, id15</from></c>
  <from>top, id0</from></c>
<from>top, root</from></doc>
    Got:      <doc id="id0" Value="top, id=id0">
  <a id="id1" Value="top, id=id1">
    *id1*
    <a id="id2" Value="top, id=id2">*id2*
      <a id="id3" Value="top, id=id3">*id3*<from>top, id2</from></a>
      <b id="id4" Value="top, id=id4">*id4*<from>top, id2</from></b>
      <c id="id5" Value="top, id=id5">*id5*<from>top, id2</from></c>
    <from>top, id1</from></a>
    <b id="id6" Value="top, id=id6">*id6*<from>top, id1</from></b>
    <c id="id7" Value="top, id=id7">*id7*<from>top, id1</from></c>
  <from>top, id0</from></a>
  <b id="id8" Value="top, id=id8">
    *id8*
    <a id="id9" Value="top, id=id9">*id9*<from>top, id8</from></a>
    <b id="id10" Value="top, id=id10">*id10*
      <a id="id11" Value="top, id=id11">*id11*<from>top, id10</from></a>
      <b id="id12" Value="top, id=id12">*id12*<from>top, id10</from></b>
      <c id="id13" Value="top, id=id13">*id13*<from>top, id10</from></c>
    <from>top, id8</from></b>
    <c id="id14" Value="top, id=id14">*id14*<from>top, id8</from></c>
  <from>top, id0</from></b>
  <c id="id15" Value="top, id=id15">
    *id15*
    <a id="id16" Value="top, id=id16">*id16*<from>top, id15</from></a>
    <b id="id17" Value="top, id=id17">*id17*<from>top, id15</from></b>
    <c id="id18" Value="top, id=id18">*id18*
      <a id="id19" Value="top, id=id19">*id19*<from>top, id18</from></a>
    <from>top, id15</from></c>
  <from>top, id0</from></c>
<from>top, root</from></doc>
  PASS variable-3301
  PASS variable-3401
  PASS variable-3501
  PASS variable-3601
  PASS variable-3701
  PASS variable-3801
  PASS variable-3802
  PASS variable-3901
  PASS variable-4001
  PASS variable-4101
  FAIL variable-4201: Result mismatch
    Expected: <?xml version="1.0" encoding="UTF-8"?><out>
<list from="2nd" proportion="531/920">62,440,29,</list>
<list from="3rd" proportion="172/920">16,45,78,33,</list>
<list from="1st" proportion="217/920">35,44,12,98,28,</list></out>
    Got:      <out>
<list from="2nd" proportion="531/92">62,440,29,</list>
<list from="3rd" proportion="172/92">16,45,78,33,</list>
<list from="1st" proportion="217/92">35,44,12,98,28,</list></out>
  PASS variable-4301
  PASS variable-4401
  PASS variable-4402
  PASS variable-4403
  PASS variable-4501
  FAIL variable-4601: Result mismatch
    Expected: <out>NotSet: equals empty
String: not empty
nString: equals empty
Node: not empty
nNode: neither</out>
    Got:      <out>NotSet: neither
String: not empty
nString: equals empty
Node: not empty
nNode: neither</out>
  FAIL variable-4602: Result mismatch
    Expected: <out>NotSet: equals empty
String: not empty
nString: equals empty
Node: not empty
nNode: neither</out>
    Got:      <out>NotSet: neither
String: not empty
nString: equals empty
Node: not empty
nNode: neither</out>
  PASS variable-4701
  FAIL variable-4702: Variable $Q{}foo is not defined.
  PASS variable-4801
  PASS variable-4802
  Done: variable (108 tests, 78 passed, 29 failed, 1 skipped)
  Starting: axes ...
  PASS axes-001
  PASS axes-002
  PASS axes-003
  PASS axes-004
  PASS axes-005
  PASS axes-006
  PASS axes-007
  PASS axes-008
  PASS axes-009
  PASS axes-010
  PASS axes-011
  PASS axes-012
  PASS axes-013
  PASS axes-014
  PASS axes-015
  PASS axes-016
  PASS axes-017
  PASS axes-018
  PASS axes-019
  PASS axes-020
  PASS axes-021
  PASS axes-022
  PASS axes-023
  PASS axes-024
  PASS axes-025
  PASS axes-026
  PASS axes-027
  PASS axes-028
  PASS axes-029
  PASS axes-030
  PASS axes-031
  PASS axes-032
  PASS axes-033
  PASS axes-034
  PASS axes-035
  PASS axes-036
  PASS axes-037
  PASS axes-038
  PASS axes-039
  PASS axes-040
  PASS axes-041
  PASS axes-042
  PASS axes-043
  PASS axes-044
  PASS axes-045
  PASS axes-046
  PASS axes-047
  PASS axes-048
  PASS axes-049
  PASS axes-050
  PASS axes-051
  FAIL axes-053: Result mismatch
    Expected: <out count="38"/>
    Got:      <out count="33" />
  PASS axes-054
  PASS axes-055
  PASS axes-056
  PASS axes-059
  PASS axes-060
  PASS axes-061
  FAIL axes-062: Result mismatch
    Expected: <out><ordered>far-north north near-north </ordered><unordered>   northfar-northnear-north</unordered></out>
    Got:      <out><ordered>far-north north near-north </ordered><unordered /></out>
  PASS axes-063
  PASS axes-064
  PASS axes-065
  FAIL axes-066: Result mismatch
    Expected: (complex assertion)
    Got:      <out><v>element: a; preceding: 0</v><v>element: b; preceding: 2</v><v>element: c; preceding: 4</v><v>element: x; preceding: 0</v><v>element: x; preceding: 2</v><v>element: x; preceding: 4</v></out>
  PASS axes-067
  FAIL axes-068: Result mismatch
    Expected: <out/>
    Got:      <out>
            near-south-west
		      Level-5
		   
            near-south
            near-south-east
        </out>
  PASS axes-069
  FAIL axes-070: Result mismatch
    Expected: <out> north-north-west1 north-north-west2 far-west west near-west</out>
    Got:      <out> north-north-west1 north-north-west2 far-west west near-west near-south-west near-south south far-south near-south-east</out>
  FAIL axes-071: Result mismatch
    Expected: <out>  Comment-2   Comment-3   Comment-4 </out>
    Got:      <out>  Comment-2   Comment-3   Comment-4  Comment-5 Comment-6</out>
  FAIL axes-072: Result mismatch
    Expected: <out> #text #text #text #text #text #text #text #text #text #text #text #text #text #text</out>
    Got:      <out> #text #text #text #text #text #text #text #text #text #text #text #text #text #text #text #text #text #text #text #text #text #text #text #text #text #text</out>
  FAIL axes-073: Result mismatch
    Expected: <out> pi-2 pi-3 pi-4</out>
    Got:      <out> pi-2 pi-3 pi-4 pi-5 pi-6</out>
  FAIL axes-074: Result mismatch
    Expected: <out> Comment-5 Comment-6</out>
    Got:      <out />
  FAIL axes-075: Result mismatch
    Expected: <out> pi-5 pi-6</out>
    Got:      <out />
  PASS axes-076
  PASS axes-077
  PASS axes-078
  PASS axes-079
  PASS axes-080
  PASS axes-081
  PASS axes-082
  FAIL axes-083: Result mismatch
    Expected: <out>##north-north-west1##north-north-west2####a-pi#####a-pi###far-west##west##near-west####a-pi#</out>
    Got:      <out>##north-north-west1##north-north-west2####a-pi#####a-pi###far-west##west##near-west####a-pi###near-south-west####a-pi##near-south####a-pi##south##far-south####near-south-east#</out>
  FAIL axes-084: Result mismatch
    Expected: <?xml version="1.0" encoding="UTF-8"?><out>##near-south-west####a-pi##near-south####a-pi##south##far-south####near-south-east###near-east##east##far-east####north-north-east1##north-north-east2#</out>
    Got:      <out>##near-east##east##far-east####north-north-east1##north-north-east2#</out>
  FAIL axes-085: Result mismatch
    Expected: <out> d1 d2 c2 b2</out>
    Got:      <out> c2 b2</out>
  FAIL axes-086: Result mismatch
    Expected: <out> #text #text #text #text #text #text #text #text #text #text #text #text #text #text #text #text #text #text #text #text</out>
    Got:      <out> #text #text #text #text #text #text #text #text</out>
  PASS axes-087
  PASS axes-088
  PASS axes-089
  FAIL axes-090: Result mismatch
    Expected: <?xml version="1.0" encoding="UTF-8"?>
<out>
  
DS   1. AC: north
DS   2. AD: near-north
DS   3. BC: north
DS   4. BD: near-north
NDS  5. CC: north
NDS  6. CD: near-north
NDS  7. CE: near-north
NDS  8. DC: near-north
NDS  9. DD: far-west

NDS 10. ACC: north
NDS 11. ACE: near-north
NDS 12. ADC: near-north
NDS 13. BCC: north
NDS 14. BCE: near-north
NDS 15. BDC: far-west
NDS 16. BDE: far-west
NDS 17. CCC: north
NDS 18. CCE: near-north
NDS 19. CDC: near-north
NDS 20. CDE: far-west
NDS 21. CEC: near-north
NDS 22. CEE: far-west
NDS 23. DCC: near-north
NDS 24. DCE: far-west
NDS 25. DDC: far-west

DS  26. CC: north
DS  27. CD: near-north
DS  28. CE: near-north
DS  29. DC: near-north
DS  30. DD: far-west

DS  31. ACC: north
DS  32. ACE: near-north
DS  33. ADC: near-north
DS  34. BCC: north
DS  35. BCE: near-north
DS  36. BDC: far-west
DS  37. BDE: far-west
DS  38. CCC: north
DS  39. CCE: near-north
DS  40. CDC: near-north
DS  41. CDE: far-west
DS  42. CEC: near-north
DS  43. CEE: far-west
DS  44. DCC: near-north
DS  45. DCE: far-west
DS  46. DDC: far-west</out>
    Got:      <out>
DS   1. AC: north
DS   2. AD: near-north
DS   3. BC: north
DS   4. BD: near-north
NDS  5. CC: north
NDS  6. CD: near-north
NDS  7. CE: near-north
NDS  8. DC: near-north
NDS  9. DD: far-west

NDS 10. ACC: north
NDS 11. ACE: near-north
NDS 12. ADC: near-north
NDS 13. BCC: north
NDS 14. BCE: near-north
NDS 15. BDC: far-west
NDS 16. BDE: far-west
NDS 17. CCC: north
NDS 18. CCE: near-north
NDS 19. CDC: near-north
NDS 20. CDE: far-west
NDS 21. CEC: near-north
NDS 22. CEE: far-west
NDS 23. DCC: near-north
NDS 24. DCE: far-west
NDS 25. DDC: far-west

DS  26. CC: north
DS  27. CD: near-north
DS  28. CE: near-north
DS  29. DC: near-north
DS  30. DD: far-west

DS  31. ACC: north
DS  32. ACE: near-north
DS  33. ADC: near-north
DS  34. BCC: north
DS  35. BCE: near-north
DS  36. BDC: far-west
DS  37. BDE: far-west
DS  38. CCC: north
DS  39. CCE: near-north
DS  40. CDC: near-north
DS  41. CDE: far-west
DS  42. CEC: near-north
DS  43. CEE: far-west
DS  44. DCC: near-north
DS  45. DCE: far-west
DS  46. DDC: far-west</out>
  PASS axes-091
  PASS axes-092
  PASS axes-093
  PASS axes-094
  PASS axes-095
  PASS axes-096
  PASS axes-097
  PASS axes-098
  PASS axes-099
  PASS axes-100
  PASS axes-101
  PASS axes-102
  PASS axes-103
  PASS axes-104
  PASS axes-105
  PASS axes-106
  PASS axes-107
  PASS axes-108
  PASS axes-109
  PASS axes-110
  PASS axes-111
  PASS axes-112
  PASS axes-113
  PASS axes-114
  PASS axes-115
  PASS axes-116
  PASS axes-117
  PASS axes-118
  PASS axes-119
  PASS axes-121
  PASS axes-122
  PASS axes-123
  PASS axes-124
  PASS axes-125
  PASS axes-126
  PASS axes-127
  PASS axes-128
  FAIL axes-130: Result mismatch
    Expected: <out><any-node>true</any-node><any-elem>false</any-elem><any-text>false</any-text><named>false</named></out>
    Got:      <out><any-node>true</any-node><any-elem>false</any-elem><any-text>false</any-text><named>true</named></out>
  PASS axes-131
  PASS axes-133
  PASS axes-134
  PASS axes-135
  PASS axes-136
  PASS axes-137
  PASS axes-138
  PASS axes-139
  PASS axes-140
  PASS axes-141
  PASS axes-142
  PASS axes-143
  PASS axes-144
  PASS axes-145
  PASS axes-146
  PASS axes-147
  PASS axes-148
  PASS axes-149
  PASS axes-150
  PASS axes-151
  PASS axes-152
  PASS axes-153
  PASS axes-154
  PASS axes-155
  PASS axes-156
  PASS axes-157
  PASS axes-158
  PASS axes-159
  PASS axes-160
  PASS axes-161
  PASS axes-162
  PASS axes-163
  PASS axes-165
  PASS axes-167
  PASS axes-168
  PASS axes-169
  PASS axes-171
  PASS axes-172
  PASS axes-173
  PASS axes-174
  PASS axes-175
  PASS axes-176
  PASS axes-177
  PASS axes-178
  PASS axes-179
  PASS axes-180
  PASS axes-181
  PASS axes-182
  PASS axes-183
  PASS axes-184
  PASS axes-185
  PASS axes-186
  PASS axes-187
  PASS axes-188
  PASS axes-189
  FAIL axes-190: Result mismatch
    Expected: <out> near-south-west near-south south far-south near-south-east near-east east far-east north-north-east1 north-north-east2</out>
    Got:      <out> near-east east far-east north-north-east1 north-north-east2</out>
  FAIL axes-191: Result mismatch
    Expected: <out> north-north-west1 north-north-west2 far-west west near-west</out>
    Got:      <out> north-north-west1 north-north-west2 far-west west near-west near-south-west near-south south far-south near-south-east</out>
  PASS axes-192
  PASS axes-193
  PASS axes-194
  FAIL axes-195: Result mismatch
    Expected: <out>1</out>
    Got:      <out>2</out>
  FAIL axes-196: Result mismatch
    Expected: <out><a>A/A_B/A_B_C/A_B_C_D</a><b>A/A_B/A_B_C/A_B_C_D</b></out>
    Got:      <out><a></a><b>A/A_B/A_B_C/A_B_C_D</b></out>
  PASS axes-198
  PASS axes-199
  FAIL axes-200: Result mismatch
    Expected: <z>http://some.com/thing.uri</z>
    Got:      <z></z>
  Done: axes (202 tests, 169 passed, 21 failed, 12 skipped)
  Starting: castable ...
  PASS castable-001
  PASS castable-002
  PASS castable-003
  PASS castable-004
  PASS castable-007
  PASS castable-008
  PASS castable-009
  Done: castable (9 tests, 7 passed, 0 failed, 2 skipped)
  Starting: data-manipulation ...
  PASS data-manipulation-001
  PASS data-manipulation-002
  PASS data-manipulation-003
  PASS data-manipulation-004
  PASS data-manipulation-005
  PASS data-manipulation-006
  PASS data-manipulation-007
  PASS data-manipulation-008
  PASS data-manipulation-009
  PASS data-manipulation-010
  PASS data-manipulation-011
  FAIL data-manipulation-012: XPTY0004
  FAIL data-manipulation-013: XPTY0004
  PASS data-manipulation-014
  PASS data-manipulation-015
  FAIL data-manipulation-016: XPTY0004
  FAIL data-manipulation-017: XPTY0004
  FAIL data-manipulation-018: XPTY0004
  FAIL data-manipulation-019: XPTY0004
  PASS data-manipulation-020
  PASS data-manipulation-021
  PASS data-manipulation-022
  PASS data-manipulation-023
  PASS data-manipulation-024
  PASS data-manipulation-025
  PASS data-manipulation-026
  PASS data-manipulation-027
  PASS data-manipulation-028
  Done: data-manipulation (28 tests, 22 passed, 6 failed, 0 skipped)
  Starting: expression ...
  PASS expression-0101
  PASS expression-0301
  PASS expression-0302
  PASS expression-0303
  PASS expression-0401
  PASS expression-0402
  PASS expression-0403
  PASS expression-0404
  PASS expression-0501
  SKIP expression-0601: Known to exceed stack limit
  PASS expression-0701
  PASS expression-0702
  PASS expression-0801
  PASS expression-0802
  PASS expression-0803
  PASS expression-0804
  PASS expression-0901
  PASS expression-0902
  PASS expression-0903
  PASS expression-0904
  PASS expression-0905
  PASS expression-0906
  PASS expression-0907
  PASS expression-0908
  PASS expression-0909
  PASS expression-0910
  PASS expression-0911
  PASS expression-0912
  PASS expression-0913
  PASS expression-0914
  PASS expression-0915
  PASS expression-0916
  PASS expression-0917
  PASS expression-0918
  PASS expression-0919
  PASS expression-0920
  PASS expression-0921
  PASS expression-0922
  PASS expression-0923
  PASS expression-0924
  PASS expression-0925
  PASS expression-0926
  PASS expression-0927
  PASS expression-0928
  PASS expression-0929
  PASS expression-0930
  PASS expression-1001
  PASS expression-1101
  PASS expression-1102
  PASS expression-1103
  PASS expression-1104
  PASS expression-1201
  PASS expression-1301
  PASS expression-1401
  PASS expression-1501
  PASS expression-1601
  PASS expression-1701
  PASS expression-1702
  PASS expression-1801
  PASS expression-2001
  PASS expression-2201
  PASS expression-2202
  PASS expression-2203
  PASS expression-2301
  PASS expression-2302
  PASS expression-2401
  PASS expression-2402
  PASS expression-2501
  PASS expression-2601
  PASS expression-2701
  PASS expression-2702
  PASS expression-2801
  PASS expression-2901
  PASS expression-3001
  PASS expression-3101
  PASS expression-3201
  PASS expression-3301
  PASS expression-3302
  PASS expression-3401
  PASS expression-3501
  PASS expression-3601
  PASS expression-3701
  PASS expression-3801
  PASS expression-3901
  PASS expression-4001
  PASS expression-4101
  PASS expression-4201
  PASS expression-4202
  PASS expression-4203
  PASS expression-4204
  PASS expression-4205
  PASS expression-4206
  PASS expression-4207
  PASS expression-4208
  PASS expression-4209
  PASS expression-4210
  PASS expression-4301
  PASS expression-4302
  PASS expression-4401
  PASS expression-4402
  Done: expression (105 tests, 102 passed, 0 failed, 3 skipped)
  Starting: for ...
  PASS for-001
  PASS for-002
  FAIL for-003: Cannot convert Undefined to integer
  FAIL for-004: Cannot convert String to integer
  Done: for (4 tests, 2 passed, 2 failed, 0 skipped)
  SKIP higher-order-functions: Requires unsupported feature 'higher_order_functions' (76 tests)
  Starting: math ...
  PASS math-0101
  PASS math-0102
  PASS math-0103
  FAIL math-0104: Result mismatch
    Expected: <out>INF;
    -INF;
    NaN;        
  </out>
    Got:      <out>NaN;
    NaN;
    NaN;        
  </out>
  PASS math-0105
  PASS math-0107
  PASS math-0201
  PASS math-0202
  PASS math-0301
  FAIL math-0401: Result mismatch
    Expected: (complex assertion)
    Got:      <out>1</out>
  PASS math-0501
  PASS math-0601
  PASS math-0701
  PASS math-0801
  PASS math-0901
  PASS math-1001
  PASS math-1002
  PASS math-1003
  PASS math-1004
  PASS math-1005
  PASS math-1101
  PASS math-1201
  PASS math-1301
  PASS math-1401
  PASS math-1501
  PASS math-1502
  PASS math-1503
  PASS math-1504
  PASS math-1505
  PASS math-1506
  PASS math-1507
  PASS math-1508
  FAIL math-1509: Result mismatch
    Expected: (complex assertion)
    Got:      <out>false</out>
  FAIL math-1510: Result mismatch
    Expected: (complex assertion)
    Got:      <out>false</out>
  PASS math-1511
  PASS math-1512
  PASS math-1513
  PASS math-1514
  PASS math-1515
  PASS math-1516
  PASS math-1517
  PASS math-1518
  PASS math-1519
  PASS math-1601
  FAIL math-1701: Result mismatch
    Expected: <?xml version="1.0" encoding="UTF-8"?><out>
	<pos>0</pos><neg>-0</neg>
	<pos>0.4</pos><neg>-0.4</neg>
	<pos>4</pos><neg>-4</neg>
	<pos>0.04</pos><neg>-0.04</neg>
	<pos>0.004</pos><neg>-0.004</neg>
	<pos>0.0004</pos><neg>-0.0004</neg>
	<pos>1.0E-13</pos><neg>-1.0E-13</neg>
	<pos>1.0E-28</pos><neg>-1.0E-28</neg>
	<pos>1.000000000000001E-13</pos><neg>-1.000000000000001E-13</neg>
	<pos>0.0012</pos><neg>-0.0012</neg>
	<pos>0.012</pos><neg>-0.012</neg>
</out>
    Got:      <out>
	<pos>0</pos><neg>-0</neg>
	<pos>0.4</pos><neg>-0.4</neg>
	<pos>4</pos><neg>-4</neg>
	<pos>0.04</pos><neg>-0.04</neg>
	<pos>0.004</pos><neg>-0.004</neg>
	<pos>0.0004</pos><neg>-0.0004</neg>
	<pos>1.0E-13</pos><neg>-1.0E-13</neg>
	<pos>9.9999999999999997E-29</pos><neg>-9.9999999999999997E-29</neg>
	<pos>1.000000000000001E-13</pos><neg>-1.000000000000001E-13</neg>
	<pos>0.0012</pos><neg>-0.0012</neg>
	<pos>0.012</pos><neg>-0.012</neg>
</out>
  FAIL math-1801: Result mismatch
    Expected: <?xml version="1.0" encoding="UTF-8"?><out>
	<pos>20000</pos><neg>-20000</neg>
	<pos>200000</pos><neg>-200000</neg>
	<pos>999999</pos><neg>-999999</neg>
	<pos>1.0E6</pos><neg>-1.0E6</neg>
	<pos>1.000001E6</pos><neg>-1.000001E6</neg>
    <pos>1.234567E6</pos><neg>-1.234567E6</neg>
	<pos>2.0E6</pos><neg>-2.0E6</neg>
	<pos>2.000002E6</pos><neg>-2.000002E6</neg>	
	<pos>2.0E7</pos><neg>-2.0E7</neg>
	<pos>2.0E29</pos><neg>-2.0E29</neg>
	<pos>2.0E78</pos><neg>-2.0E78</neg>
</out>
    Got:      <out>
	<pos>2</pos><neg>-2</neg>
	<pos>2</pos><neg>-2</neg>
	<pos>999999</pos><neg>-999999</neg>
	<pos>1.0E6</pos><neg>-1.0E6</neg>
	<pos>1.000001E6</pos><neg>-1.000001E6</neg>
    <pos>1.234567E6</pos><neg>-1.234567E6</neg>
	<pos>2.0E6</pos><neg>-2.0E6</neg>
	<pos>2.000002E6</pos><neg>-2.000002E6</neg>	
	<pos>2.0E7</pos><neg>-2.0E7</neg>
	<pos>1.9999999999999998E29</pos><neg>-1.9999999999999998E29</neg>
	<pos>2.0E78</pos><neg>-2.0E78</neg>
</out>
  FAIL math-1901: Result mismatch
    Expected: (complex assertion)
    Got:      <out>NaN</out>
  PASS math-1902
  FAIL math-1903: Result mismatch
    Expected: (complex assertion)
    Got:      <out>NaN</out>
  PASS math-1904
  FAIL math-1905: Result mismatch
    Expected: (complex assertion)
    Got:      <out>NaN</out>
  PASS math-1906
  PASS math-1907
  PASS math-1908
  PASS math-1909
  FAIL math-1910: Result mismatch
    Expected: (complex assertion)
    Got:      <out>NaN</out>
  PASS math-1911
  FAIL math-1912: Result mismatch
    Expected: (complex assertion)
    Got:      <out>NaN</out>
  PASS math-1913
  FAIL math-1914: Result mismatch
    Expected: (complex assertion)
    Got:      <out>NaN</out>
  PASS math-1915
  PASS math-1916
  PASS math-1917
  FAIL math-2001: Result mismatch
    Expected: (complex assertion)
    Got:      <out>NaN</out>
  PASS math-2002
  FAIL math-2003: Result mismatch
    Expected: (complex assertion)
    Got:      <out>NaN</out>
  PASS math-2004
  FAIL math-2005: Result mismatch
    Expected: (complex assertion)
    Got:      <out>NaN</out>
  PASS math-2006
  PASS math-2007
  PASS math-2008
  PASS math-2009
  PASS math-2010
  PASS math-2011
  PASS math-2012
  PASS math-2013
  PASS math-2101
  PASS math-2102
  PASS math-2201
  PASS math-2202
  PASS math-2301
  PASS math-2302
  PASS math-2303
  PASS math-2401
  PASS math-2402
  PASS math-2403
  PASS math-2404
  PASS math-2405
  PASS math-2406
  PASS math-2407
  PASS math-2408
  PASS math-2409
  PASS math-2410
  PASS math-2501
  PASS math-2502
  PASS math-2503
  PASS math-2504
  PASS math-2505
  PASS math-2506
  PASS math-2507
  PASS math-2508
  PASS math-2509
  PASS math-2601
  PASS math-2602
  PASS math-2603
  PASS math-2604
  PASS math-2605
  PASS math-2606
  PASS math-2607
  PASS math-2608
  PASS math-2609
  PASS math-2610
  PASS math-2611
  PASS math-2612
  PASS math-2701
  FAIL math-2801: Cannot convert String to integer
  PASS math-2901
  PASS math-3001
  PASS math-3101
  PASS math-3201
  PASS math-3301
  PASS math-3301a
  PASS math-3302
  PASS math-3302a
  FAIL math-3303: Result mismatch
    Expected: (complex assertion)
    Got:      <out><a b="12" c="0" d="-3" /><a b="12" c="0" d="-3" /><a b="1" c="0" d="-0" /><a b="2" c="2" d="2" /><a b="-1" c="-2" d="-2" /><a b="180.02" c="150.01" d="250.02" /><a b="-120.01" c="-150.01" d="-250.02" /></out>
  FAIL math-3303a: Result mismatch
    Expected: (complex assertion)
    Got:      <out><a b="12" c="0" d="-3" /><a b="12" c="0" d="-3" /><a b="1" c="0" d="-0" /><a b="2" c="2" d="2" /><a b="-1" c="-2" d="-2" /><a b="180.02" c="150.01" d="250.02" /><a b="-120.01" c="-150.01" d="-250.02" /></out>
  FAIL math-3304: Result mismatch
    Expected: (complex assertion)
    Got:      <out><a b="12" c="0" d="-3" /><a b="12" c="0" d="-3" /><a b="1" c="0" d="-0" /><a b="2" c="2" d="2" /><a b="-1" c="-2" d="-2" /><a b="180.02" c="150.01" d="250.02" /><a b="-120.01" c="-150.01" d="-250.02" /></out>
  FAIL math-3304a: Result mismatch
    Expected: (complex assertion)
    Got:      <out><a b="12" c="0" d="-3" /><a b="12" c="0" d="-3" /><a b="1" c="0" d="-0" /><a b="2" c="2" d="2" /><a b="-1" c="-2" d="-2" /><a b="180.02" c="150.01" d="250.02" /><a b="-120.01" c="-150.01" d="-250.02" /></out>
  PASS math-3305
  PASS math-3305a
  PASS math-3306
  PASS math-3306a
  PASS math-3307
  PASS math-3307a
  PASS math-3308
  PASS math-3308a
  PASS math-3309
  PASS math-3309a
  PASS math-3310
  PASS math-3310a
  FAIL math-3311: Value was either too large or too small for a Decimal.
  FAIL math-3313: Result mismatch
    Expected: (complex assertion)
    Got:      <out><aa ans="1.1" /><ab ans="1.2" /><ac ans="1.2" /><ad ans="-1.2" /><ae ans="-1.2" /><af ans="0.2" /><ag ans="0.2" /><ah ans="-0.2" /><ai ans="-0.2" /><aj ans="0.1" /><ak ans="0" /><al ans="0" /><am ans="0.014879110195770262" /><an ans="0.1856995482328151" /></out>
  PASS math-3314
  FAIL math-3315: Value was either too large or too small for a Decimal.
  PASS math-3316
  FAIL math-3317: Cannot convert Undefined to integer
  FAIL math-3318: Result mismatch
    Expected: <x>123456789012345678</x>
    Got:      <x xmlns:xs="http://www.w3.org/2001/XMLSchema"><?spec fo#casting-to-numerics?>123456789012345678</x>
  FAIL math-3319: Result mismatch
    Expected: <x>1.17</x>
    Got:      <x xmlns:xs="http://www.w3.org/2001/XMLSchema"><?spec fo#func-round-half-to-even?>1.17</x>
  FAIL math-3401: Result mismatch
    Expected: <?xml version="1.0" encoding="UTF-8"?><r><out test="int" check="true"><a val="10" check="true"/>;
</out><out test="dec" check="true"><a val="10" check="true"/>;
</out><out test="flt" check="true"><a val="10" check="true"/>;
</out><out test="dbl" check="true"><a val="10" check="true"/>;
</out></r>
    Got:      <r><out test="int" check="true"><a val="10" check="false" />;
</out><out test="dec" check="true"><a val="10" check="true" />;
</out><out test="flt" check="true"><a val="1" check="true" />;
</out><out test="dbl" check="true"><a val="1" check="true" />;
</out></r>
  PASS math-3402
  PASS math-3501
  FAIL math-3601: Result mismatch
    Expected: <?xml version="1.0" encoding="UTF-8"?><x><a>0</a><b>8500</b><c>-8400</c><d>8492</d><e>77</e><f>8500</f><g>8400</g><h>8500</h><i>8400</i><j>8400</j><k>-8500</k><l>-8400</l><m>-8500</m><n>-8400</n><o>-8400</o><p>1000000000000000</p><q>2000000000000000</q><r>123456789012345789010</r><s>123456789012345789050</s><t>-1000000000000000</t><u>-2000000000000000</u><v>-123456789012345789010</v><w>-123456789012345789040</w><out>8500</out></x>
    Got:      <x><?spec fo#func-round?><a>0</a><b>8500</b><c>-8400</c><d>8492</d><e>77</e><f>8500</f><g>8400</g><h>8500</h><i>8400</i><j>8400</j><k>-8500</k><l>-8400</l><m>-8500</m><n>-8400</n><o>-8400</o><p>1000000000000000</p><q>2000000000000000</q><r>123456789012346000000</r><s>123456789012346000000</s><t>-1000000000000000</t><u>-2000000000000000</u><v>-123456789012346000000</v><w>-123456789012346000000</w><out>85</out></x>
  FAIL math-3701: Result mismatch
    Expected: <?xml version="1.0" encoding="UTF-8"?><x><out>12</out><out>11.5</out><out>13.7</out><out>-13.7</out><out>-2</out><out>3</out><out>250</out><out>84920</out><out>849560</out><out>849700</out><out>5.0E101</out><out>1.0E-98</out><out>0</out><out>NaN</out><out>INF</out><out>1.76</out></x>
    Got:      <x><?spec fo#func-round?><out>12</out><out>11.5</out><out>13.7</out><out>-13.6</out><out>-2</out><out>3</out><out>25</out><out>8492</out><out>84956</out><out>8497</out><out>4.9999999999999999E101</out><out>1.0000000000000001E-98</out><out>0</out><out>NaN</out><out>INF</out><out>1.76</out></x>
  FAIL math-3702: Result mismatch
    Expected: error XTSE0085
    Got:      <x><?spec fo#func-round?><out>12</out><out>11.5</out><out>13.7</out><out>-13.6</out><out>-2</out><out>3</out><out>25</out><out>8492</out><out>84956</out><out>8497</out><out>4.9999999999999999E101</out><out>1.0000000000000001E-98</out><out>0</out><out>NaN</out><out>INF</out><out>1.76</out></x>
  FAIL math-3801: Result mismatch
    Expected: <x><out>3</out><out>-2</out><out>1.3</out><out>1.3</out><out>1.22</out><out>-13.51243</out><out>200</out><out>200</out><out>-13</out><out>200</out></x>
    Got:      <x><?spec fo#func-round?><out>3</out><out>-2</out><out>1.3</out><out>1.3</out><out>1.22</out><out>-13.51243</out><out>200</out><out>200</out><out>-13</out><out>200</out></x>
  FAIL math-3901: Result mismatch
    Expected: <?xml version="1.0" encoding="UTF-8"?><x><out>0</out><out>12</out><out>11.5</out><out>13.6</out><out>-13.6</out><out>-2</out><out>3</out><out>250</out><out>84920</out><out>849560</out><out>849700</out><out>INF</out><out>0</out><out>NaN</out><out>INF</out><out>14.76</out></x>
    Got:      <x><?spec fo#func-round?><out>0</out><out>12</out><out>11.5</out><out>13.6</out><out>-13.6</out><out>-2</out><out>3</out><out>25</out><out>8492</out><out>84956</out><out>8497</out><out>INF</out><out>0</out><out>NaN</out><out>INF</out><out>14.76</out></x>
  Done: math (159 tests, 125 passed, 32 failed, 2 skipped)
  Starting: nodetest ...
  PASS nodetest-001
  PASS nodetest-002
  PASS nodetest-003
  Done: nodetest (38 tests, 3 passed, 0 failed, 35 skipped)
  Starting: path ...
  PASS path-001
  PASS path-002
  PASS path-003
  PASS path-004
  PASS path-005
  PASS path-006
  PASS path-007
  PASS path-008
  PASS path-009
  PASS path-010
  Done: path (10 tests, 10 passed, 0 failed, 0 skipped)
  Starting: predicate ...
  PASS predicate-001
  PASS predicate-002
  PASS predicate-003
  PASS predicate-004
  PASS predicate-005
  PASS predicate-006
  PASS predicate-007
  PASS predicate-008
  PASS predicate-009
  PASS predicate-010
  PASS predicate-011
  PASS predicate-012
  PASS predicate-013
  PASS predicate-014
  PASS predicate-015
  PASS predicate-016
  PASS predicate-017
  PASS predicate-018
  PASS predicate-019
  PASS predicate-020
  PASS predicate-021
  PASS predicate-022
  PASS predicate-023
  PASS predicate-024
  PASS predicate-025
  PASS predicate-026
  PASS predicate-027
  PASS predicate-028
  PASS predicate-029
  PASS predicate-030
  PASS predicate-031
  PASS predicate-032
  PASS predicate-033
  PASS predicate-034
  PASS predicate-035
  PASS predicate-036
  PASS predicate-037
  PASS predicate-038
  PASS predicate-039
  PASS predicate-040
  PASS predicate-041
  PASS predicate-042
  PASS predicate-043
  PASS predicate-044
  PASS predicate-045
  PASS predicate-046
  PASS predicate-047
  PASS predicate-048
  PASS predicate-049
  PASS predicate-050
  PASS predicate-051
  PASS predicate-052
  PASS predicate-053
  PASS predicate-054
  PASS predicate-055
  PASS predicate-057
  Done: predicate (57 tests, 57 passed, 0 failed, 0 skipped)
  SKIP treat-as: Requires unsupported feature 'schema_aware' (4 tests)
  SKIP type-expr: Requires unsupported feature 'schema_aware' (4 tests)
  SKIP type-functions: Requires unsupported feature 'schema_aware' (12 tests)
  Starting: xpath-compat ...
  FAIL xpath-compat-0101: Result mismatch
    Expected: <out><posInf>INF</posInf><negInf>-INF</negInf><negZero>-0</negZero><small>1.0E-8</small><large>1.0E7</large></out>
    Got:      <out><posInf>INF</posInf><negInf>-INF</negInf><negZero>0</negZero><small>9.9999999E-9</small><large>1.0E7</large></out>
  FAIL xpath-compat-0102: Result mismatch
    Expected: (complex assertion)
    Got:      <out><first></first><second></second><third></third><fourth></fourth><fifth></fifth></out>
  PASS xpath-compat-0103
  FAIL xpath-compat-0104: Attempted to divide by zero.
  FAIL xpath-compat-0105: XPTY0004
  FAIL xpath-compat-0106: Result mismatch
    Expected: <out><eqTrue>false</eqTrue><eqFalse>true</eqFalse><neTrue>true</neTrue><neFalse>false</neFalse></out>
    Got:      <out><eqTrue>false</eqTrue><eqFalse>false</eqFalse><neTrue>true</neTrue><neFalse>true</neFalse></out>
  FAIL xpath-compat-0107: XPTY0004
  PASS xpath-compat-0108
  PASS xpath-compat-0109
  PASS xpath-compat-0201
  PASS xpath-compat-0202
  FAIL xpath-compat-0301: Result mismatch
    Expected: <out>15</out>
    Got:      <out>NaN</out>
  FAIL xpath-compat-0302: Result mismatch
    Expected: <out>NaN</out>
    Got:      <out></out>
  PASS xpath-compat-0303
  FAIL xpath-compat-0401: XPTY0004
  FAIL xpath-compat-0601: Cannot convert Undefined to integer
  PASS xpath-compat-0701
  Done: xpath-compat (18 tests, 7 passed, 10 failed, 1 skipped)
  Starting: accessor ...
  PASS accessor-002
  PASS accessor-007
  FAIL accessor-008: Document not found: file:///d:/Development/Bosak/tests/xslt30-test/tests/fn/accessor/()
  PASS accessor-009
  FAIL accessor-010: XPST0017: Function {http://www.w3.org/2005/xpath-functions}nilled#1 not found.
  PASS accessor-011
  PASS accessor-012
  PASS accessor-016
  PASS accessor-017
  FAIL accessor-018: Result mismatch
    Expected: <?xml version="1.0" encoding="UTF-8"?><out><t1>test_string</t1><t1>true</t1><t1>10000</t1><t1>1999-08-22T10:05:06</t1><t2>test string true 10000 1999-08-22T10:05:06</t2><t2>test string</t2><t2>true</t2><t2>10000</t2><t2>1999-08-22T10:05:06</t2><t3>test_string true 10000 1999-08-22T10:05:06</t3><t3>test_string</t3><t3>true</t3><t3>10000</t3><t3>1999-08-22T10:05:06</t3></out>
    Got:      <out><t1>test_string</t1><t1>true</t1><t1>1</t1><t1>1999-08-22T10:05:06</t1><t2>test string true 1 1999-08-22T10:05:06</t2><t2>test string</t2><t2>true</t2><t2>1</t2><t2>1999-08-22T10:05:06</t2><t3>test_string true 1 1999-08-22T10:05:06</t3><t3>test_string</t3><t3>true</t3><t3>1</t3><t3>1999-08-22T10:05:06</t3></out>
  PASS accessor-019
  FAIL accessor-023: Result mismatch
    Expected: <?xml version="1.0" encoding="UTF-8"?><out><t1>some data This is the 1st comment text-in-doc1 test_string true 10000</t1><t2>some data This is the 1st comment text-in-doc1 test_string true 10000</t2></out>
    Got:      <out><t1>some data This is the 1st comment text-in-doc1 test_string true 1</t1><t2>some data This is the 1st comment text-in-doc1 test_string true 1</t2></out>
  FAIL accessor-024: Result mismatch
    Expected: <out><t1>true</t1><t2>false</t2><t3>false</t3><t4>true</t4><t5>false</t5><t6>true</t6></out>
    Got:      <out><t1>false</t1><t2>true</t2><t3>true</t3><t4>false</t4><t5>true</t5><t6>false</t6></out>
  FAIL accessor-025: XPST0017: Function {http://www.w3.org/2005/xpath-functions}nilled#1 not found.
  FAIL accessor-026: Result mismatch
    Expected: <out><t1>some data</t1><t2>This is the 1st comment</t2><t3>text-in-doc1</t3><t4>text-in-doc2</t4><t5>top</t5><t6>text-in-doc1text-in-doc2</t6></out>
    Got:      <out><t1>some data</t1><t2>This is the 1st comment</t2><t3>WROONG TYPE returned</t3><t4>WROONG TYPE returned</t4><t5>WROONG TYPE returned</t5><t6>WROONG TYPE returned</t6></out>
  FAIL accessor-029: Result mismatch
    Expected: <out><t1>true</t1><t2>false</t2></out>
    Got:      <out><t1>false</t1><t2>false</t2></out>
  FAIL accessor-030: Result mismatch
    Expected: <out><t1>true</t1><t2>true</t2></out>
    Got:      <out><t1>false</t1><t2>false</t2></out>
  FAIL accessor-031: Result mismatch
    Expected: <out><t1>true</t1><t2>true</t2><t3>true</t3></out>
    Got:      <out><t1>false</t1><t2>false</t2><t3>false</t3></out>
  PASS accessor-032
  FAIL accessor-033: Result mismatch
    Expected: <out><t1>true</t1></out>
    Got:      <out><t1>false</t1></out>
  FAIL accessor-035: Result mismatch
    Expected: <?xml version="1.0" encoding="UTF-8"?><out><doc>doc_uri="true"</doc><Elmt>base_uri="true"</Elmt><Attr>base_uri="true"</Attr><PI>base_uri="true"</PI><Cmt>base_uri="true"</Cmt><Txt>base_uri="true"</Txt><Elmt>base_uri="true"</Elmt><Attr>base_uri="true"</Attr><Elmt>base_uri="true"</Elmt><Elmt>base_uri="true"</Elmt>|up||up||up||up||done1|</out>
    Got:      <out><doc>doc_uri="false"</doc><Elmt>base_uri="true"</Elmt><Attr>base_uri="true"</Attr><PI>base_uri="true"</PI><Cmt>base_uri="true"</Cmt><Txt>base_uri="true"</Txt><Elmt>base_uri="true"</Elmt><Attr>base_uri="true"</Attr><Elmt>base_uri="true"</Elmt><Elmt>base_uri="true"</Elmt>|up||up||up||up||done1|</out>
  FAIL accessor-036: Result mismatch
    Expected: <out><t1>true</t1><t2>true</t2></out>
    Got:      <out><t1>false</t1><t2>false</t2></out>
  Done: accessor (53 tests, 9 passed, 13 failed, 31 skipped)
  Starting: available-system-properties ...
  FAIL available-system-properties-003: XPTY0004
  FAIL available-system-properties-004: XPTY0004
  FAIL available-system-properties-005: XPTY0004
  FAIL available-system-properties-006: XPTY0004
  FAIL available-system-properties-007: XPTY0004
  FAIL available-system-properties-008: XPTY0004
  FAIL available-system-properties-009: XPTY0004
  FAIL available-system-properties-010: XPTY0004
  FAIL available-system-properties-011: XPTY0004
  FAIL available-system-properties-012: XPTY0004
  FAIL available-system-properties-013: XPTY0004
  FAIL available-system-properties-014: XPTY0004
  FAIL available-system-properties-015: XPTY0004
  FAIL available-system-properties-016: XPTY0004
  FAIL available-system-properties-017: XPTY0004
  FAIL available-system-properties-018: XPTY0004
  FAIL available-system-properties-019: XPTY0004
  FAIL available-system-properties-020: XPTY0004
  FAIL available-system-properties-021: XPTY0004
  FAIL available-system-properties-022: XPTY0004
  FAIL available-system-properties-023: XPTY0004
  FAIL available-system-properties-024: XPTY0004
  FAIL available-system-properties-025: XPTY0004
  FAIL available-system-properties-026: XPTY0004
  FAIL available-system-properties-027: XPTY0004
  FAIL available-system-properties-028: XPTY0004
  FAIL available-system-properties-101: Result mismatch
    Expected: <result>Function returns value for property version: true
Function returns value for property vendor: true
Function returns value for property vendor-url: true
Function returns value for property product-name: true
Function returns value for property product-version: true
Function returns value for property is-schema-aware: true
Function returns value for property supports-serialization: true
Function returns value for property supports-backwards-compatibility: true
Function returns value for property supports-namespace-axis: true
Function returns value for property supports-streaming: true
Function returns value for property supports-dynamic-evaluation: true
Function returns value for property xpath-version: true
Function returns value for property xsd-version: true
</result>
    Got:      <result>Function returns value for property {.}: {let $p := . return exists($props2[. = $p])}
Function returns value for property {.}: {let $p := . return exists($props2[. = $p])}
Function returns value for property {.}: {let $p := . return exists($props2[. = $p])}
Function returns value for property {.}: {let $p := . return exists($props2[. = $p])}
Function returns value for property {.}: {let $p := . return exists($props2[. = $p])}
Function returns value for property {.}: {let $p := . return exists($props2[. = $p])}
Function returns value for property {.}: {let $p := . return exists($props2[. = $p])}
Function returns value for property {.}: {let $p := . return exists($props2[. = $p])}
Function returns value for property {.}: {let $p := . return exists($props2[. = $p])}
Function returns value for property {.}: {let $p := . return exists($props2[. = $p])}
Function returns value for property {.}: {let $p := . return exists($props2[. = $p])}
Function returns value for property {.}: {let $p := . return exists($props2[. = $p])}
Function returns value for property {.}: {let $p := . return exists($props2[. = $p])}
</result>
  Done: available-system-properties (29 tests, 0 passed, 27 failed, 2 skipped)
  Starting: base-uri ...
  PASS base-uri-001
  FAIL base-uri-002: Result mismatch
    Expected: <?xml version="1.0" encoding="UTF-8"?><output>
<out>http://www.baseuri.exmpl/tests/002.xml</out>
<out>http://www.baseuri.exmpl/tests/002.xml</out>
<out>http://www.baseuri.exmpl/tests/002.xml</out>
<out>http://www.baseuri.exmpl/tests/002.xml</out></output>
    Got:      <output>
<out>file:///d:/Development/Bosak/tests/xslt30-test/tests/fn/base-uri/002.xml</out>
<out>file:///d:/Development/Bosak/tests/xslt30-test/tests/fn/base-uri/002.xml</out>
<out>file:///d:/Development/Bosak/tests/xslt30-test/tests/fn/base-uri/002.xml</out>
<out>file:///d:/Development/Bosak/tests/xslt30-test/tests/fn/base-uri/002.xml</out></output>
  FAIL base-uri-003: Result mismatch
    Expected: <output>
<out>http://www.baseuri.exmpl/tests/</out>
<out>http://www.baseuri.exmpl/tests/</out></output>
    Got:      <output>
<out></out>
<out></out></output>
  PASS base-uri-004
  FAIL base-uri-005: Result mismatch
    Expected: <output>
<out>true</out>
<out>true</out>
<out>true</out>
<out>true</out></output>
    Got:      <output>
<out>false</out>
<out>false</out>
<out>false</out>
<out>true</out></output>
  FAIL base-uri-006: Invalid URI: A Dos path must be rooted, for example, 'c:\\'.
  FAIL base-uri-007: Result mismatch
    Expected: <output>
<out>true</out>
<out>true</out>
<out>true</out>
<out>true</out></output>
    Got:      <output>
<out>false</out>
<out>false</out>
<out>true</out>
<out>true</out></output>
  PASS base-uri-008
  FAIL base-uri-009: Result mismatch
    Expected: <out>http://www.baseuri.exmpl/tests/</out>
    Got:      <out></out>
  FAIL base-uri-010: Result mismatch
    Expected: <out xml:base="http://www.two.org/tests/">http://www.three.org/tests/</out>
    Got:      <out xml:base="http://www.two.org/tests/"></out>
  PASS base-uri-011
  PASS base-uri-012
  FAIL base-uri-013: Result mismatch
    Expected: <out>d://tests/</out>
    Got:      <out></out>
  FAIL base-uri-014: Result mismatch
    Expected: (complex assertion)
    Got:      <out><static-base></static-base><example1>: <abc xml:base="/xxx/"></abc></example1><example2>: <abc xml:base="/yyy/"></abc></example2></out>
  PASS base-uri-015
  FAIL base-uri-016: Result mismatch
    Expected: <out>http://www.example.org/main/</out>
    Got:      <out></out>
  PASS base-uri-017
  PASS base-uri-018
  FAIL base-uri-019: Result mismatch
    Expected: <output>
<out>http://www.one.exmpl/</out>
<out>http://www.one.exmpl/001.xml</out>
<out>http://www.one.exmpl/001.xml</out></output>
    Got:      <output>
<out></out>
<out></out>
<out></out></output>
  PASS base-uri-020
  FAIL base-uri-021: Result mismatch
    Expected: <out>true</out>
    Got:      <out></out>
  PASS base-uri-022
  FAIL base-uri-024: Result mismatch
    Expected: <out>http://www.example.com/xml/</out>
    Got:      <out></out>
  FAIL base-uri-025: Result mismatch
    Expected: <out>http://www.example.org/xxx/</out>
    Got:      <out></out>
  FAIL base-uri-026: Result mismatch
    Expected: <out>http://www.example.com/str1/</out>
    Got:      <out></out>
  FAIL base-uri-027: Result mismatch
    Expected: <out>http://www.example.com/str1/</out>
    Got:      <out></out>
  FAIL base-uri-028: Result mismatch
    Expected: <out>http://www.example.org/main/ , http://www.example.org/xxx/</out>
    Got:      <out> , </out>
  FAIL base-uri-029: Result mismatch
    Expected: <out>http://www.example.org/</out>
    Got:      <out></out>
  FAIL base-uri-030: Result mismatch
    Expected: <out>http://www.example.org/main/ , http://www.example.org/main/</out>
    Got:      <out> , </out>
  FAIL base-uri-031: Result mismatch
    Expected: <out>http://www.example.org/</out>
    Got:      <out></out>
  FAIL base-uri-032: Result mismatch
    Expected: <out>http://www.example.org/main/ , http://www.example.org/xxx/</out>
    Got:      <out> , </out>
  FAIL base-uri-033: Result mismatch
    Expected: <out>http://www.example.org/main/ , http://www.example.org/main/</out>
    Got:      <out> , </out>
  FAIL base-uri-034: Result mismatch
    Expected: <out>http://www.example.org/main/</out>
    Got:      <out></out>
  FAIL base-uri-035: Result mismatch
    Expected: <out>http://www.example.org/main/</out>
    Got:      <out></out>
  FAIL base-uri-036: Result mismatch
    Expected: <out>http://www.example.org/main/</out>
    Got:      <out></out>
  FAIL base-uri-037: Result mismatch
    Expected: <out>http://www.example.org/main/</out>
    Got:      <out></out>
  FAIL base-uri-038: Result mismatch
    Expected: <out>http://www.example.org/main/</out>
    Got:      <out></out>
  FAIL base-uri-039: Result mismatch
    Expected: <out>http://www.example.org/main/</out>
    Got:      <out></out>
  FAIL base-uri-040: Result mismatch
    Expected: <out>e1 substring1 str1 *** http://www.example.org/xxx/</out>
    Got:      <out>e1 substring1 str1 *** </out>
  FAIL base-uri-041: Result mismatch
    Expected: <out>http://www.example.org/main/</out>
    Got:      <out></out>
  FAIL base-uri-042: Result mismatch
    Expected: <out>http://www.example.org/main/</out>
    Got:      <out></out>
  FAIL base-uri-043: Result mismatch
    Expected: <out>http://www.example.com/xml/</out>
    Got:      <out></out>
  FAIL base-uri-044: Result mismatch
    Expected: <out>http://www.example.com/xml/</out>
    Got:      <out></out>
  FAIL base-uri-045: Result mismatch
    Expected: <out>http://www.example.com/xml/</out>
    Got:      <out></out>
  FAIL base-uri-046: Result mismatch
    Expected: <out>http://www.example.org/xml/</out>
    Got:      <out></out>
  FAIL base-uri-047: Result mismatch
    Expected: <out>http://www.example.org/xml/</out>
    Got:      <out></out>
  FAIL base-uri-048: Result mismatch
    Expected: <out>http://www.example.org/xml/</out>
    Got:      <out></out>
  FAIL base-uri-049: Result mismatch
    Expected: (complex assertion)
    Got:      <out><initial base="" /><a base="" /><b base="" /><c base="" /></out>
  FAIL base-uri-050: Result mismatch
    Expected: (complex assertion)
    Got:      <out><initial base="" /><a base="" /><b base="" /><c base="" /></out>
  FAIL base-uri-052: Result mismatch
    Expected: (complex assertion)
    Got:      <out><one /><two /><three /><four /><five /></out>
  FAIL base-uri-053: Result mismatch
    Expected: (complex assertion)
    Got:      <out><initial-doc a="" b="" /><initial-elem a="" b="" /><shallow-doc a="" b="" /><shallow-elem a="" b="" /><shallow-doc-deeper a="" b="" /><shallow-elem-deeper a="" b="" /><deep-doc a="" b="" /><deep-elem a="" b="" /><shallow-copy-doc2 a="" b="" /><shallow-copy-elem2 a="" b="" /><deep-copy-doc2 a="" b="" /><deep-copy-elem2 a="" b="" /></out>
  Done: base-uri (55 tests, 10 passed, 41 failed, 4 skipped)
  Starting: collection ...
  PASS collection-001
  PASS collection-002
  PASS collection-003
  FAIL collection-004: Result mismatch
    Expected: <out><doc>
<a> </a>
<b> </b>
<c> </c>
</doc><a xml:id="frag2"/><out>Got it right!</out></out>
    Got:      <out />
  FAIL collection-005: Result mismatch
    Expected: (complex assertion)
    Got:      <out />
  FAIL collection-006: Result mismatch
    Expected: (complex assertion)
    Got:      
  Done: collection (6 tests, 3 passed, 3 failed, 0 skipped)
  Starting: core-function ...
  PASS core-function-001
  PASS core-function-002
  PASS core-function-003
  PASS core-function-004
  PASS core-function-005
  PASS core-function-006
  PASS core-function-007
  PASS core-function-008
  PASS core-function-009
  PASS core-function-010
  PASS core-function-011
  PASS core-function-012
  PASS core-function-013
  PASS core-function-014
  PASS core-function-015
  PASS core-function-016
  PASS core-function-017
  PASS core-function-018
  PASS core-function-019
  PASS core-function-020
  PASS core-function-021
  PASS core-function-022
  PASS core-function-023
  PASS core-function-024
  PASS core-function-025
  PASS core-function-026
  PASS core-function-027
  PASS core-function-028
  PASS core-function-029
  PASS core-function-030
  PASS core-function-031
  PASS core-function-032
  PASS core-function-033
  PASS core-function-034
  PASS core-function-035
  PASS core-function-036
  PASS core-function-037
  PASS core-function-038
  PASS core-function-039
  PASS core-function-040
  PASS core-function-041
  PASS core-function-042
  PASS core-function-043
  PASS core-function-044
  PASS core-function-045
  PASS core-function-046
  PASS core-function-047
  PASS core-function-048
  PASS core-function-049
  PASS core-function-050
  PASS core-function-051
  PASS core-function-052
  PASS core-function-053
  PASS core-function-054
  PASS core-function-055
  PASS core-function-056
  PASS core-function-057
  PASS core-function-058
  PASS core-function-059
  PASS core-function-060
  PASS core-function-061
  PASS core-function-062
  PASS core-function-063
  PASS core-function-064
  PASS core-function-065
  PASS core-function-066
  PASS core-function-067
  PASS core-function-068
  PASS core-function-069
  PASS core-function-070
  PASS core-function-071
  PASS core-function-072
  PASS core-function-073
  PASS core-function-074
  PASS core-function-075
  PASS core-function-076
  PASS core-function-077
  PASS core-function-078
  PASS core-function-079
  PASS core-function-080
  PASS core-function-081
  PASS core-function-082
  PASS core-function-083
  PASS core-function-084
  PASS core-function-085
  PASS core-function-086
  PASS core-function-087
  PASS core-function-088
  PASS core-function-089
  PASS core-function-090
  Done: core-function (90 tests, 90 passed, 0 failed, 0 skipped)
  Starting: copy-of ...
  PASS copy-of-001
  PASS copy-of-002
  FAIL copy-of-003: Result mismatch
    Expected: <out>false</out>
    Got:      <out>true</out>
  FAIL copy-of-004: Result mismatch
    Expected: <out>0</out>
    Got:      <out>7</out>
  PASS copy-of-007
  PASS copy-of-008
  PASS copy-of-010
  PASS copy-of-011
  FAIL copy-of-012: Result mismatch
    Expected: error XPDY0002
    Got:      <out><doc>
  <elem a="1" b="2" xmlns="http://one.com/">
    <p:subelem xmlns:p="http://two.com/">a</p:subelem>
    <!-- a comment -->
    <p:subelem xmlns:p="http://two.com/">b</p:subelem>
    <?a processing instruction?>
  </elem>
</doc></out>
  Done: copy-of (13 tests, 6 passed, 3 failed, 4 skipped)
  Starting: current ...
  PASS current-001
  Done: current (1 tests, 1 passed, 0 failed, 0 skipped)
  Starting: current-output-uri ...
  FAIL current-output-uri-001: XPST0017: Function {http://www.w3.org/2005/xpath-functions}current-output-uri#0 not found.
  FAIL current-output-uri-002: XPST0017: Function {http://www.w3.org/2005/xpath-functions}current-output-uri#0 not found.
  FAIL current-output-uri-003: Result mismatch
    Expected: (complex assertion)
    Got:      <out>first</out>
  FAIL current-output-uri-004: XPST0017: Function {http://www.w3.org/2005/xpath-functions}current-output-uri#0 not found.
  FAIL current-output-uri-005: XPST0017: Function {http://www.w3.org/2005/xpath-functions}current-output-uri#0 not found.
  FAIL current-output-uri-006: Result mismatch
    Expected: (complex assertion)
    Got:      
  FAIL current-output-uri-007: XPST0017: Function {http://www.w3.org/2005/xpath-functions}current-output-uri#0 not found.
  FAIL current-output-uri-008: XPST0017: Function {http://www.w3.org/2005/xpath-functions}current-output-uri#0 not found.
  FAIL current-output-uri-009: Result mismatch
    Expected: (complex assertion)
    Got:      
  PASS current-output-uri-010
  FAIL current-output-uri-013: XPST0017: Function {http://www.w3.org/2005/xpath-functions}current-output-uri#0 not found.
  FAIL current-output-uri-014: XPST0017: Function {http://www.w3.org/2005/xpath-functions}current-output-uri#0 not found.
  FAIL current-output-uri-015: XPST0017: Function {http://www.w3.org/2005/xpath-functions}current-output-uri#0 not found.
  FAIL current-output-uri-901: Result mismatch
    Expected: error XPST0017
    Got:      
  FAIL current-output-uri-902: Result mismatch
    Expected: error XTDE3160
    Got:      <out />
  Done: current-output-uri (17 tests, 1 passed, 14 failed, 2 skipped)
  Starting: deep-equal ...
  PASS deep-equal-001
  PASS deep-equal-002
  Done: deep-equal (2 tests, 2 passed, 0 failed, 0 skipped)
  Starting: document ...
  FAIL document-0109: Document not found: file:///d:/Development/Bosak/tests/xslt30-test/tests/fn/document/(sequence)
  FAIL document-0110: Document not found: file:///d:/Development/Bosak/tests/xslt30-test/tests/fn/document/(sequence)
  FAIL document-0111: Document not found: file:///d:/Development/Bosak/tests/xslt30-test/tests/fn/document/(sequence)
  FAIL document-0112: Document not found: file:///d:/Development/Bosak/tests/xslt30-test/tests/fn/document/(sequence)
  FAIL document-0113: Document not found: file:///d:/Development/Bosak/tests/xslt30-test/tests/fn/document/(sequence)
  FAIL document-0114: Document not found: file:///d:/Development/Bosak/tests/xslt30-test/tests/fn/document/(sequence)
  FAIL document-0115: Document not found: file:///d:/Development/Bosak/tests/xslt30-test/tests/fn/document/(sequence)
  FAIL document-0116: Document not found: file:///d:/Development/Bosak/tests/xslt30-test/tests/fn/document/(sequence)
  FAIL document-0117: Document not found: file:///d:/Development/Bosak/tests/xslt30-test/tests/fn/document/(sequence)
  FAIL document-0118: Document not found: file:///d:/Development/Bosak/tests/xslt30-test/tests/fn/document/(sequence)
  FAIL document-0119: Document not found: file:///d:/Development/Bosak/tests/xslt30-test/tests/fn/document/(sequence)
  FAIL document-0120: Document not found: file:///d:/Development/Bosak/tests/xslt30-test/tests/fn/document/(sequence)
  PASS document-0301
  FAIL document-0302: Result mismatch
    Expected: <t:template xmlns:t="http://www.w3.org/1999/XSL/Transform" match="/"><t:copy-of select="doc('')/t:transform/t:template"/></t:template>
    Got:      
  FAIL document-0303: Document not found: file:///d:/Development/Bosak/tests/xslt30-test/tests/fn/document/(sequence)
  PASS document-0304
  PASS document-0305
  FAIL document-0306: Result mismatch
    Expected: (complex assertion)
    Got:      <out>false</out>
  FAIL document-0307: Document not found: file:///d:/Development/Bosak/tests/xslt30-test/tests/fn/document/(sequence)
  FAIL document-0308: Result mismatch
    Expected: (complex assertion)
    Got:      <doc><str1><space>1</space></str1><str1>2</str1><str2>3</str2><str2><no-space>3</no-space></str2></doc>
  FAIL document-0309: Result mismatch
    Expected: <out><outer>
	<body>
		<string>inner-GoodBye</string>
		<string>inner-GoodMorning</string>
		<string>inner-GoodNight</string>
	</body>
</outer></out>
    Got:      <out><outer><body><string>GoodBye</string><string>GoodMorning</string><string>GoodNight</string></body></outer></out>
  FAIL document-0401: Result mismatch
    Expected: (complex assertion)
    Got:      <out />
  FAIL document-0601: Document not found: file:///d:/Development/Bosak/tests/xslt30-test/tests/fn/document/(sequence)
  FAIL document-0701: FODC0005: No base URI available
  FAIL document-0901: Document not found: file:///d:/Development/Bosak/tests/xslt30-test/tests/fn/document/(sequence)
  FAIL document-1001: Result mismatch
    Expected: <out><ped:test xmlns:xsl="http://www.w3.org/1999/XSL/Transform" xmlns:ped="http://ped.com/" attrib="yeha">YEE-HA</ped:test></out>
    Got:      <out />
  FAIL document-1002: Result mismatch
    Expected: <out><ped:test xmlns:ped="http://ped.com/" attrib="yeha" xmlns:xsl="http://www.w3.org/1999/XSL/Transform">YEE-HA</ped:test></out>
    Got:      <out />
  FAIL document-1003: Result mismatch
    Expected: <o><out><ped:test xmlns:xsl="http://www.w3.org/1999/XSL/Transform" xmlns:ped="http://ped.com/" attrib="yeha">YEE-HA</ped:test></out></o>
    Got:      <o><out /></o>
  FAIL document-1004: Result mismatch
    Expected: <o><out><ped:test xmlns:xsl="http://www.w3.org/1999/XSL/Transform" xmlns:ped="http://ped.com/" attrib="yeha">YEE-HA</ped:test></out></o>
    Got:      <o><out /></o>
  FAIL document-1101: Document not found: file:///d:/Development/Bosak/tests/xslt30-test/tests/fn/document/(sequence)
  FAIL document-1102: Document not found: file:///d:/Development/Bosak/tests/xslt30-test/tests/fn/document/(sequence)
  FAIL document-1201: FODC0005: No base URI available
  FAIL document-1202: Result mismatch
    Expected: <out><outer>
	<body>
		<string>GoodBye</string>
		<string>GoodMorning</string>
		<string>GoodNight</string>
	</body>
</outer></out>
    Got:      <out />
  FAIL document-1301: FODC0005: No base URI available
  PASS document-1401
  PASS document-1501
  PASS document-1502
  FAIL document-1601: Document not found: file:///d:/Development/Bosak/tests/xslt30-test/tests/fn/document/(sequence)
  FAIL document-1901: Document not found: file:///d:/Development/Bosak/tests/xslt30-test/tests/fn/document/xmdocs08a.xml
  FAIL document-2002: Result mismatch
    Expected: <root><doc>
<a> </a>
<b> </b>
<c> </c>
</doc></root>
    Got:      <root><?spec xslt#document?><doc><a /><b /><c /></doc></root>
  FAIL document-2003: Document not found: file:///d:/Development/Bosak/tests/xslt30-test/tests/fn/document/document/doc14.xml
  PASS document-2009
  FAIL document-2011: Document not found: file:///d:/Development/Bosak/tests/xslt30-test/tests/fn/document/()
  PASS document-2101
  PASS document-2201
  PASS document-2301
  FAIL document-2401: Expected xsl:stylesheet or xsl:transform, got {http://www.w3.org/1999/XSL/Transform}package.
  FAIL document-2402: Named template 'a' not found.
  Done: document (64 tests, 10 passed, 38 failed, 16 skipped)
  Starting: extension-functions ...
  FAIL extension-functions-0101: Result mismatch
    Expected: <out/>
    Got:      <out><a>Available</a></out>
  FAIL extension-functions-0102: Result mismatch
    Expected: <out/>
    Got:      <out>Available</out>
  FAIL extension-functions-0103: Result mismatch
    Expected: error XTDE1400
    Got:      <out>error</out>
  FAIL extension-functions-0104: Result mismatch
    Expected: error XTDE1400
    Got:      <out>error</out>
  FAIL extension-functions-0105: Result mismatch
    Expected: error XTSE0800
    Got:      <out><xs:special xmlns:xs="http://www.w3.org/2001/XMLSchema" transmogrify="no" /></out>
  PASS extension-functions-0106
  Done: extension-functions (7 tests, 2 passed, 5 failed, 0 skipped)
  Starting: format-date ...
  FAIL format-date-001: FOFD1340
  FAIL format-date-002a: Result mismatch
    Expected: (complex assertion)
    Got:      <out><tr a="09:15" x="09:15" /><tr a="9:15" x="9:15" /><tr a="09:15:06" x="09:15:06" /><tr a="9:15:06" x="9:15:6" /><tr a="9:15:6" x="9:15:6" /><tr a="9:15:06.4" x="9:15:6.4" /><tr a="9:15:06.4" x="9:15:6.4" /><tr a="9:15:06.45" x="9:15:6.45" /><tr a="9:15:06.456" x="9:15:6.456" /></out>
  FAIL format-date-003a: FOFD1340
  PASS format-date-004
  PASS format-date-005
  FAIL format-date-006: Result mismatch
    Expected: <?xml version="1.0" encoding="UTF-8"?><out>;
<t>dcccxvii</t>;
<t>dcccxxxiv</t>;
<t>dcccli</t>;
<t>dccclxviii</t>;
<t>dccclxxxv</t>;
<t>cmii</t>;
<t>cmxix</t>;
<t>cmxxxvi</t>;
<t>cmliii</t>;
<t>cmlxx</t>;
<t>cmlxxxvii</t>;
<t>miv </t>;
<t>mxxi</t>;
<t>mxxxviii</t>;
<t>mlv </t>;
<t>mlxxii</t>;
<t>mlxxxix</t>;
<t>mcvi</t>;
<t>mcxxiii</t>;
<t>mcxl</t>;
<t>mclvii</t>;
<t>mclxxiv</t>;
<t>mcxci</t>;
<t>mccviii</t>;
<t>mccxxv</t>;
<t>mccxlii</t>;
<t>mcclix</t>;
<t>mcclxxvi</t>;
<t>mccxciii</t>;
<t>mcccx</t>;
<t>mcccxxvii</t>;
<t>mcccxliv</t>;
<t>mccclxi</t>;
<t>mccclxxviii</t>;
<t>mcccxcv</t>;
<t>mcdxii</t>;
<t>mcdxxix</t>;
<t>mcdxlvi</t>;
<t>mcdlxiii</t>;
<t>mcdlxxx</t>;
<t>mcdxcvii</t>;
<t>mdxiv</t>;
<t>mdxxxi</t>;
<t>mdxlviii</t>;
<t>mdlxv</t>;
<t>mdlxxxii</t>;
<t>mdxcix</t>;
<t>mdcxvi</t>;
<t>mdcxxxiii</t>;
<t>mdcl</t>;
<t>mdclxvii</t>;
<t>mdclxxxiv</t>;
<t>mdcci</t>;
<t>mdccxviii</t>;
<t>mdccxxxv</t>;
<t>mdcclii</t>;
<t>mdcclxix</t>;
<t>mdcclxxxvi</t>;
<t>mdccciii</t>;
<t>mdcccxx</t>;
<t>mdcccxxxvii</t>;
<t>mdcccliv</t>;
<t>mdccclxxi</t>;
<t>mdccclxxxviii</t>;
<t>mcmv</t>;
<t>mcmxxii</t>;
<t>mcmxxxix</t>;
<t>mcmlvi</t>;
<t>mcmlxxiii</t>;
<t>mcmxc</t>;
<t>mmvii</t>;
<t>mmxxiv</t>;
<t>mmxli</t>;
<t>mmlviii</t>;
<t>mmlxxv</t>;
<t>mmxcii</t>;
<t>mmcix</t>;
<t>mmcxxvi</t>;
<t>mmcxliii</t>;
<t>mmclx</t>;
<t>mmclxxvii</t>;
<t>mmcxciv</t>;
<t>mmccxi</t>;
<t>mmccxxviii</t>;
<t>mmccxlv</t>;
<t>mmcclxii</t>;
<t>mmcclxxix</t>;
<t>mmccxcvi</t>;
<t>mmcccxiii</t>;
<t>mmcccxxx</t>;
<t>mmcccxlvii</t>;
<t>mmccclxiv</t>;
<t>mmccclxxxi</t>;
<t>mmcccxcviii</t>;
<t>mmcdxv</t>;
<t>mmcdxxxii</t>;
<t>mmcdxlix</t>;
<t>mmcdlxvi</t>;
<t>mmcdlxxxiii</t>;
<t>mmd </t>;
</out>
    Got:      <out>;
<t>dcccxvii</t>;
<t>dcccxxxiv</t>;
<t>dcccli</t>;
<t>dccclxviii</t>;
<t>dccclxxxv</t>;
<t>cmii</t>;
<t>cmxix</t>;
<t>cmxxxvi</t>;
<t>cmliii</t>;
<t>cmlxx</t>;
<t>cmlxxxvii</t>;
<t>miv</t>;
<t>mxxi</t>;
<t>mxxxviii</t>;
<t>mlv</t>;
<t>mlxxii</t>;
<t>mlxxxix</t>;
<t>mcvi</t>;
<t>mcxxiii</t>;
<t>mcxl</t>;
<t>mclvii</t>;
<t>mclxxiv</t>;
<t>mcxci</t>;
<t>mccviii</t>;
<t>mccxxv</t>;
<t>mccxlii</t>;
<t>mcclix</t>;
<t>mcclxxvi</t>;
<t>mccxciii</t>;
<t>mcccx</t>;
<t>mcccxxvii</t>;
<t>mcccxliv</t>;
<t>mccclxi</t>;
<t>mccclxxviii</t>;
<t>mcccxcv</t>;
<t>mcdxii</t>;
<t>mcdxxix</t>;
<t>mcdxlvi</t>;
<t>mcdlxiii</t>;
<t>mcdlxxx</t>;
<t>mcdxcvii</t>;
<t>mdxiv</t>;
<t>mdxxxi</t>;
<t>mdxlviii</t>;
<t>mdlxv</t>;
<t>mdlxxxii</t>;
<t>mdxcix</t>;
<t>mdcxvi</t>;
<t>mdcxxxiii</t>;
<t>mdcl</t>;
<t>mdclxvii</t>;
<t>mdclxxxiv</t>;
<t>mdcci</t>;
<t>mdccxviii</t>;
<t>mdccxxxv</t>;
<t>mdcclii</t>;
<t>mdcclxix</t>;
<t>mdcclxxxvi</t>;
<t>mdccciii</t>;
<t>mdcccxx</t>;
<t>mdcccxxxvii</t>;
<t>mdcccliv</t>;
<t>mdccclxxi</t>;
<t>mdccclxxxviii</t>;
<t>mcmv</t>;
<t>mcmxxii</t>;
<t>mcmxxxix</t>;
<t>mcmlvi</t>;
<t>mcmlxxiii</t>;
<t>mcmxc</t>;
<t>mmvii</t>;
<t>mmxxiv</t>;
<t>mmxli</t>;
<t>mmlviii</t>;
<t>mmlxxv</t>;
<t>mmxcii</t>;
<t>mmcix</t>;
<t>mmcxxvi</t>;
<t>mmcxliii</t>;
<t>mmclx</t>;
<t>mmclxxvii</t>;
<t>mmcxciv</t>;
<t>mmccxi</t>;
<t>mmccxxviii</t>;
<t>mmccxlv</t>;
<t>mmcclxii</t>;
<t>mmcclxxix</t>;
<t>mmccxcvi</t>;
<t>mmcccxiii</t>;
<t>mmcccxxx</t>;
<t>mmcccxlvii</t>;
<t>mmccclxiv</t>;
<t>mmccclxxxi</t>;
<t>mmcccxcviii</t>;
<t>mmcdxv</t>;
<t>mmcdxxxii</t>;
<t>mmcdxlix</t>;
<t>mmcdlxvi</t>;
<t>mmcdlxxxiii</t>;
<t>mmd</t>;
</out>
  PASS format-date-007
  FAIL format-date-008: Result mismatch
    Expected: <?xml version="1.0" encoding="iso-8859-1"?><out>;
 <tr><code>2003-09-7</code><code x="&#66722;&#66720;&#66720;&#66723;-&#66720;&#66729;-&#66727;"/></tr>;
 <tr><code>9-7-2003</code><code x="&#66729;-&#66727;-&#66722;&#66720;&#66720;&#66723;"/></tr>;
 <tr><code>(03-09-07)</code><code x="(&#66720;&#66723;-&#66720;&#66729;-&#66720;&#66727;)"/></tr>; 
</out>
    Got:      <out>;
 <tr><code>2003-09-7</code><code x="2003-9-7" /></tr>;
 <tr><code>9-7-2003</code><code x="9-7-2003" /></tr>;
 <tr><code>(03-09-07)</code><code x="(2003-9-7)" /></tr>; 
</out>
  FAIL format-date-009: Result mismatch
    Expected: <?xml version="1.0" encoding="UTF-8"?><out>;
<t date="2004-01-01">1</t>;
<t date="2004-02-01">5</t>;
<t date="2004-03-01">10</t>;
<t date="2004-04-01">14</t>;
<t date="2004-05-01">18</t>;
<t date="2004-06-01">23</t>;
<t date="2004-07-01">27</t>;
<t date="2004-08-01">31</t>;
<t date="2004-09-01">36</t>;
<t date="2004-10-01">40</t>;
<t date="2004-11-01">45</t>;
<t date="2004-12-01">49</t>;
<t date="2005-01-01">53</t>;
<t date="2005-02-01">5</t>;
<t date="2005-03-01">9</t>;
<t date="2005-04-01">13</t>;
<t date="2005-05-01">17</t>;
<t date="2005-06-01">22</t>;
<t date="2005-07-01">26</t>;
<t date="2005-08-01">31</t>;
<t date="2005-09-01">35</t>;
<t date="2005-10-01">39</t>;
<t date="2005-11-01">44</t>;
<t date="2005-12-01">48</t>;
<t date="2006-01-01">52</t>;
<t date="2006-02-01">5</t>;
<t date="2006-03-01">9</t>;
<t date="2006-04-01">13</t>;
<t date="2006-05-01">18</t>;
<t date="2006-06-01">22</t>;
<t date="2006-07-01">26</t>;
<t date="2006-08-01">31</t>;
<t date="2006-09-01">35</t>;
<t date="2006-10-01">39</t>;
<t date="2006-11-01">44</t>;
<t date="2006-12-01">48</t>;
<t date="2007-01-01">1</t>;
<t date="2007-02-01">5</t>;
<t date="2007-03-01">9</t>;
<t date="2007-04-01">13</t>;
<t date="2007-05-01">18</t>;
<t date="2007-06-01">22</t>;
<t date="2007-07-01">26</t>;
<t date="2007-08-01">31</t>;
<t date="2007-09-01">35</t>;
<t date="2007-10-01">40</t>;
<t date="2007-11-01">44</t>;
<t date="2007-12-01">48</t>;
</out>
    Got:      <out>;
<t date="2004-01-01+01:00">1</t>;
<t date="2004-02-01+01:00">5</t>;
<t date="2004-03-01+01:00">10</t>;
<t date="2004-04-01+01:00">14</t>;
<t date="2004-05-01+01:00">18</t>;
<t date="2004-06-01+01:00">23</t>;
<t date="2004-07-01+01:00">27</t>;
<t date="2004-08-01+01:00">31</t>;
<t date="2004-09-01+01:00">36</t>;
<t date="2004-10-01+01:00">40</t>;
<t date="2004-11-01+01:00">45</t>;
<t date="2004-12-01+01:00">49</t>;
<t date="2005-01-01+01:00">53</t>;
<t date="2005-02-01+01:00">5</t>;
<t date="2005-03-01+01:00">9</t>;
<t date="2005-04-01+01:00">13</t>;
<t date="2005-05-01+01:00">17</t>;
<t date="2005-06-01+01:00">22</t>;
<t date="2005-07-01+01:00">26</t>;
<t date="2005-08-01+01:00">31</t>;
<t date="2005-09-01+01:00">35</t>;
<t date="2005-10-01+01:00">39</t>;
<t date="2005-11-01+01:00">44</t>;
<t date="2005-12-01+01:00">48</t>;
<t date="2006-01-01+01:00">52</t>;
<t date="2006-02-01+01:00">5</t>;
<t date="2006-03-01+01:00">9</t>;
<t date="2006-04-01+01:00">13</t>;
<t date="2006-05-01+01:00">18</t>;
<t date="2006-06-01+01:00">22</t>;
<t date="2006-07-01+01:00">26</t>;
<t date="2006-08-01+01:00">31</t>;
<t date="2006-09-01+01:00">35</t>;
<t date="2006-10-01+01:00">39</t>;
<t date="2006-11-01+01:00">44</t>;
<t date="2006-12-01+01:00">48</t>;
<t date="2007-01-01+01:00">1</t>;
<t date="2007-02-01+01:00">5</t>;
<t date="2007-03-01+01:00">9</t>;
<t date="2007-04-01+01:00">13</t>;
<t date="2007-05-01+01:00">18</t>;
<t date="2007-06-01+01:00">22</t>;
<t date="2007-07-01+01:00">26</t>;
<t date="2007-08-01+01:00">31</t>;
<t date="2007-09-01+01:00">35</t>;
<t date="2007-10-01+01:00">40</t>;
<t date="2007-11-01+01:00">44</t>;
<t date="2007-12-01+01:00">48</t>;
</out>
  FAIL format-date-010: Result mismatch
    Expected: <?xml version="1.0" encoding="UTF-8"?><out>;
<t date="2004-01-01">04</t>;
<t date="2004-02-01">07</t>;
<t date="2004-03-01">01</t>;
<t date="2004-04-01">04</t>;
<t date="2004-05-01">06</t>;
<t date="2004-06-01">02</t>;
<t date="2004-07-01">04</t>;
<t date="2004-08-01">07</t>;
<t date="2004-09-01">03</t>;
<t date="2004-10-01">05</t>;
<t date="2004-11-01">01</t>;
<t date="2004-12-01">03</t>;
<t date="2005-01-01">06</t>;
<t date="2005-02-01">02</t>;
<t date="2005-03-01">02</t>;
<t date="2005-04-01">05</t>;
<t date="2005-05-01">07</t>;
<t date="2005-06-01">03</t>;
<t date="2005-07-01">05</t>;
<t date="2005-08-01">01</t>;
<t date="2005-09-01">04</t>;
<t date="2005-10-01">06</t>;
<t date="2005-11-01">02</t>;
<t date="2005-12-01">04</t>;
<t date="2006-01-01">07</t>;
<t date="2006-02-01">03</t>;
<t date="2006-03-01">03</t>;
<t date="2006-04-01">06</t>;
<t date="2006-05-01">01</t>;
<t date="2006-06-01">04</t>;
<t date="2006-07-01">06</t>;
<t date="2006-08-01">02</t>;
<t date="2006-09-01">05</t>;
<t date="2006-10-01">07</t>;
<t date="2006-11-01">03</t>;
<t date="2006-12-01">05</t>;
<t date="2007-01-01">01</t>;
<t date="2007-02-01">04</t>;
<t date="2007-03-01">04</t>;
<t date="2007-04-01">07</t>;
<t date="2007-05-01">02</t>;
<t date="2007-06-01">05</t>;
<t date="2007-07-01">07</t>;
<t date="2007-08-01">03</t>;
<t date="2007-09-01">06</t>;
<t date="2007-10-01">01</t>;
<t date="2007-11-01">04</t>;
<t date="2007-12-01">06</t>;
</out>
    Got:      <out>;
<t date="2004-01-01+01:00">04</t>;
<t date="2004-02-01+01:00">07</t>;
<t date="2004-03-01+01:00">01</t>;
<t date="2004-04-01+01:00">04</t>;
<t date="2004-05-01+01:00">06</t>;
<t date="2004-06-01+01:00">02</t>;
<t date="2004-07-01+01:00">04</t>;
<t date="2004-08-01+01:00">07</t>;
<t date="2004-09-01+01:00">03</t>;
<t date="2004-10-01+01:00">05</t>;
<t date="2004-11-01+01:00">01</t>;
<t date="2004-12-01+01:00">03</t>;
<t date="2005-01-01+01:00">06</t>;
<t date="2005-02-01+01:00">02</t>;
<t date="2005-03-01+01:00">02</t>;
<t date="2005-04-01+01:00">05</t>;
<t date="2005-05-01+01:00">07</t>;
<t date="2005-06-01+01:00">03</t>;
<t date="2005-07-01+01:00">05</t>;
<t date="2005-08-01+01:00">01</t>;
<t date="2005-09-01+01:00">04</t>;
<t date="2005-10-01+01:00">06</t>;
<t date="2005-11-01+01:00">02</t>;
<t date="2005-12-01+01:00">04</t>;
<t date="2006-01-01+01:00">07</t>;
<t date="2006-02-01+01:00">03</t>;
<t date="2006-03-01+01:00">03</t>;
<t date="2006-04-01+01:00">06</t>;
<t date="2006-05-01+01:00">01</t>;
<t date="2006-06-01+01:00">04</t>;
<t date="2006-07-01+01:00">06</t>;
<t date="2006-08-01+01:00">02</t>;
<t date="2006-09-01+01:00">05</t>;
<t date="2006-10-01+01:00">07</t>;
<t date="2006-11-01+01:00">03</t>;
<t date="2006-12-01+01:00">05</t>;
<t date="2007-01-01+01:00">01</t>;
<t date="2007-02-01+01:00">04</t>;
<t date="2007-03-01+01:00">04</t>;
<t date="2007-04-01+01:00">07</t>;
<t date="2007-05-01+01:00">02</t>;
<t date="2007-06-01+01:00">05</t>;
<t date="2007-07-01+01:00">07</t>;
<t date="2007-08-01+01:00">03</t>;
<t date="2007-09-01+01:00">06</t>;
<t date="2007-10-01+01:00">01</t>;
<t date="2007-11-01+01:00">04</t>;
<t date="2007-12-01+01:00">06</t>;
</out>
  FAIL format-date-011: Result mismatch
    Expected: <?xml version="1.0" encoding="UTF-8"?><out>;
<t date="2005-12-04">1</t>;
<t date="2005-12-07">2</t>;
<t date="2005-12-10">2</t>;
<t date="2005-12-13">3</t>;
<t date="2005-12-16">3</t>;
<t date="2005-12-19">4</t>;
<t date="2005-12-22">4</t>;
<t date="2005-12-25">4</t>;
<t date="2005-12-28">5</t>;
<t date="2005-12-31">5</t>;
<t date="2006-01-03">1</t>;
<t date="2006-01-06">1</t>;
<t date="2006-01-09">2</t>;
<t date="2006-01-12">2</t>;
<t date="2006-01-15">2</t>;
<t date="2006-01-18">3</t>;
<t date="2006-01-21">3</t>;
<t date="2006-01-24">4</t>;
<t date="2006-01-27">4</t>;
<t date="2006-01-30">5</t>;
<t date="2006-02-02">1</t>;
<t date="2006-02-05">1</t>;
<t date="2006-02-08">2</t>;
<t date="2006-02-11">2</t>;
<t date="2006-02-14">3</t>;
<t date="2006-02-17">3</t>;
<t date="2006-02-20">4</t>;
<t date="2006-02-23">4</t>;
<t date="2006-02-26">4</t>;
<t date="2006-03-01">1</t>;
<t date="2006-03-04">1</t>;
<t date="2006-03-07">2</t>;
<t date="2006-03-10">2</t>;
<t date="2006-03-13">3</t>;
<t date="2006-03-16">3</t>;
<t date="2006-03-19">3</t>;
<t date="2006-03-22">4</t>;
<t date="2006-03-25">4</t>;
<t date="2006-03-28">5</t>;
<t date="2006-03-31">5</t>;
<t date="2006-04-03">1</t>;
<t date="2006-04-06">1</t>;
<t date="2006-04-09">1</t>;
<t date="2006-04-12">2</t>;
<t date="2006-04-15">2</t>;
<t date="2006-04-18">3</t>;
<t date="2006-04-21">3</t>;
<t date="2006-04-24">4</t>;
</out>
    Got:      <out>;
<t date="2005-12-04+01:00">1</t>;
<t date="2005-12-07+01:00">2</t>;
<t date="2005-12-10+01:00">2</t>;
<t date="2005-12-13+01:00">3</t>;
<t date="2005-12-16+01:00">3</t>;
<t date="2005-12-19+01:00">4</t>;
<t date="2005-12-22+01:00">4</t>;
<t date="2005-12-25+01:00">4</t>;
<t date="2005-12-28+01:00">5</t>;
<t date="2005-12-31+01:00">5</t>;
<t date="2006-01-03+01:00">-50</t>;
<t date="2006-01-06+01:00">-50</t>;
<t date="2006-01-09+01:00">-49</t>;
<t date="2006-01-12+01:00">-49</t>;
<t date="2006-01-15+01:00">-49</t>;
<t date="2006-01-18+01:00">-48</t>;
<t date="2006-01-21+01:00">-48</t>;
<t date="2006-01-24+01:00">-47</t>;
<t date="2006-01-27+01:00">-47</t>;
<t date="2006-01-30+01:00">-46</t>;
<t date="2006-02-02+01:00">1</t>;
<t date="2006-02-05+01:00">1</t>;
<t date="2006-02-08+01:00">2</t>;
<t date="2006-02-11+01:00">2</t>;
<t date="2006-02-14+01:00">3</t>;
<t date="2006-02-17+01:00">3</t>;
<t date="2006-02-20+01:00">4</t>;
<t date="2006-02-23+01:00">4</t>;
<t date="2006-02-26+01:00">4</t>;
<t date="2006-03-01+01:00">1</t>;
<t date="2006-03-04+01:00">1</t>;
<t date="2006-03-07+01:00">2</t>;
<t date="2006-03-10+01:00">2</t>;
<t date="2006-03-13+01:00">3</t>;
<t date="2006-03-16+01:00">3</t>;
<t date="2006-03-19+01:00">3</t>;
<t date="2006-03-22+01:00">4</t>;
<t date="2006-03-25+01:00">4</t>;
<t date="2006-03-28+01:00">5</t>;
<t date="2006-03-31+01:00">5</t>;
<t date="2006-04-03+01:00">2</t>;
<t date="2006-04-06+01:00">2</t>;
<t date="2006-04-09+01:00">2</t>;
<t date="2006-04-12+01:00">3</t>;
<t date="2006-04-15+01:00">3</t>;
<t date="2006-04-18+01:00">4</t>;
<t date="2006-04-21+01:00">4</t>;
<t date="2006-04-24+01:00">5</t>;
</out>
  FAIL format-date-012: Result mismatch
    Expected: <?xml version="1.0" encoding="UTF-8"?><out>;
<t>P.g</t>;
<t>Q.h</t>;
<t>R.i</t>;
<t>S.j</t>;
<t>T.k</t>;
<t>U.l</t>;
<t>V.m</t>;
<t>W.n</t>;
<t>X.o</t>;
<t>Y.p</t>;
<t>Z.q</t>;
<t>AA.r</t>;
<t>AB.s</t>;
<t>AC.t</t>;
<t>AD.u</t>;
<t>AE.v</t>;
<t>AF.w</t>;
<t>AG.x</t>;
<t>AH.y</t>;
<t>AI.z</t>;
<t>AJ.aa</t>;
<t>AK.ab</t>;
<t>AL.ac</t>;
<t>AM.ad</t>;
<t>AN.ae</t>;
<t>AO.af</t>;
<t>AP.ag</t>;
<t>AQ.ah</t>;
<t>AR.ai</t>;
<t>AS.aj</t>;
<t>AT.ak</t>;
<t>AU.al</t>;
<t>AV.am</t>;
<t>AW.an</t>;
<t>AX.ao</t>;
<t>AY.ap</t>;
<t>AZ.aq</t>;
<t>BA.ar</t>;
<t>BB.as</t>;
<t>BC.at</t>;
<t>BD.au</t>;
<t>BE.av</t>;
<t>BF.aw</t>;
<t>BG.ax</t>;
<t>0.ay</t>;
<t>A.az</t>;
<t>B.ba</t>;
<t>C.bb</t>;
<t>D.bc</t>;
<t>E.bd</t>;
<t>F.be</t>;
<t>G.bf</t>;
<t>H.bg</t>;
<t>J.0</t>;
<t>K.a</t>;
<t>L.b</t>;
<t>M.c</t>;
<t>N.d</t>;
<t>O.e</t>;
<t>P.f</t>;
</out>
    Got:      <out>;
<t>16.7</t>;
<t>17.8</t>;
<t>18.9</t>;
<t>19.10</t>;
<t>20.11</t>;
<t>21.12</t>;
<t>22.13</t>;
<t>23.14</t>;
<t>24.15</t>;
<t>25.16</t>;
<t>26.17</t>;
<t>27.18</t>;
<t>28.19</t>;
<t>29.20</t>;
<t>30.21</t>;
<t>31.22</t>;
<t>32.23</t>;
<t>33.24</t>;
<t>34.25</t>;
<t>35.26</t>;
<t>36.27</t>;
<t>37.28</t>;
<t>38.29</t>;
<t>39.30</t>;
<t>40.31</t>;
<t>41.32</t>;
<t>42.33</t>;
<t>43.34</t>;
<t>44.35</t>;
<t>45.36</t>;
<t>46.37</t>;
<t>47.38</t>;
<t>48.39</t>;
<t>49.40</t>;
<t>50.41</t>;
<t>51.42</t>;
<t>52.43</t>;
<t>53.44</t>;
<t>54.45</t>;
<t>55.46</t>;
<t>56.47</t>;
<t>57.48</t>;
<t>58.49</t>;
<t>59.50</t>;
<t>0.51</t>;
<t>1.52</t>;
<t>2.53</t>;
<t>3.54</t>;
<t>4.55</t>;
<t>5.56</t>;
<t>6.57</t>;
<t>7.58</t>;
<t>8.59</t>;
<t>10.0</t>;
<t>11.1</t>;
<t>12.2</t>;
<t>13.3</t>;
<t>14.4</t>;
<t>15.5</t>;
<t>16.6</t>;
</out>
  FAIL format-date-013a: Result mismatch
    Expected: (complex assertion)
    Got:      <out><year><t a="0985">0985</t><t a="985">985</t><t a="985">985</t><t a="85">98</t><t a="985">985</t><t a="985">985</t><t a="985">985</t></year><month><t a="0003">0003</t><t a="3">3</t><t a="03">03</t><t a="03">03</t><t a="3">3</t><t a="3">3</t><t a="003">003</t></month><micros><t a="4560">4560</t><t a="456">456</t><t a="456">456</t><t a="45">45</t><t a="456">456</t><t a="45">45</t><t a="456">456</t></micros></out>
  FAIL format-date-014: Result mismatch
    Expected: <?xml version="1.0" encoding="UTF-8"?><out>;
<x>0715-14:00</x>;
<x>0745-13:30</x>;
<x>0815-13:00</x>;
<x>0845-12:30</x>;
<x>0915-12:00</x>;
<x>0945-11:30</x>;
<x>1015-11:00</x>;
<x>1045-10:30</x>;
<x>1115-10:00</x>;
<x>1145-09:30</x>;
<x>1215-09:00</x>;
<x>1245-08:30</x>;
<x>0115-08:00</x>;
<x>0145-07:30</x>;
<x>0215-07:00</x>;
<x>0245-06:30</x>;
<x>0315-06:00</x>;
<x>0345-05:30</x>;
<x>0415-05:00</x>;
<x>0445-04:30</x>;
<x>0515-04:00</x>;
<x>0545-03:30</x>;
<x>0615-03:00</x>;
<x>0645-02:30</x>;
<x>0715-02:00</x>;
<x>0745-01:30</x>;
<x>0815-01:00</x>;
<x>0845-00:30</x>;
<x>0915+00:00</x>;
<x>0945+00:30</x>;
<x>1015+01:00</x>;
<x>1045+01:30</x>;
<x>1115+02:00</x>;
<x>1145+02:30</x>;
<x>1215+03:00</x>;
<x>1245+03:30</x>;
<x>0115+04:00</x>;
<x>0145+04:30</x>;
<x>0215+05:00</x>;
<x>0245+05:30</x>;
<x>0315+06:00</x>;
<x>0345+06:30</x>;
<x>0415+07:00</x>;
<x>0445+07:30</x>;
<x>0515+08:00</x>;
<x>0545+08:30</x>;
<x>0615+09:00</x>;
<x>0645+09:30</x>;
<x>0715+10:00</x>;
<x>0745+10:30</x>;
<x>0815+11:00</x>;
<x>0845+11:30</x>;
<x>0915+12:00</x>;
<x>0945+12:30</x>;
<x>1015+13:00</x>;
<x>1045+13:30</x>;
<x>1115+14:00</x>;
</out>
    Got:      <out>;
<x>0715-1400</x>;
<x>0745-1330</x>;
<x>0815-1300</x>;
<x>0845-1230</x>;
<x>0915-1200</x>;
<x>0945-1130</x>;
<x>1015-1100</x>;
<x>1045-1030</x>;
<x>1115-1000</x>;
<x>1145-0930</x>;
<x>1215-0900</x>;
<x>1245-0830</x>;
<x>0115-0800</x>;
<x>0145-0730</x>;
<x>0215-0700</x>;
<x>0245-0630</x>;
<x>0315-0600</x>;
<x>0345-0530</x>;
<x>0415-0500</x>;
<x>0445-0430</x>;
<x>0515-0400</x>;
<x>0545-0330</x>;
<x>0615-0300</x>;
<x>0645-0230</x>;
<x>0715-0200</x>;
<x>0745-0130</x>;
<x>0815-0100</x>;
<x>0845-0030</x>;
<x>0915Z</x>;
<x>0945+0030</x>;
<x>1015+0100</x>;
<x>1045+0130</x>;
<x>1115+0200</x>;
<x>1145+0230</x>;
<x>1215+0300</x>;
<x>1245+0330</x>;
<x>0115+0400</x>;
<x>0145+0430</x>;
<x>0215+0500</x>;
<x>0245+0530</x>;
<x>0315+0600</x>;
<x>0345+0630</x>;
<x>0415+0700</x>;
<x>0445+0730</x>;
<x>0515+0800</x>;
<x>0545+0830</x>;
<x>0615+0900</x>;
<x>0645+0930</x>;
<x>0715+1000</x>;
<x>0745+1030</x>;
<x>0815+1100</x>;
<x>0845+1130</x>;
<x>0915+1200</x>;
<x>0945+1230</x>;
<x>1015+1300</x>;
<x>1045+1330</x>;
<x>1115+1400</x>;
</out>
  FAIL format-date-015: Result mismatch
    Expected: <?xml version="1.0" encoding="UTF-8"?><out>;
<x>0715GMT-14:00</x>;
<x>0745GMT-13:30</x>;
<x>0815GMT-13:00</x>;
<x>0845GMT-12:30</x>;
<x>0915GMT-12:00</x>;
<x>0945GMT-11:30</x>;
<x>1015GMT-11:00</x>;
<x>1045GMT-10:30</x>;
<x>1115GMT-10:00</x>;
<x>1145GMT-09:30</x>;
<x>1215GMT-09:00</x>;
<x>1245GMT-08:30</x>;
<x>0115GMT-08:00</x>;
<x>0145GMT-07:30</x>;
<x>0215GMT-07:00</x>;
<x>0245GMT-06:30</x>;
<x>0315GMT-06:00</x>;
<x>0345GMT-05:30</x>;
<x>0415GMT-05:00</x>;
<x>0445GMT-04:30</x>;
<x>0515GMT-04:00</x>;
<x>0545GMT-03:30</x>;
<x>0615GMT-03:00</x>;
<x>0645GMT-02:30</x>;
<x>0715GMT-02:00</x>;
<x>0745GMT-01:30</x>;
<x>0815GMT-01:00</x>;
<x>0845GMT-00:30</x>;
<x>0915GMT+00:00</x>;
<x>0945GMT+00:30</x>;
<x>1015GMT+01:00</x>;
<x>1045GMT+01:30</x>;
<x>1115GMT+02:00</x>;
<x>1145GMT+02:30</x>;
<x>1215GMT+03:00</x>;
<x>1245GMT+03:30</x>;
<x>0115GMT+04:00</x>;
<x>0145GMT+04:30</x>;
<x>0215GMT+05:00</x>;
<x>0245GMT+05:30</x>;
<x>0315GMT+06:00</x>;
<x>0345GMT+06:30</x>;
<x>0415GMT+07:00</x>;
<x>0445GMT+07:30</x>;
<x>0515GMT+08:00</x>;
<x>0545GMT+08:30</x>;
<x>0615GMT+09:00</x>;
<x>0645GMT+09:30</x>;
<x>0715GMT+10:00</x>;
<x>0745GMT+10:30</x>;
<x>0815GMT+11:00</x>;
<x>0845GMT+11:30</x>;
<x>0915GMT+12:00</x>;
<x>0945GMT+12:30</x>;
<x>1015GMT+13:00</x>;
<x>1045GMT+13:30</x>;
<x>1115GMT+14:00</x>;
</out>
    Got:      <out>;
<x>0715GMT-14:00</x>;
<x>0745GMT-13:30</x>;
<x>0815GMT-13:00</x>;
<x>0845GMT-12:30</x>;
<x>0915GMT-12:00</x>;
<x>0945GMT-11:30</x>;
<x>1015GMT-11:00</x>;
<x>1045GMT-10:30</x>;
<x>1115GMT-10:00</x>;
<x>1145GMT-09:30</x>;
<x>1215GMT-09:00</x>;
<x>1245GMT-08:30</x>;
<x>0115GMT-08:00</x>;
<x>0145GMT-07:30</x>;
<x>0215GMT-07:00</x>;
<x>0245GMT-06:30</x>;
<x>0315GMT-06:00</x>;
<x>0345GMT-05:30</x>;
<x>0415GMT-05:00</x>;
<x>0445GMT-04:30</x>;
<x>0515GMT-04:00</x>;
<x>0545GMT-03:30</x>;
<x>0615GMT-03:00</x>;
<x>0645GMT-02:30</x>;
<x>0715GMT-02:00</x>;
<x>0745GMT-01:30</x>;
<x>0815GMT-01:00</x>;
<x>0845GMT-00:30</x>;
<x>0915GMT</x>;
<x>0945GMT+00:30</x>;
<x>1015GMT+01:00</x>;
<x>1045GMT+01:30</x>;
<x>1115GMT+02:00</x>;
<x>1145GMT+02:30</x>;
<x>1215GMT+03:00</x>;
<x>1245GMT+03:30</x>;
<x>0115GMT+04:00</x>;
<x>0145GMT+04:30</x>;
<x>0215GMT+05:00</x>;
<x>0245GMT+05:30</x>;
<x>0315GMT+06:00</x>;
<x>0345GMT+06:30</x>;
<x>0415GMT+07:00</x>;
<x>0445GMT+07:30</x>;
<x>0515GMT+08:00</x>;
<x>0545GMT+08:30</x>;
<x>0615GMT+09:00</x>;
<x>0645GMT+09:30</x>;
<x>0715GMT+10:00</x>;
<x>0745GMT+10:30</x>;
<x>0815GMT+11:00</x>;
<x>0845GMT+11:30</x>;
<x>0915GMT+12:00</x>;
<x>0945GMT+12:30</x>;
<x>1015GMT+13:00</x>;
<x>1045GMT+13:30</x>;
<x>1115GMT+14:00</x>;
</out>
  FAIL format-date-016: Result mismatch
    Expected: <?xml version="1.0" encoding="UTF-8"?><out>;
<x>0715GMT-14:00</x>;
<x>0745GMT-13:30</x>;
<x>0815GMT-13:00</x>;
<x>0845GMT-12:30</x>;
<x>0915GMT-12:00</x>;
<x>0945GMT-11:30</x>;
<x>1015GMT-11:00</x>;
<x>1045GMT-10:30</x>;
<x>1115GMT-10:00</x>;
<x>1145GMT-09:30</x>;
<x>1215GMT-09:00</x>;
<x>1245GMT-08:30</x>;
<x>0115GMT-08:00</x>;
<x>0145GMT-07:30</x>;
<x>0215GMT-07:00</x>;
<x>0245GMT-06:30</x>;
<x>0315GMT-06:00</x>;
<x>0345GMT-05:30</x>;
<x>0415GMT-05:00</x>;
<x>0445GMT-04:30</x>;
<x>0515GMT-04:00</x>;
<x>0545GMT-03:30</x>;
<x>0615GMT-03:00</x>;
<x>0645GMT-02:30</x>;
<x>0715GMT-02:00</x>;
<x>0745GMT-01:30</x>;
<x>0815GMT-01:00</x>;
<x>0845GMT-00:30</x>;
<x>0915GMT+00:00</x>;
<x>0945GMT+00:30</x>;
<x>1015GMT+01:00</x>;
<x>1045GMT+01:30</x>;
<x>1115GMT+02:00</x>;
<x>1145GMT+02:30</x>;
<x>1215GMT+03:00</x>;
<x>1245GMT+03:30</x>;
<x>0115GMT+04:00</x>;
<x>0145GMT+04:30</x>;
<x>0215GMT+05:00</x>;
<x>0245GMT+05:30</x>;
<x>0315GMT+06:00</x>;
<x>0345GMT+06:30</x>;
<x>0415GMT+07:00</x>;
<x>0445GMT+07:30</x>;
<x>0515GMT+08:00</x>;
<x>0545GMT+08:30</x>;
<x>0615GMT+09:00</x>;
<x>0645GMT+09:30</x>;
<x>0715GMT+10:00</x>;
<x>0745GMT+10:30</x>;
<x>0815GMT+11:00</x>;
<x>0845GMT+11:30</x>;
<x>0915GMT+12:00</x>;
<x>0945GMT+12:30</x>;
<x>1015GMT+13:00</x>;
<x>1045GMT+13:30</x>;
<x>1115GMT+14:00</x>;
</out>
    Got:      <out>;
<x>0715GMT-14:00</x>;
<x>0745GMT-13:30</x>;
<x>0815GMT-13:00</x>;
<x>0845GMT-12:30</x>;
<x>0915GMT-12:00</x>;
<x>0945GMT-11:30</x>;
<x>1015GMT-11:00</x>;
<x>1045GMT-10:30</x>;
<x>1115GMT-10:00</x>;
<x>1145GMT-09:30</x>;
<x>1215GMT-09:00</x>;
<x>1245GMT-08:30</x>;
<x>0115GMT-08:00</x>;
<x>0145GMT-07:30</x>;
<x>0215GMT-07:00</x>;
<x>0245GMT-06:30</x>;
<x>0315GMT-06:00</x>;
<x>0345GMT-05:30</x>;
<x>0415GMT-05:00</x>;
<x>0445GMT-04:30</x>;
<x>0515GMT-04:00</x>;
<x>0545GMT-03:30</x>;
<x>0615GMT-03:00</x>;
<x>0645GMT-02:30</x>;
<x>0715GMT-02:00</x>;
<x>0745GMT-01:30</x>;
<x>0815GMT-01:00</x>;
<x>0845GMT-00:30</x>;
<x>0915GMT</x>;
<x>0945GMT+00:30</x>;
<x>1015GMT+01:00</x>;
<x>1045GMT+01:30</x>;
<x>1115GMT+02:00</x>;
<x>1145GMT+02:30</x>;
<x>1215GMT+03:00</x>;
<x>1245GMT+03:30</x>;
<x>0115GMT+04:00</x>;
<x>0145GMT+04:30</x>;
<x>0215GMT+05:00</x>;
<x>0245GMT+05:30</x>;
<x>0315GMT+06:00</x>;
<x>0345GMT+06:30</x>;
<x>0415GMT+07:00</x>;
<x>0445GMT+07:30</x>;
<x>0515GMT+08:00</x>;
<x>0545GMT+08:30</x>;
<x>0615GMT+09:00</x>;
<x>0645GMT+09:30</x>;
<x>0715GMT+10:00</x>;
<x>0745GMT+10:30</x>;
<x>0815GMT+11:00</x>;
<x>0845GMT+11:30</x>;
<x>0915GMT+12:00</x>;
<x>0945GMT+12:30</x>;
<x>1015GMT+13:00</x>;
<x>1045GMT+13:30</x>;
<x>1115GMT+14:00</x>;
</out>
  FAIL format-date-017: Result mismatch
    Expected: <?xml version="1.0" encoding="UTF-8"?><out>;
<x>0715GMT-14</x>;
<x>0745GMT-13:30</x>;
<x>0815GMT-13</x>;
<x>0845GMT-12:30</x>;
<x>0915GMT-12</x>;
<x>0945GMT-11:30</x>;
<x>1015GMT-11</x>;
<x>1045GMT-10:30</x>;
<x>1115GMT-10</x>;
<x>1145GMT-09:30</x>;
<x>1215GMT-09</x>;
<x>1245GMT-08:30</x>;
<x>0115GMT-08</x>;
<x>0145GMT-07:30</x>;
<x>0215GMT-07</x>;
<x>0245GMT-06:30</x>;
<x>0315GMT-06</x>;
<x>0345GMT-05:30</x>;
<x>0415GMT-05</x>;
<x>0445GMT-04:30</x>;
<x>0515GMT-04</x>;
<x>0545GMT-03:30</x>;
<x>0615GMT-03</x>;
<x>0645GMT-02:30</x>;
<x>0715GMT-02</x>;
<x>0745GMT-01:30</x>;
<x>0815GMT-01</x>;
<x>0845GMT-00:30</x>;
<x>0915GMT+00</x>;
<x>0945GMT+00:30</x>;
<x>1015GMT+01</x>;
<x>1045GMT+01:30</x>;
<x>1115GMT+02</x>;
<x>1145GMT+02:30</x>;
<x>1215GMT+03</x>;
<x>1245GMT+03:30</x>;
<x>0115GMT+04</x>;
<x>0145GMT+04:30</x>;
<x>0215GMT+05</x>;
<x>0245GMT+05:30</x>;
<x>0315GMT+06</x>;
<x>0345GMT+06:30</x>;
<x>0415GMT+07</x>;
<x>0445GMT+07:30</x>;
<x>0515GMT+08</x>;
<x>0545GMT+08:30</x>;
<x>0615GMT+09</x>;
<x>0645GMT+09:30</x>;
<x>0715GMT+10</x>;
<x>0745GMT+10:30</x>;
<x>0815GMT+11</x>;
<x>0845GMT+11:30</x>;
<x>0915GMT+12</x>;
<x>0945GMT+12:30</x>;
<x>1015GMT+13</x>;
<x>1045GMT+13:30</x>;
<x>1115GMT+14</x>;
</out>
    Got:      <out>;
<x>0715GMT-14:00</x>;
<x>0745GMT-13:30</x>;
<x>0815GMT-13:00</x>;
<x>0845GMT-12:30</x>;
<x>0915GMT-12:00</x>;
<x>0945GMT-11:30</x>;
<x>1015GMT-11:00</x>;
<x>1045GMT-10:30</x>;
<x>1115GMT-10:00</x>;
<x>1145GMT-09:30</x>;
<x>1215GMT-09:00</x>;
<x>1245GMT-08:30</x>;
<x>0115GMT-08:00</x>;
<x>0145GMT-07:30</x>;
<x>0215GMT-07:00</x>;
<x>0245GMT-06:30</x>;
<x>0315GMT-06:00</x>;
<x>0345GMT-05:30</x>;
<x>0415GMT-05:00</x>;
<x>0445GMT-04:30</x>;
<x>0515GMT-04:00</x>;
<x>0545GMT-03:30</x>;
<x>0615GMT-03:00</x>;
<x>0645GMT-02:30</x>;
<x>0715GMT-02:00</x>;
<x>0745GMT-01:30</x>;
<x>0815GMT-01:00</x>;
<x>0845GMT-00:30</x>;
<x>0915GMT</x>;
<x>0945GMT+00:30</x>;
<x>1015GMT+01:00</x>;
<x>1045GMT+01:30</x>;
<x>1115GMT+02:00</x>;
<x>1145GMT+02:30</x>;
<x>1215GMT+03:00</x>;
<x>1245GMT+03:30</x>;
<x>0115GMT+04:00</x>;
<x>0145GMT+04:30</x>;
<x>0215GMT+05:00</x>;
<x>0245GMT+05:30</x>;
<x>0315GMT+06:00</x>;
<x>0345GMT+06:30</x>;
<x>0415GMT+07:00</x>;
<x>0445GMT+07:30</x>;
<x>0515GMT+08:00</x>;
<x>0545GMT+08:30</x>;
<x>0615GMT+09:00</x>;
<x>0645GMT+09:30</x>;
<x>0715GMT+10:00</x>;
<x>0745GMT+10:30</x>;
<x>0815GMT+11:00</x>;
<x>0845GMT+11:30</x>;
<x>0915GMT+12:00</x>;
<x>0945GMT+12:30</x>;
<x>1015GMT+13:00</x>;
<x>1045GMT+13:30</x>;
<x>1115GMT+14:00</x>;
</out>
  FAIL format-date-018: Result mismatch
    Expected: <?xml version="1.0" encoding="UTF-8"?><out>;
<x>0715GMT-14</x>;
<x>0745GMT-13:30</x>;
<x>0815GMT-13</x>;
<x>0845GMT-12:30</x>;
<x>0915GMT-12</x>;
<x>0945GMT-11:30</x>;
<x>1015GMT-11</x>;
<x>1045GMT-10:30</x>;
<x>1115GMT-10</x>;
<x>1145GMT-9:30</x>;
<x>1215GMT-9</x>;
<x>1245GMT-8:30</x>;
<x>0115GMT-8</x>;
<x>0145GMT-7:30</x>;
<x>0215GMT-7</x>;
<x>0245GMT-6:30</x>;
<x>0315GMT-6</x>;
<x>0345GMT-5:30</x>;
<x>0415GMT-5</x>;
<x>0445GMT-4:30</x>;
<x>0515GMT-4</x>;
<x>0545GMT-3:30</x>;
<x>0615GMT-3</x>;
<x>0645GMT-2:30</x>;
<x>0715GMT-2</x>;
<x>0745GMT-1:30</x>;
<x>0815GMT-1</x>;
<x>0845GMT-0:30</x>;
<x>0915GMT+0</x>;
<x>0945GMT+0:30</x>;
<x>1015GMT+1</x>;
<x>1045GMT+1:30</x>;
<x>1115GMT+2</x>;
<x>1145GMT+2:30</x>;
<x>1215GMT+3</x>;
<x>1245GMT+3:30</x>;
<x>0115GMT+4</x>;
<x>0145GMT+4:30</x>;
<x>0215GMT+5</x>;
<x>0245GMT+5:30</x>;
<x>0315GMT+6</x>;
<x>0345GMT+6:30</x>;
<x>0415GMT+7</x>;
<x>0445GMT+7:30</x>;
<x>0515GMT+8</x>;
<x>0545GMT+8:30</x>;
<x>0615GMT+9</x>;
<x>0645GMT+9:30</x>;
<x>0715GMT+10</x>;
<x>0745GMT+10:30</x>;
<x>0815GMT+11</x>;
<x>0845GMT+11:30</x>;
<x>0915GMT+12</x>;
<x>0945GMT+12:30</x>;
<x>1015GMT+13</x>;
<x>1045GMT+13:30</x>;
<x>1115GMT+14</x>;
</out>
    Got:      <out>;
<x>0715GMT-14:00</x>;
<x>0745GMT-13:30</x>;
<x>0815GMT-13:00</x>;
<x>0845GMT-12:30</x>;
<x>0915GMT-12:00</x>;
<x>0945GMT-11:30</x>;
<x>1015GMT-11:00</x>;
<x>1045GMT-10:30</x>;
<x>1115GMT-10:00</x>;
<x>1145GMT-09:30</x>;
<x>1215GMT-09:00</x>;
<x>1245GMT-08:30</x>;
<x>0115GMT-08:00</x>;
<x>0145GMT-07:30</x>;
<x>0215GMT-07:00</x>;
<x>0245GMT-06:30</x>;
<x>0315GMT-06:00</x>;
<x>0345GMT-05:30</x>;
<x>0415GMT-05:00</x>;
<x>0445GMT-04:30</x>;
<x>0515GMT-04:00</x>;
<x>0545GMT-03:30</x>;
<x>0615GMT-03:00</x>;
<x>0645GMT-02:30</x>;
<x>0715GMT-02:00</x>;
<x>0745GMT-01:30</x>;
<x>0815GMT-01:00</x>;
<x>0845GMT-00:30</x>;
<x>0915GMT</x>;
<x>0945GMT+00:30</x>;
<x>1015GMT+01:00</x>;
<x>1045GMT+01:30</x>;
<x>1115GMT+02:00</x>;
<x>1145GMT+02:30</x>;
<x>1215GMT+03:00</x>;
<x>1245GMT+03:30</x>;
<x>0115GMT+04:00</x>;
<x>0145GMT+04:30</x>;
<x>0215GMT+05:00</x>;
<x>0245GMT+05:30</x>;
<x>0315GMT+06:00</x>;
<x>0345GMT+06:30</x>;
<x>0415GMT+07:00</x>;
<x>0445GMT+07:30</x>;
<x>0515GMT+08:00</x>;
<x>0545GMT+08:30</x>;
<x>0615GMT+09:00</x>;
<x>0645GMT+09:30</x>;
<x>0715GMT+10:00</x>;
<x>0745GMT+10:30</x>;
<x>0815GMT+11:00</x>;
<x>0845GMT+11:30</x>;
<x>0915GMT+12:00</x>;
<x>0945GMT+12:30</x>;
<x>1015GMT+13:00</x>;
<x>1045GMT+13:30</x>;
<x>1115GMT+14:00</x>;
</out>
  FAIL format-date-036: FOFD1340
  PASS format-date-037
  Done: format-date (40 tests, 21 passed, 16 failed, 3 skipped)
  Starting: format-date-en ...
  PASS format-date-en-001
  PASS format-date-en-002
  PASS format-date-en-003
  FAIL format-date-en-004: Result mismatch
    Expected: <?xml version="1.0" encoding="UTF-8"?><out>;
 <z>JAN</z>;
 <z>FEB</z>;
 <z>MAR</z>;
 <z>APR</z>;
 <z>MAY</z>;
 <z>JUN</z>;
 <z>JUL</z>;
 <z>AUG</z>;
 <z>SEP</z>;
 <z>OCT</z>;
 <z>NOV</z>;
 <z>DEC</z>;
 </out>
    Got:      <out>;
 <z>JANUARY</z>;
 <z>FEBRUARY</z>;
 <z>MARCH</z>;
 <z>APRIL</z>;
 <z>MAY</z>;
 <z>JUNE</z>;
 <z>JULY</z>;
 <z>AUGUST</z>;
 <z>SEPTEMBER</z>;
 <z>OCTOBER</z>;
 <z>NOVEMBER</z>;
 <z>DECEMBER</z>;
 </out>
  FAIL format-date-en-005: Result mismatch
    Expected: <?xml version="1.0" encoding="UTF-8"?><out>;
 <z>jan</z>;
 <z>feb</z>;
 <z>mar</z>;
 <z>apr</z>;
 <z>may</z>;
 <z>jun</z>;
 <z>jul</z>;
 <z>aug</z>;
 <z>sep</z>;
 <z>oct</z>;
 <z>nov</z>;
 <z>dec</z>;
 </out>
    Got:      <out>;
 <z>january</z>;
 <z>february</z>;
 <z>march</z>;
 <z>april</z>;
 <z>may</z>;
 <z>june</z>;
 <z>july</z>;
 <z>august</z>;
 <z>september</z>;
 <z>october</z>;
 <z>november</z>;
 <z>december</z>;
 </out>
  FAIL format-date-en-006: Result mismatch
    Expected: <?xml version="1.0" encoding="UTF-8"?><out>;
 <z>Jan</z>;
 <z>Feb</z>;
 <z>Mar</z>;
 <z>Apr</z>;
 <z>May</z>;
 <z>Jun</z>;
 <z>Jul</z>;
 <z>Aug</z>;
 <z>Sep</z>;
 <z>Oct</z>;
 <z>Nov</z>;
 <z>Dec</z>;
 </out>
    Got:      <out>;
 <z>January</z>;
 <z>February</z>;
 <z>March</z>;
 <z>April</z>;
 <z>May</z>;
 <z>June</z>;
 <z>July</z>;
 <z>August</z>;
 <z>September</z>;
 <z>October</z>;
 <z>November</z>;
 <z>December</z>;
 </out>
  FAIL format-date-en-007: Result mismatch
    Expected: <out>;
 <z>MONDAY</z>;
 <z>TUESDAY</z>;
 <z>WEDNESDAY</z>;
 <z>THURSDAY</z>;
 <z>FRIDAY</z>;
 <z>SATURDAY</z>;
 <z>SUNDAY</z>;
 </out>
    Got:      <out>;
 <z>SUNDAY</z>;
 <z>MONDAY</z>;
 <z>TUESDAY</z>;
 <z>WEDNESDAY</z>;
 <z>THURSDAY</z>;
 <z>FRIDAY</z>;
 <z>SATURDAY</z>;
 </out>
  FAIL format-date-en-008: Result mismatch
    Expected: <out>;
 <z>monday</z>;
 <z>tuesday</z>;
 <z>wednesday</z>;
 <z>thursday</z>;
 <z>friday</z>;
 <z>saturday</z>;
 <z>sunday</z>;
 </out>
    Got:      <out>;
 <z>sunday</z>;
 <z>monday</z>;
 <z>tuesday</z>;
 <z>wednesday</z>;
 <z>thursday</z>;
 <z>friday</z>;
 <z>saturday</z>;
 </out>
  FAIL format-date-en-009: Result mismatch
    Expected: <out>;
 <z>Monday</z>;
 <z>Tuesday</z>;
 <z>Wednesday</z>;
 <z>Thursday</z>;
 <z>Friday</z>;
 <z>Saturday</z>;
 <z>Sunday</z>;
 </out>
    Got:      <out>;
 <z>Sunday</z>;
 <z>Monday</z>;
 <z>Tuesday</z>;
 <z>Wednesday</z>;
 <z>Thursday</z>;
 <z>Friday</z>;
 <z>Saturday</z>;
 </out>
  FAIL format-date-en-010: Result mismatch
    Expected: <out>;
 <z>MON</z>;
 <z>TUE</z>;
 <z>WED</z>;
 <z>THU</z>;
 <z>FRI</z>;
 <z>SAT</z>;
 <z>SUN</z>;
 </out>
    Got:      <out>;
 <z>SUNDAY</z>;
 <z>MONDAY</z>;
 <z>TUESDAY</z>;
 <z>WEDNESDAY</z>;
 <z>THURSDAY</z>;
 <z>FRIDAY</z>;
 <z>SATURDAY</z>;
 </out>
  FAIL format-date-en-011: Result mismatch
    Expected: <out>;
 <z>MON</z>;
 <z>TUE</z>;
 <z>WED</z>;
 <z>THU</z>;
 <z>FRI</z>;
 <z>SAT</z>;
 <z>SUN</z>;
 </out>
    Got:      <out>;
 <z>SUNDAY</z>;
 <z>MONDAY</z>;
 <z>TUESDAY</z>;
 <z>WEDNESDAY</z>;
 <z>THURSDAY</z>;
 <z>FRIDAY</z>;
 <z>SATURDAY</z>;
 </out>
  FAIL format-date-en-012: Result mismatch
    Expected: <out>;
 <z>Mon</z>;
 <z>Tue</z>;
 <z>Wed</z>;
 <z>Thu</z>;
 <z>Fri</z>;
 <z>Sat</z>;
 <z>Sun</z>;
 </out>
    Got:      <out>;
 <z>Sunday</z>;
 <z>Monday</z>;
 <z>Tuesday</z>;
 <z>Wednesday</z>;
 <z>Thursday</z>;
 <z>Friday</z>;
 <z>Saturday</z>;
 </out>
  FAIL format-date-en-013: Result mismatch
    Expected: <out><z>Mon true</z><z>Tue true</z><z>Wed true</z><z>Thu true</z><z>Fri true</z><z>Sat true</z><z>Sun true</z></out>
    Got:      <out><z>Sun false</z><z>Mon false</z><z>Tue false</z><z>Wed false</z><z>Thu false</z><z>Fri false</z><z>Sat false</z></out>
  FAIL format-date-en-014: Result mismatch
    Expected: <out><z>Mon true</z><z>Tue true</z><z>Wed true</z><z>Thu true</z><z>Fri true</z><z>Sat true</z><z>Sun true</z></out>
    Got:      <out><z>Sun false</z><z>Mon false</z><z>Tue false</z><z>Wed false</z><z>Thu false</z><z>Fri false</z><z>Sat false</z></out>
  FAIL format-date-en-015: Result mismatch
    Expected: <?xml version="1.0" encoding="UTF-8"?><out>;
 <z>1st</z>;
 <z>2nd</z>;
 <z>3rd</z>;
 <z>4th</z>;
 <z>5th</z>;
 <z>6th</z>;
 <z>7th</z>;
 <z>8th</z>;
 <z>9th</z>;
 <z>10th</z>;
 <z>11th</z>;
 <z>12th</z>;
 <z>13th</z>;
 <z>14th</z>;
 <z>15th</z>;
 <z>16th</z>;
 <z>17th</z>;
 <z>18th</z>;
 <z>19th</z>;
 <z>20th</z>;
 <z>21st</z>;
 <z>22nd</z>;
 <z>23rd</z>;
 <z>24th</z>;
 <z>25th</z>;
 <z>26th</z>;
 <z>27th</z>;
 <z>28th</z>;
 <z>29th</z>;
 <z>30th</z>;
 <z>31st</z>;
 </out>
    Got:      <out>;
 <z>1</z>;
 <z>2</z>;
 <z>3</z>;
 <z>4</z>;
 <z>5</z>;
 <z>6</z>;
 <z>7</z>;
 <z>8</z>;
 <z>9</z>;
 <z>10</z>;
 <z>11</z>;
 <z>12</z>;
 <z>13</z>;
 <z>14</z>;
 <z>15</z>;
 <z>16</z>;
 <z>17</z>;
 <z>18</z>;
 <z>19</z>;
 <z>20</z>;
 <z>21</z>;
 <z>22</z>;
 <z>23</z>;
 <z>24</z>;
 <z>25</z>;
 <z>26</z>;
 <z>27</z>;
 <z>28</z>;
 <z>29</z>;
 <z>30</z>;
 <z>31</z>;
 </out>
  FAIL format-date-en-016: Result mismatch
    Expected: <?xml version="1.0" encoding="UTF-8"?><out>;
 <z>1990th</z>;
 <z>1991st</z>;
 <z>1992nd</z>;
 <z>1993rd</z>;
 <z>1994th</z>;
 <z>1995th</z>;
 <z>1996th</z>;
 <z>1997th</z>;
 <z>1998th</z>;
 <z>1999th</z>;
 <z>2000th</z>;
 <z>2001st</z>;
 <z>2002nd</z>;
 <z>2003rd</z>;
 <z>2004th</z>;
 <z>2005th</z>;
 <z>2006th</z>;
 <z>2007th</z>;
 <z>2008th</z>;
 <z>2009th</z>;
 <z>2010th</z>;
 <z>2011th</z>;
 <z>2012th</z>;
 <z>2013th</z>;
 <z>2014th</z>;
 <z>2015th</z>;
 <z>2016th</z>;
 <z>2017th</z>;
 <z>2018th</z>;
 <z>2019th</z>;
 <z>2020th</z>;
 </out>
    Got:      <out>;
 <z>0</z>;
 <z>1</z>;
 <z>2</z>;
 <z>3</z>;
 <z>4</z>;
 <z>5</z>;
 <z>6</z>;
 <z>7</z>;
 <z>8</z>;
 <z>9</z>;
 <z>0</z>;
 <z>1</z>;
 <z>2</z>;
 <z>3</z>;
 <z>4</z>;
 <z>5</z>;
 <z>6</z>;
 <z>7</z>;
 <z>8</z>;
 <z>9</z>;
 <z>0</z>;
 <z>1</z>;
 <z>2</z>;
 <z>3</z>;
 <z>4</z>;
 <z>5</z>;
 <z>6</z>;
 <z>7</z>;
 <z>8</z>;
 <z>9</z>;
 <z>0</z>;
 </out>
  FAIL format-date-en-017: Result mismatch
    Expected: (complex assertion)
    Got:      <out>;
 <z>1</z>;
 <z>2</z>;
 <z>3</z>;
 <z>4</z>;
 <z>5</z>;
 <z>6</z>;
 <z>7</z>;
 <z>8</z>;
 <z>9</z>;
 <z>10</z>;
 <z>11</z>;
 <z>12</z>;
 <z>13</z>;
 <z>14</z>;
 <z>15</z>;
 <z>16</z>;
 <z>17</z>;
 <z>18</z>;
 <z>19</z>;
 <z>20</z>;
 <z>21</z>;
 <z>22</z>;
 <z>23</z>;
 <z>24</z>;
 <z>25</z>;
 <z>26</z>;
 <z>27</z>;
 <z>28</z>;
 <z>29</z>;
 <z>30</z>;
 <z>31</z>;
 </out>
  FAIL format-date-en-018: Result mismatch
    Expected: (complex assertion)
    Got:      <out>;
 <z>1</z>;
 <z>2</z>;
 <z>3</z>;
 <z>4</z>;
 <z>5</z>;
 <z>6</z>;
 <z>7</z>;
 <z>8</z>;
 <z>9</z>;
 <z>10</z>;
 <z>11</z>;
 <z>12</z>;
 <z>13</z>;
 <z>14</z>;
 <z>15</z>;
 <z>16</z>;
 <z>17</z>;
 <z>18</z>;
 <z>19</z>;
 <z>20</z>;
 <z>21</z>;
 <z>22</z>;
 <z>23</z>;
 <z>24</z>;
 <z>25</z>;
 <z>26</z>;
 <z>27</z>;
 <z>28</z>;
 <z>29</z>;
 <z>30</z>;
 <z>31</z>;
 </out>
  FAIL format-date-en-019: Result mismatch
    Expected: (complex assertion)
    Got:      <out>;
 <z>1</z>;
 <z>2</z>;
 <z>3</z>;
 <z>4</z>;
 <z>5</z>;
 <z>6</z>;
 <z>7</z>;
 <z>8</z>;
 <z>9</z>;
 <z>10</z>;
 <z>11</z>;
 <z>12</z>;
 <z>13</z>;
 <z>14</z>;
 <z>15</z>;
 <z>16</z>;
 <z>17</z>;
 <z>18</z>;
 <z>19</z>;
 <z>20</z>;
 <z>21</z>;
 <z>22</z>;
 <z>23</z>;
 <z>24</z>;
 <z>25</z>;
 <z>26</z>;
 <z>27</z>;
 <z>28</z>;
 <z>29</z>;
 <z>30</z>;
 <z>31</z>;
 </out>
  FAIL format-date-en-020: Result mismatch
    Expected: (complex assertion)
    Got:      <out>;
 <z>1990</z>;
 <z>1991</z>;
 <z>1992</z>;
 <z>1993</z>;
 <z>1994</z>;
 <z>1995</z>;
 <z>1996</z>;
 <z>1997</z>;
 <z>1998</z>;
 <z>1999</z>;
 <z>2000</z>;
 <z>2001</z>;
 <z>2002</z>;
 <z>2003</z>;
 <z>2004</z>;
 <z>2005</z>;
 <z>2006</z>;
 <z>2007</z>;
 <z>2008</z>;
 <z>2009</z>;
 <z>2010</z>;
 <z>2011</z>;
 <z>2012</z>;
 <z>2013</z>;
 <z>2014</z>;
 <z>2015</z>;
 <z>2016</z>;
 <z>2017</z>;
 <z>2018</z>;
 <z>2019</z>;
 <z>2020</z>;
 </out>
  FAIL format-date-en-021: Result mismatch
    Expected: (complex assertion)
    Got:      <out>;
 <z>1990</z>;
 <z>1991</z>;
 <z>1992</z>;
 <z>1993</z>;
 <z>1994</z>;
 <z>1995</z>;
 <z>1996</z>;
 <z>1997</z>;
 <z>1998</z>;
 <z>1999</z>;
 <z>2000</z>;
 <z>2001</z>;
 <z>2002</z>;
 <z>2003</z>;
 <z>2004</z>;
 <z>2005</z>;
 <z>2006</z>;
 <z>2007</z>;
 <z>2008</z>;
 <z>2009</z>;
 <z>2010</z>;
 <z>2011</z>;
 <z>2012</z>;
 <z>2013</z>;
 <z>2014</z>;
 <z>2015</z>;
 <z>2016</z>;
 <z>2017</z>;
 <z>2018</z>;
 <z>2019</z>;
 <z>2020</z>;
 </out>
  FAIL format-date-en-022: Result mismatch
    Expected: (complex assertion)
    Got:      <out>;
 <z>1990</z>;
 <z>1991</z>;
 <z>1992</z>;
 <z>1993</z>;
 <z>1994</z>;
 <z>1995</z>;
 <z>1996</z>;
 <z>1997</z>;
 <z>1998</z>;
 <z>1999</z>;
 <z>2000</z>;
 <z>2001</z>;
 <z>2002</z>;
 <z>2003</z>;
 <z>2004</z>;
 <z>2005</z>;
 <z>2006</z>;
 <z>2007</z>;
 <z>2008</z>;
 <z>2009</z>;
 <z>2010</z>;
 <z>2011</z>;
 <z>2012</z>;
 <z>2013</z>;
 <z>2014</z>;
 <z>2015</z>;
 <z>2016</z>;
 <z>2017</z>;
 <z>2018</z>;
 <z>2019</z>;
 <z>2020</z>;
 </out>
  FAIL format-date-en-023: Result mismatch
    Expected: <?xml version="1.0" encoding="UTF-8"?><out>;
 <z>FIRST</z>;
 <z>SECOND</z>;
 <z>THIRD</z>;
 <z>FOURTH</z>;
 <z>FIFTH</z>;
 <z>SIXTH</z>;
 <z>SEVENTH</z>;
 <z>EIGHTH</z>;
 <z>NINTH</z>;
 <z>TENTH</z>;
 <z>ELEVENTH</z>;
 <z>TWELFTH</z>;
 <z>THIRTEENTH</z>;
 <z>FOURTEENTH</z>;
 <z>FIFTEENTH</z>;
 <z>SIXTEENTH</z>;
 <z>SEVENTEENTH</z>;
 <z>EIGHTEENTH</z>;
 <z>NINETEENTH</z>;
 <z>TWENTIETH</z>;
 <z>TWENTYFIRST</z>;
 <z>TWENTYSECOND</z>;
 <z>TWENTYTHIRD</z>;
 <z>TWENTYFOURTH</z>;
 <z>TWENTYFIFTH</z>;
 <z>TWENTYSIXTH</z>;
 <z>TWENTYSEVENTH</z>;
 <z>TWENTYEIGHTH</z>;
 <z>TWENTYNINTH</z>;
 <z>THIRTIETH</z>;
 <z>THIRTYFIRST</z>;
 </out>
    Got:      <out>;
 <z>1</z>;
 <z>2</z>;
 <z>3</z>;
 <z>4</z>;
 <z>5</z>;
 <z>6</z>;
 <z>7</z>;
 <z>8</z>;
 <z>9</z>;
 <z>10</z>;
 <z>11</z>;
 <z>12</z>;
 <z>13</z>;
 <z>14</z>;
 <z>15</z>;
 <z>16</z>;
 <z>17</z>;
 <z>18</z>;
 <z>19</z>;
 <z>20</z>;
 <z>21</z>;
 <z>22</z>;
 <z>23</z>;
 <z>24</z>;
 <z>25</z>;
 <z>26</z>;
 <z>27</z>;
 <z>28</z>;
 <z>29</z>;
 <z>30</z>;
 <z>31</z>;
 </out>
  FAIL format-date-en-024: Result mismatch
    Expected: <?xml version="1.0" encoding="UTF-8"?><out>;
 <z>first</z>;
 <z>second</z>;
 <z>third</z>;
 <z>fourth</z>;
 <z>fifth</z>;
 <z>sixth</z>;
 <z>seventh</z>;
 <z>eighth</z>;
 <z>ninth</z>;
 <z>tenth</z>;
 <z>eleventh</z>;
 <z>twelfth</z>;
 <z>thirteenth</z>;
 <z>fourteenth</z>;
 <z>fifteenth</z>;
 <z>sixteenth</z>;
 <z>seventeenth</z>;
 <z>eighteenth</z>;
 <z>nineteenth</z>;
 <z>twentieth</z>;
 <z>twentyfirst</z>;
 <z>twentysecond</z>;
 <z>twentythird</z>;
 <z>twentyfourth</z>;
 <z>twentyfifth</z>;
 <z>twentysixth</z>;
 <z>twentyseventh</z>;
 <z>twentyeighth</z>;
 <z>twentyninth</z>;
 <z>thirtieth</z>;
 <z>thirtyfirst</z>;
 </out>
    Got:      <out>;
 <z>1</z>;
 <z>2</z>;
 <z>3</z>;
 <z>4</z>;
 <z>5</z>;
 <z>6</z>;
 <z>7</z>;
 <z>8</z>;
 <z>9</z>;
 <z>10</z>;
 <z>11</z>;
 <z>12</z>;
 <z>13</z>;
 <z>14</z>;
 <z>15</z>;
 <z>16</z>;
 <z>17</z>;
 <z>18</z>;
 <z>19</z>;
 <z>20</z>;
 <z>21</z>;
 <z>22</z>;
 <z>23</z>;
 <z>24</z>;
 <z>25</z>;
 <z>26</z>;
 <z>27</z>;
 <z>28</z>;
 <z>29</z>;
 <z>30</z>;
 <z>31</z>;
 </out>
  FAIL format-date-en-025: Result mismatch
    Expected: <?xml version="1.0" encoding="UTF-8"?><out>;
 <z>First</z>;
 <z>Second</z>;
 <z>Third</z>;
 <z>Fourth</z>;
 <z>Fifth</z>;
 <z>Sixth</z>;
 <z>Seventh</z>;
 <z>Eighth</z>;
 <z>Ninth</z>;
 <z>Tenth</z>;
 <z>Eleventh</z>;
 <z>Twelfth</z>;
 <z>Thirteenth</z>;
 <z>Fourteenth</z>;
 <z>Fifteenth</z>;
 <z>Sixteenth</z>;
 <z>Seventeenth</z>;
 <z>Eighteenth</z>;
 <z>Nineteenth</z>;
 <z>Twentieth</z>;
 <z>TwentyFirst</z>;
 <z>TwentySecond</z>;
 <z>TwentyThird</z>;
 <z>TwentyFourth</z>;
 <z>TwentyFifth</z>;
 <z>TwentySixth</z>;
 <z>TwentySeventh</z>;
 <z>TwentyEighth</z>;
 <z>TwentyNinth</z>;
 <z>Thirtieth</z>;
 <z>ThirtyFirst</z>;
 </out>
    Got:      <out>;
 <z>1</z>;
 <z>2</z>;
 <z>3</z>;
 <z>4</z>;
 <z>5</z>;
 <z>6</z>;
 <z>7</z>;
 <z>8</z>;
 <z>9</z>;
 <z>10</z>;
 <z>11</z>;
 <z>12</z>;
 <z>13</z>;
 <z>14</z>;
 <z>15</z>;
 <z>16</z>;
 <z>17</z>;
 <z>18</z>;
 <z>19</z>;
 <z>20</z>;
 <z>21</z>;
 <z>22</z>;
 <z>23</z>;
 <z>24</z>;
 <z>25</z>;
 <z>26</z>;
 <z>27</z>;
 <z>28</z>;
 <z>29</z>;
 <z>30</z>;
 <z>31</z>;
 </out>
  FAIL format-date-en-026: Result mismatch
    Expected: <?xml version="1.0" encoding="UTF-8"?><out>;
 <z>ONETHOUSANDNINEHUNDREDANDNINETIETH</z>;
 <z>ONETHOUSANDNINEHUNDREDANDNINETYFIRST</z>;
 <z>ONETHOUSANDNINEHUNDREDANDNINETYSECOND</z>;
 <z>ONETHOUSANDNINEHUNDREDANDNINETYTHIRD</z>;
 <z>ONETHOUSANDNINEHUNDREDANDNINETYFOURTH</z>;
 <z>ONETHOUSANDNINEHUNDREDANDNINETYFIFTH</z>;
 <z>ONETHOUSANDNINEHUNDREDANDNINETYSIXTH</z>;
 <z>ONETHOUSANDNINEHUNDREDANDNINETYSEVENTH</z>;
 <z>ONETHOUSANDNINEHUNDREDANDNINETYEIGHTH</z>;
 <z>ONETHOUSANDNINEHUNDREDANDNINETYNINTH</z>;
 <z>TWOTHOUSANDTH</z>;
 <z>TWOTHOUSANDANDFIRST</z>;
 <z>TWOTHOUSANDANDSECOND</z>;
 <z>TWOTHOUSANDANDTHIRD</z>;
 <z>TWOTHOUSANDANDFOURTH</z>;
 <z>TWOTHOUSANDANDFIFTH</z>;
 <z>TWOTHOUSANDANDSIXTH</z>;
 <z>TWOTHOUSANDANDSEVENTH</z>;
 <z>TWOTHOUSANDANDEIGHTH</z>;
 <z>TWOTHOUSANDANDNINTH</z>;
 <z>TWOTHOUSANDANDTENTH</z>;
 <z>TWOTHOUSANDANDELEVENTH</z>;
 <z>TWOTHOUSANDANDTWELFTH</z>;
 <z>TWOTHOUSANDANDTHIRTEENTH</z>;
 <z>TWOTHOUSANDANDFOURTEENTH</z>;
 <z>TWOTHOUSANDANDFIFTEENTH</z>;
 <z>TWOTHOUSANDANDSIXTEENTH</z>;
 <z>TWOTHOUSANDANDSEVENTEENTH</z>;
 <z>TWOTHOUSANDANDEIGHTEENTH</z>;
 <z>TWOTHOUSANDANDNINETEENTH</z>;
 <z>TWOTHOUSANDANDTWENTIETH</z>;
 </out>
    Got:      <out>;
 <z>1990</z>;
 <z>1991</z>;
 <z>1992</z>;
 <z>1993</z>;
 <z>1994</z>;
 <z>1995</z>;
 <z>1996</z>;
 <z>1997</z>;
 <z>1998</z>;
 <z>1999</z>;
 <z>2000</z>;
 <z>2001</z>;
 <z>2002</z>;
 <z>2003</z>;
 <z>2004</z>;
 <z>2005</z>;
 <z>2006</z>;
 <z>2007</z>;
 <z>2008</z>;
 <z>2009</z>;
 <z>2010</z>;
 <z>2011</z>;
 <z>2012</z>;
 <z>2013</z>;
 <z>2014</z>;
 <z>2015</z>;
 <z>2016</z>;
 <z>2017</z>;
 <z>2018</z>;
 <z>2019</z>;
 <z>2020</z>;
 </out>
  FAIL format-date-en-027: Result mismatch
    Expected: <out>true</out>
    Got:      <out>false</out>
  FAIL format-date-en-028: Result mismatch
    Expected: <?xml version="1.0" encoding="UTF-8"?><out>;
 <z>OneThousandNineHundredandNinetieth</z>;
 <z>OneThousandNineHundredandNinetyFirst</z>;
 <z>OneThousandNineHundredandNinetySecond</z>;
 <z>OneThousandNineHundredandNinetyThird</z>;
 <z>OneThousandNineHundredandNinetyFourth</z>;
 <z>OneThousandNineHundredandNinetyFifth</z>;
 <z>OneThousandNineHundredandNinetySixth</z>;
 <z>OneThousandNineHundredandNinetySeventh</z>;
 <z>OneThousandNineHundredandNinetyEighth</z>;
 <z>OneThousandNineHundredandNinetyNinth</z>;
 <z>TwoThousandth</z>;
 <z>TwoThousandandFirst</z>;
 <z>TwoThousandandSecond</z>;
 <z>TwoThousandandThird</z>;
 <z>TwoThousandandFourth</z>;
 <z>TwoThousandandFifth</z>;
 <z>TwoThousandandSixth</z>;
 <z>TwoThousandandSeventh</z>;
 <z>TwoThousandandEighth</z>;
 <z>TwoThousandandNinth</z>;
 <z>TwoThousandandTenth</z>;
 <z>TwoThousandandEleventh</z>;
 <z>TwoThousandandTwelfth</z>;
 <z>TwoThousandandThirteenth</z>;
 <z>TwoThousandandFourteenth</z>;
 <z>TwoThousandandFifteenth</z>;
 <z>TwoThousandandSixteenth</z>;
 <z>TwoThousandandSeventeenth</z>;
 <z>TwoThousandandEighteenth</z>;
 <z>TwoThousandandNineteenth</z>;
 <z>TwoThousandandTwentieth</z>;
 </out>
    Got:      <out>;
 <z>1990</z>;
 <z>1991</z>;
 <z>1992</z>;
 <z>1993</z>;
 <z>1994</z>;
 <z>1995</z>;
 <z>1996</z>;
 <z>1997</z>;
 <z>1998</z>;
 <z>1999</z>;
 <z>2000</z>;
 <z>2001</z>;
 <z>2002</z>;
 <z>2003</z>;
 <z>2004</z>;
 <z>2005</z>;
 <z>2006</z>;
 <z>2007</z>;
 <z>2008</z>;
 <z>2009</z>;
 <z>2010</z>;
 <z>2011</z>;
 <z>2012</z>;
 <z>2013</z>;
 <z>2014</z>;
 <z>2015</z>;
 <z>2016</z>;
 <z>2017</z>;
 <z>2018</z>;
 <z>2019</z>;
 <z>2020</z>;
 </out>
  FAIL format-date-en-029: Result mismatch
    Expected: <out>;
<z>1990AD</z>;
<z>55BC</z>;   
</out>
    Got:      <out>;
<z>1990AD</z>;
<z>-55BC</z>;   
</out>
  FAIL format-date-en-030: Result mismatch
    Expected: <?xml version="1.0" encoding="UTF-8"?><out>;
<z>12~10am</z>;
<z>1~10am</z>;
<z>2~10am</z>;
<z>3~10am</z>;
<z>4~10am</z>;
<z>5~10am</z>;
<z>6~10am</z>;
<z>7~10am</z>;
<z>8~10am</z>;
<z>9~10am</z>;
<z>10~10am</z>;
<z>11~10am</z>;
<z>12~10pm</z>;
<z>1~10pm</z>;
<z>2~10pm</z>;
<z>3~10pm</z>;
<z>4~10pm</z>;
<z>5~10pm</z>;
<z>6~10pm</z>;
<z>7~10pm</z>;
<z>8~10pm</z>;
<z>9~10pm</z>;
<z>10~10pm</z>;
<z>11~10pm</z>;
</out>
    Got:      <out>;
<z>12~10AM</z>;
<z>1~10AM</z>;
<z>2~10AM</z>;
<z>3~10AM</z>;
<z>4~10AM</z>;
<z>5~10AM</z>;
<z>6~10AM</z>;
<z>7~10AM</z>;
<z>8~10AM</z>;
<z>9~10AM</z>;
<z>10~10AM</z>;
<z>11~10AM</z>;
<z>12~10PM</z>;
<z>1~10PM</z>;
<z>2~10PM</z>;
<z>3~10PM</z>;
<z>4~10PM</z>;
<z>5~10PM</z>;
<z>6~10PM</z>;
<z>7~10PM</z>;
<z>8~10PM</z>;
<z>9~10PM</z>;
<z>10~10PM</z>;
<z>11~10PM</z>;
</out>
  FAIL format-date-en-031: Result mismatch
    Expected: <out>;
<z>12~00am</z>;
<z>12~00pm</z>;
</out>
    Got:      <out>;
<z>12~0AM</z>;
<z>12~0PM</z>;
</out>
  FAIL format-date-en-032: Result mismatch
    Expected: <out>;
<z>[Language: en]March</z>;
</out>
    Got:      <out>;
<z>March</z>;
</out>
  FAIL format-date-en-033: Result mismatch
    Expected: <out>;
<z>[Calendar: AD]03</z>;
</out>
    Got:      <out>;
<z>03</z>;
</out>
  Done: format-date-en (33 tests, 3 passed, 30 failed, 0 skipped)
  Starting: format-number ...
  PASS format-number-001
  PASS format-number-002
  PASS format-number-003
  PASS format-number-004
  PASS format-number-005
  PASS format-number-006
  PASS format-number-007
  PASS format-number-008
  PASS format-number-009
  PASS format-number-010
  PASS format-number-011
  PASS format-number-012
  PASS format-number-013
  PASS format-number-014
  PASS format-number-015
  PASS format-number-016
  PASS format-number-017
  PASS format-number-018
  PASS format-number-019
  PASS format-number-020
  PASS format-number-021
  PASS format-number-022
  PASS format-number-023
  PASS format-number-024
  PASS format-number-025
  PASS format-number-026
  PASS format-number-027
  PASS format-number-028
  PASS format-number-029
  PASS format-number-030
  PASS format-number-031
  PASS format-number-032
  PASS format-number-033
  PASS format-number-034
  PASS format-number-035
  PASS format-number-036
  PASS format-number-037
  PASS format-number-038
  PASS format-number-039
  PASS format-number-040
  PASS format-number-041
  PASS format-number-042
  PASS format-number-043
  PASS format-number-044
  PASS format-number-045
  PASS format-number-046
  FAIL format-number-047: Result mismatch
    Expected: <out>123456789012345678901234567890.1234567890123456789</out>
    Got:      <out>123456789012345680000000000000.0</out>
  FAIL format-number-048: Result mismatch
    Expected: <out>12 34 56 78 90 12 34 56 78 90 12 34 56 78 90 12 34 56 78 90 12 34 56 78 90 00 00.0</out>
    Got:      <out>12 34 56 78 90 12 34 56 80 00 00 00 00 00 00 00 00 00 00 00 00 00 00 00 00 00 00.0</out>
  PASS format-number-049
  PASS format-number-050
  PASS format-number-051
  PASS format-number-052
  PASS format-number-053
  PASS format-number-054
  PASS format-number-055
  PASS format-number-062
  PASS format-number-063
  PASS format-number-064
  PASS format-number-065
  PASS format-number-066
  PASS format-number-067
  PASS format-number-069a
  Done: format-number (74 tests, 67 passed, 2 failed, 5 skipped)
  Starting: function-available ...
  PASS function-available-0204
  PASS function-available-0801
  PASS function-available-1006
  FAIL function-available-1008: Result mismatch
    Expected: (complex assertion)
    Got:      <out a="true" b="true" c="true" d="true" e="true" f="true" g="false" h="false" i="false" j="false" k="false" l="false" m="false" />
  PASS function-available-1010
  FAIL function-available-1011: Result mismatch
    Expected: (complex assertion)
    Got:      <out><a>false</a><b>false</b><c>false</c><d>false</d></out>
  PASS function-available-1015
  PASS function-available-1016
  FAIL function-available-1017: Result mismatch
    Expected: (complex assertion)
    Got:      <out><ok-lex><a>true</a><b>true</b><c>true</c><d>true</d><e>true</e><f>true</f><g>true</g><h>true</h><i>true</i><z>false</z></ok-lex><ok-lex-arity><a>true</a><b>true</b><c>true</c><d>true</d><e>true</e><f>true</f><g>true</g><h>true</h><i>true</i><z>false</z></ok-lex-arity><ok-lex-dynamic><a>true</a><b>true</b><c>true</c><d>true</d><e>true</e><f>true</f><g>true</g><h>true</h><i>true</i><z>false</z></ok-lex-dynamic><ok-lex-dynamic-arity><a>true</a><b>true</b><c>true</c><d>true</d><e>true</e><f>true</f><g>true</g><h>true</h><i>true</i><z>false</z></ok-lex-dynamic-arity><ok-eqn><a>false</a><b>false</b><c>false</c><d>false</d><e>false</e><f>false</f><g>false</g><h>false</h><i>false</i><z>false</z></ok-eqn><ok-eqn-arity><a>false</a><b>false</b><c>false</c><d>false</d><e>false</e><f>false</f><g>false</g><h>false</h><i>false</i><z>false</z></ok-eqn-arity><ok-dynamic-eqn><a>false</a><b>false</b><c>false</c><d>false</d><e>false</e><f>false</f><g>false</g><h>false</h><i>false</i><z>false</z></ok-dynamic-eqn><ok-dynamic-eqn-arity><a>false</a><b>false</b><c>false</c><d>false</d><e>false</e><f>false</f><g>false</g><h>false</h><i>false</i><z>false</z></ok-dynamic-eqn-arity></out>
  Done: function-available (10 tests, 6 passed, 3 failed, 1 skipped)
  SKIP function-lookup: Requires unsupported feature 'higher_order_functions' (8 tests)
  Starting: id ...
  FAIL id-001: Result mismatch
    Expected: <?xml version="1.0" encoding="UTF-8"?><out><H1>Test for document using a fragment identifier().</H1>;
      <P><a xmlns:zzz="http://zzz.uri/" id="a"/></P>;
      <P2><a xmlns:zzz="http://zzz.uri/" id="b"/></P2>;
      <P3/>;
  </out>
    Got:      <out><H1>Test for document using a fragment identifier().</H1>;
      <P><t04 xmlns:zzz="http://zzz.uri/"><dummy xmlns:xxx="http://xxx.uri/" /><a id="a" /><a id="b" /><a id="c" /><a id="d" /></t04></P>;
      <P2><xsl:stylesheet xmlns:xsl="http://www.w3.org/1999/XSL/Transform" version="2.0"><?spec xslt#document?><xsl:template match="/"><out><H1>Test for document using a fragment identifier().</H1>;
      <P><xsl:copy-of select="document('id010.xml#a')" /></P>;
      <P2><xsl:copy-of select="document('#b',/)" /></P2>;
      <P3><xsl:copy-of select="document('#non-existent',/)" /></P3>;
  </out></xsl:template></xsl:stylesheet></P2>;
      <P3><xsl:stylesheet xmlns:xsl="http://www.w3.org/1999/XSL/Transform" version="2.0"><?spec xslt#document?><xsl:template match="/"><out><H1>Test for document using a fragment identifier().</H1>;
      <P><xsl:copy-of select="document('id010.xml#a')" /></P>;
      <P2><xsl:copy-of select="document('#b',/)" /></P2>;
      <P3><xsl:copy-of select="document('#non-existent',/)" /></P3>;
  </out></xsl:template></xsl:stylesheet></P3>;
  </out>
  PASS id-014
  PASS id-015
  FAIL id-016: Result mismatch
    Expected: <?xml version="1.0" encoding="UTF-8"?><out>
  Test for id selection and pattern matching...
  Next line should read: -*id17*-    
  
  -*id17*-

  Next line should read: (*id14*)    
  
  (*id14*)

  Next line should read: -*id4*-     
  
  -*id4*-

  Next line should read: +*id9*+     
  
  +*id9*+

  Next line should read: (*id13*)    
  
  (*id13*)

  Next line should read: -*id6*-     
  
  -*id6*-

  Next line should read: @*id19*@    
  
  @*id19*@

  Next line should read: %*id12*%    
  
  %*id12*%

  Next line should read: !*id11*!    
  
  !*id11*!

  Next line should read: [*id3*] \*id5*\ =*id16*=  
  
  [*id3*]

  \*id5*\

  =*id16*=
</out>
    Got:      <out>
  Test for id selection and pattern matching...
  Next line should read: -*id17*-    
  -*id17*-

  Next line should read: (*id14*)    
  (*id14*)

  Next line should read: -*id4*-     
  -*id4*-

  Next line should read: +*id9*+     
  +*id9*+

  Next line should read: (*id13*)    
  (*id13*)

  Next line should read: -*id6*-     
  -*id6*-

  Next line should read: @*id19*@    
  @*id19*@

  Next line should read: %*id12*%    
  %*id12*%

  Next line should read: !*id11*!    
  !*id11*!

  Next line should read: [*id3*] \*id5*\ =*id16*=  
  [*id3*]

  \*id5*\

  =*id16*=
</out>
  PASS id-018
  PASS id-019
  PASS id-034
  PASS id-037
  Done: id (43 tests, 6 passed, 2 failed, 35 skipped)
  Starting: innermost ...
  FAIL innermost-001: XPST0017: Function {http://www.w3.org/2005/xpath-functions}snapshot#1 not found.
  FAIL innermost-901: Result mismatch
    Expected: <out>1.1 1.2.1 1.2.2 1.3</out>
    Got:      <out>1 1.1 1.2 1.2.1 1.2.2 1.3</out>
  Done: innermost (2 tests, 0 passed, 2 failed, 0 skipped)
  Starting: json-to-xml ...
  PASS json-to-xml-101
  FAIL json-to-xml-duplicates-001: Result mismatch
    Expected: <map xmlns="http://www.w3.org/2005/xpath-functions"
   ><map key="one"><number key="a">2</number><number key="b">3</number><number key="c">4</number></map
   ><map key="two"><number key="a">2</number><number key="b">3</number><number key="c">4</number></map></map>
    Got:      <map xmlns="http://www.w3.org/2005/xpath-functions"><map key="one"><number key="a">2</number><number key="b">3</number><number key="c">4</number><number key="a">5</number></map><map key="two"><number key="a">2</number><number key="b">3</number><number key="c">4</number><number key="a">5</number></map><map key="one"><number key="a">3</number><number key="b">4</number><number key="c">5</number><number key="a">6</number></map><map key="two"><number key="a">3</number><number key="b">4</number><number key="c">5</number><number key="a">6</number></map></map>
  PASS json-to-xml-duplicates-002
  FAIL json-to-xml-duplicates-003: Result mismatch
    Expected: error FOJS0003
    Got:      <map xmlns="http://www.w3.org/2005/xpath-functions"><map key="one"><number key="a">2</number><number key="b">3</number><number key="c">4</number><number key="a">5</number></map><map key="two"><number key="a">2</number><number key="b">3</number><number key="c">4</number><number key="a">5</number></map><map key="one"><number key="a">3</number><number key="b">4</number><number key="c">5</number><number key="a">6</number></map><map key="two"><number key="a">3</number><number key="b">4</number><number key="c">5</number><number key="a">6</number></map></map>
  FAIL json-to-xml-duplicates-004: Result mismatch
    Expected: error FOJS0005
    Got:      <map xmlns="http://www.w3.org/2005/xpath-functions"><map key="one"><number key="a">2</number><number key="b">3</number><number key="c">4</number><number key="a">5</number></map><map key="two"><number key="a">2</number><number key="b">3</number><number key="c">4</number><number key="a">5</number></map><map key="one"><number key="a">3</number><number key="b">4</number><number key="c">5</number><number key="a">6</number></map><map key="two"><number key="a">3</number><number key="b">4</number><number key="c">5</number><number key="a">6</number></map></map>
  FAIL json-to-xml-duplicates-005: Result mismatch
    Expected: error XPTY0004
    Got:      <map xmlns="http://www.w3.org/2005/xpath-functions"><map key="one"><number key="a">2</number><number key="b">3</number><number key="c">4</number><number key="a">5</number></map><map key="two"><number key="a">2</number><number key="b">3</number><number key="c">4</number><number key="a">5</number></map><map key="one"><number key="a">3</number><number key="b">4</number><number key="c">5</number><number key="a">6</number></map><map key="two"><number key="a">3</number><number key="b">4</number><number key="c">5</number><number key="a">6</number></map></map>
  FAIL json-to-xml-typed-010: Result mismatch
    Expected: error XTDE3245
    Got:      <result>false</result>
  Done: json-to-xml (60 tests, 2 passed, 5 failed, 53 skipped)
  Starting: key ...
  PASS key-001
  FAIL key-002: Result mismatch
    Expected: <out><ct-only><town name="Enfield" state="CT"/></ct-only><all-states><town name="Enfield" state="NH"/><town name="Enfield" state="ME"/><town name="Enfield" state="CT"/></all-states></out>
    Got:      <out><ct-only /><all-states><town name="Enfield" state="NH" /><town name="Enfield" state="ME" /><town name="Enfield" state="CT" /></all-states></out>
  PASS key-003
  PASS key-004
  PASS key-005
  PASS key-006
  PASS key-007
  PASS key-008
  PASS key-009
  PASS key-010
  PASS key-011
  PASS key-012
  FAIL key-013: Result mismatch
    Expected: <root>Intro Section. SS Section. Exp Section.</root>
    Got:      <root>  </root>
  PASS key-014
  PASS key-015
  PASS key-016
  PASS key-017
  PASS key-018
  PASS key-019
  PASS key-020
  PASS key-021
  PASS key-022
  PASS key-023
  PASS key-024
  PASS key-027
  PASS key-028
  PASS key-029
  PASS key-030
  PASS key-031
  PASS key-032
  FAIL key-033: Result mismatch
    Expected: <out><match>Joshua</match><no-match/></out>
    Got:      <out><match></match><no-match></no-match></out>
  PASS key-034
  FAIL key-035: Result mismatch
    Expected: <out><p number="1">Lee</p><p number="2">Amby</p><p number="3">Jules</p><p number="4">Daniel</p><p number="5">Ted</p><p number="1">Joshua</p><p number="2">Lauren</p><p number="3">Pedro</p><p number="4">Nate</p><p number="5">Sam</p><p number="6">Pablo</p><p number="7">Ben</p><p number="8">Lucy</p><p number="9">Jake</p><p number="10">Jeff</p><p number="11">Christopher</p><p number="12">Jabriella</p></out>
    Got:      <out><p number="1">Lee</p><p number="2">
	Lee
	70
	
		Amby
		46

		
			Jules
			9
		
		
			Daniel
			8
		
	
	
		Ted
		45
		
			Joshua
			7
		
		
			Lauren
			5
		
	
	
		Pedro
		43
		
			Nate
			8
		
		
			Sam
			7
		
	
	
		Pablo
		41
		
			Ben
			5
		
		
			Lucy
			2
		
		
			Jake
			1
		
	
	
		Jeff
		36
		
			Christopher
			8
		
		
			Jabriella
			7
		
	
</p><p number="3">
		Amby
		46

		
			Jules
			9
		
		
			Daniel
			8
		
	</p><p number="4">
			Jules
			9
		</p><p number="5">
			Daniel
			8
		</p><p number="1">
		Ted
		45
		
			Joshua
			7
		
		
			Lauren
			5
		
	</p><p number="2">
			Joshua
			7
		</p><p number="3">
			Lauren
			5
		</p><p number="4">
		Pedro
		43
		
			Nate
			8
		
		
			Sam
			7
		
	</p><p number="5">
			Nate
			8
		</p><p number="6">
			Sam
			7
		</p><p number="7">
		Pablo
		41
		
			Ben
			5
		
		
			Lucy
			2
		
		
			Jake
			1
		
	</p><p number="8">
			Ben
			5
		</p><p number="9">
			Lucy
			2
		</p><p number="10">
			Jake
			1
		</p><p number="11">
		Jeff
		36
		
			Christopher
			8
		
		
			Jabriella
			7
		
	</p><p number="12">
			Christopher
			8
		</p></out>
  PASS key-036
  FAIL key-037: Variable $threshold is not defined.
  PASS key-038
  PASS key-039
  PASS key-040
  PASS key-041
  PASS key-043
  FAIL key-044: Document not found: file:///d:/Development/Bosak/tests/xslt30-test/tests/fn/key/(sequence)
  PASS key-045
  PASS key-046
  FAIL key-047: XTTE1000
  PASS key-048
  PASS key-049
  PASS key-050
  PASS key-051
  PASS key-052
  PASS key-053
  PASS key-054
  FAIL key-055: Result mismatch
    Expected: <?xml version="1.0" encoding="UTF-8"?>
<a>
<b>Domain 1<c>Technology Desktop Operating System<d>Product WINDOWS XP</d></c><c>Technology Repository Tool<d>Product Power Designer</d><d>Product ERWIN</d></c></b>
<b>Domain 2<c>Technology Workstation OS<d>Product WINDOWS XP</d></c><c>Technology Desktop Email Client<d>Product Outlook</d></c><c>Technology CASE Tools<d>Product Power Designer</d><d>Product ERWIN</d></c></b></a>
    Got:      <a />
  FAIL key-056: Result mismatch
    Expected: <doc><val for="First">1</val><val for="Second">2</val><val for="Third">1</val></doc>
    Got:      <doc><val for="First">2</val><val for="Second">4</val><val for="Third">2</val></doc>
  FAIL key-059: Result mismatch
    Expected: (complex assertion)
    Got:      <out></out>
  PASS key-060
  FAIL key-061: Result mismatch
    Expected: (complex assertion)
    Got:      <out total="0" />
  FAIL key-062: Variable $p is not defined.
  FAIL key-063: XPST0017: Function {http://www.w3.org/2005/xpath-functions}key#2 not found.
  FAIL key-064: XPST0017: Function {http://www.w3.org/2005/xpath-functions}key#2 not found.
  PASS key-065
  PASS key-066
  PASS key-067
  FAIL key-068: Result mismatch
    Expected: <out>a,b,d,e,g</out>
    Got:      <out></out>
  FAIL key-069: Result mismatch
    Expected: <out>a,c,d</out>
    Got:      <out></out>
  FAIL key-070: Result mismatch
    Expected: <out/>
    Got:      <out>d</out>
  PASS key-071
  PASS key-072
  FAIL key-073: Result mismatch
    Expected: (complex assertion)
    Got:      <out><a code="97" values="" /><a code="98" values="" /><a code="99" values="" /><a code="100" values="" /><a code="101" values="" /><a code="102" values="" /><a code="103" values="" /><a code="104" values="" /><a code="105" values="" /></out>
  FAIL key-074: Result mismatch
    Expected: (complex assertion)
    Got:      <out><a code="97" values="" /><a code="98" values="" /><a code="99" values="" /><a code="100" values="" /><a code="101" values="" /><a code="102" values="" /><a code="103" values="" /><a code="104" values="" /><a code="105" values="" /></out>
  FAIL key-075: Result mismatch
    Expected: (complex assertion)
    Got:      <out><a code="97" values="" /><a code="98" values="" /><a code="99" values="" /><a code="100" values="" /><a code="101" values="" /><a code="102" values="" /><a code="103" values="" /><a code="104" values="" /><a code="105" values="" /></out>
  FAIL key-076: Result mismatch
    Expected: (complex assertion)
    Got:      <out></out>
  FAIL key-077: XPST0017: Function {http://www.w3.org/2005/xpath-functions}id#2 not found.
  FAIL key-078: Result mismatch
    Expected: <out xmlns:tt="http://www.powerware.com/nz/tt" a="11" b="11"/>
    Got:      <out a="13" b="13" />
  FAIL key-079: Result mismatch
    Expected: error XTDE1260
    Got:      <a>** error not detected **</a>
  FAIL key-080: Result mismatch
    Expected: error XTDE1260
    Got:      <a>** error not detected **</a>
  FAIL key-081: Result mismatch
    Expected: <out><one><b>John</b><b>Mary</b><b>Phil</b></one><two/></out>
    Got:      <out><one><b>John</b><b>Mary</b><b>Phil</b></one><two><b>John</b><b>Mary</b><b>Phil</b></two></out>
  FAIL key-082: XPST0017: Function {http://www.w3.org/2005/xpath-functions}key#2 not found.
  FAIL key-083: XTSE0340: The second argument of key() in a pattern must be a literal string.
  PASS key-084
  PASS key-086
  FAIL key-088: Result mismatch
    Expected: (complex assertion)
    Got:      <out><fields>PittsfieldVT SpringfieldVT</fields><non-fields>BristolVT CambridgeVT GraftonVT ManchesterVT NewportVT RochesterVT WashingtonVT</non-fields><sevens>AmherstNH BristolRI BristolNH EnfieldNH GraftonNH LincolnNH LincolnRI NewportRI NewportNH</sevens><u-sevens>AmherstNH BristolRI BristolNH EnfieldNH GraftonNH LincolnNH LincolnRI NewportRI NewportNH</u-sevens><nh>AmherstNH AuburnNH BristolNH EnfieldNH GraftonNH HudsonNH LincolnNH ManchesterNH NewportNH PittsfieldNH RochesterNH SalemNH WashingtonNH</nh></out>
  PASS key-089
  FAIL key-091: Result mismatch
    Expected: error XTSE0010
    Got:      <TEST> should fail </TEST>
  FAIL key-092: Result mismatch
    Expected: error XTSE0010
    Got:      <TEST> should fail </TEST>
  FAIL key-093: XTSE0340: The second argument of key() in a pattern must be a literal string.
  FAIL key-094: Result mismatch
    Expected: error XTSE1222
    Got:      <out></out>
  FAIL key-095: Result mismatch
    Expected: error XTSE1222
    Got:      <out></out>
  FAIL key-096: Result mismatch
    Expected: (complex assertion)
    Got:      <out></out>
  FAIL key-097: XTSE0340: The second argument of key() in a pattern must be a literal string.
  FAIL key-098: Result mismatch
    Expected: (complex assertion)
    Got:      
  FAIL key-099: Result mismatch
    Expected: (complex assertion)
    Got:      
  Done: key (99 tests, 53 passed, 38 failed, 8 skipped)
  SKIP load-xquery-module: Requires unsupported feature 'higher_order_functions' (4 tests)
  Starting: normalize-unicode ...
  FAIL normalize-unicode-001: Result mismatch
    Expected: (complex assertion)
    Got:      <out>
  <a>The quick brown fox jumped over the lazy dog</a>
  <a>84 104 101 32 113 117 105 99 107 32 98 114 111 119 110 32 102 111 120 32 106 117 109 112 101 100 32 111 118 101 114 32 116 104 101 32 108 97 122 121 32 100 111 103</a>
  <a att="&#9;&#10;&#13;" />
  <a>9 10 13</a>
  <a>Stra&#65533;en&#65533;berf&#65533;hrung</a>
  <a>83 116 114 97 65533 101 110 65533 98 101 114 102 65533 104 114 117 110 103</a>
</out>
  FAIL normalize-unicode-002: Result mismatch
    Expected: (complex assertion)
    Got:      <out>
  <a>The quick brown fox jumped over the lazy dog</a>
  <a>84 104 101 32 113 117 105 99 107 32 98 114 111 119 110 32 102 111 120 32 106 117 109 112 101 100 32 111 118 101 114 32 116 104 101 32 108 97 122 121 32 100 111 103</a>
  <a att="&#9;&#10;&#13;" />
  <a>9 10 13</a>
  <a>Stra&#65533;en&#65533;berf&#65533;hrung</a>
  <a>83 116 114 97 65533 101 110 65533 98 101 114 102 65533 104 114 117 110 103</a>
</out>
  FAIL normalize-unicode-003: Result mismatch
    Expected: (complex assertion)
    Got:      <out>
  <a>The quick brown fox jumped over the lazy dog</a>
  <a>84 104 101 32 113 117 105 99 107 32 98 114 111 119 110 32 102 111 120 32 106 117 109 112 101 100 32 111 118 101 114 32 116 104 101 32 108 97 122 121 32 100 111 103</a>
  <a att="&#9;&#10;&#13;" />
  <a>9 10 13</a>
  <a>Stra&#65533;en&#65533;berf&#65533;hrung</a>
  <a>83 116 114 97 65533 101 110 65533 98 101 114 102 65533 104 114 117 110 103</a>
</out>
  FAIL normalize-unicode-004: Result mismatch
    Expected: (complex assertion)
    Got:      <out><a>The quick brown fox jumped over the lazy dog</a><a>84 104 101 32 113 117 105 99 107 32 98 114 111 119 110 32 102 111 120 32 106 117 109 112 101 100 32 111 118 101 114 32 116 104 101 32 108 97 122 121 32 100 111 103</a><a att="&#9;&#10;&#13;" /><a>9 10 13</a><a>Stra�en�berf�hrung</a><a>83 116 114 97 65533 101 110 65533 98 101 114 102 65533 104 114 117 110 103</a></out>
  FAIL normalize-unicode-005: Result mismatch
    Expected: (complex assertion)
    Got:      <out><a>The quick brown fox jumped over the lazy dog</a><a>84 104 101 32 113 117 105 99 107 32 98 114 111 119 110 32 102 111 120 32 106 117 109 112 101 100 32 111 118 101 114 32 116 104 101 32 108 97 122 121 32 100 111 103</a><a att="&#9;&#10;&#13;" /><a>9 10 13</a><a>Stra�en�berf�hrung</a><a>83 116 114 97 65533 101 110 65533 98 101 114 102 65533 104 114 117 110 103</a></out>
  PASS normalize-unicode-006
  PASS normalize-unicode-007
  FAIL normalize-unicode-008: FOUT1170
  PASS normalize-unicode-009
  FAIL normalize-unicode-010: Result mismatch
    Expected: (complex assertion)
    Got:      <doc><en>The quick brown fox</en><de norm="c" üss="üß">Straßenüberführung</de><de norm="d" üss="u&#776;ss">Straßenu&#776;berfu&#776;hrung</de><ffi norm="kc" ffi="ffi">Affinity</ffi><ffi norm="kd" ffi="&#64259;">A&#64259;nity</ffi></doc>
  FAIL normalize-unicode-011: Result mismatch
    Expected: (complex assertion)
    Got:      <doc><en>The quick brown fox</en><de norm="c" üss="üß">Straßenüberführung</de><de norm="d" üss="u&#776;ss">Straßenu&#776;berfu&#776;hrung</de><ffi norm="kc" ffi="ffi">Affinity</ffi><ffi norm="kd" ffi="&#64259;">A&#64259;nity</ffi></doc>
  FAIL normalize-unicode-012: Result mismatch
    Expected: (complex assertion)
    Got:      <doc><en>The quick brown fox</en><de norm="c" üss="üß">Straßenüberführung</de><de norm="d" üss="u&#776;ss">Straßenu&#776;berfu&#776;hrung</de><ffi norm="kc" ffi="ffi">Affinity</ffi><ffi norm="kd" ffi="&#64259;">A&#64259;nity</ffi></doc>
  FAIL normalize-unicode-013: Result mismatch
    Expected: (complex assertion)
    Got:      <doc><en>The quick brown fox</en><de norm="c" üss="üß">Straßenüberführung</de><de norm="d" üss="u&#776;ss">Straßenu&#776;berfu&#776;hrung</de><ffi norm="kc" ffi="ffi">Affinity</ffi><ffi norm="kd" ffi="&#64259;">A&#64259;nity</ffi></doc>
  FAIL normalize-unicode-014: Result mismatch
    Expected: (complex assertion)
    Got:      <html><head><title>Normalised text</title></head><body><p class="en">The quick brown fox</p><p class="de"><span class="üss">üß</span>Straßenüberführung</p><p class="de"><span class="üss">üss</span>Straßenüberführung</p><p class="ffi"><span class="ffi">ffi</span>Affinity</p><p class="ffi"><span class="ffi">ﬃ</span>Aﬃnity</p></body></html>
  FAIL normalize-unicode-015: Result mismatch
    Expected: (complex assertion)
    Got:      <html>
  <head>
    <title>Normalized HTML output</title>
  </head>
  <body>
    <p>The quick brown fox</p>
    <p norm="c" üss="üß">Straßenüberführung</p>
    <p norm="d" üss="u&#776;ss">Straßenu&#776;berfu&#776;hrung</p>
    <p norm="kc" ffi="ffi">Affinity</p>
    <p norm="kd" ffi="&#64259;">A&#64259;nity</p>
  </body>
</html>
  FAIL normalize-unicode-016: Result mismatch
    Expected: (complex assertion)
    Got:      
  FAIL normalize-unicode-017: Result mismatch
    Expected: (complex assertion)
    Got:      
  FAIL normalize-unicode-018: Result mismatch
    Expected: (complex assertion)
    Got:      <html><doc><en>The quick brown fox</en><de norm="c" üss="üß">Straßenüberführung</de><de norm="d" üss="u&#776;ss">Straßenu&#776;berfu&#776;hrung</de><ffi norm="kc" ffi="ffi">Affinity</ffi><ffi norm="kd" ffi="&#64259;">A&#64259;nity</ffi></doc></html>
  Done: normalize-unicode (18 tests, 3 passed, 15 failed, 0 skipped)
  Starting: outermost ...
  Done: outermost (26 tests, 0 passed, 0 failed, 26 skipped)
  Starting: position ...
  PASS position-0101
  PASS position-0102
  FAIL position-0103: Result mismatch
    Expected: (complex assertion)
    Got:      <m />
  PASS position-0201
  PASS position-0202
  PASS position-0301
  PASS position-0302
  PASS position-0401
  PASS position-0501
  PASS position-0601
  PASS position-0701
  PASS position-0702
  PASS position-0801
  PASS position-0901
  PASS position-0902
  PASS position-1001
  PASS position-1002
  PASS position-1101
  PASS position-1102
  PASS position-1103
  PASS position-1104
  PASS position-1105
  PASS position-1106
  PASS position-1107
  PASS position-1108
  PASS position-1109
  PASS position-1110
  PASS position-1111
  PASS position-1112
  PASS position-1113
  PASS position-1114
  PASS position-1115
  PASS position-1116
  PASS position-1117
  PASS position-1118
  PASS position-1119
  PASS position-1120
  PASS position-1121
  PASS position-1122
  PASS position-1123
  PASS position-1124
  PASS position-1125
  PASS position-1126
  PASS position-1127
  PASS position-1128
  PASS position-1129
  PASS position-1130
  PASS position-1131
  PASS position-1132
  PASS position-1201
  PASS position-1202
  PASS position-1203
  PASS position-1204
  PASS position-1205
  PASS position-1206
  PASS position-1207
  PASS position-1208
  PASS position-1209
  PASS position-1210
  PASS position-1211
  PASS position-1212
  PASS position-1213
  PASS position-1214
  PASS position-1215
  PASS position-1216
  PASS position-1217
  PASS position-1218
  PASS position-1301
  PASS position-1302
  PASS position-1303
  PASS position-1304
  PASS position-1305
  PASS position-1306
  PASS position-1307
  PASS position-1308
  PASS position-1309
  PASS position-1310
  PASS position-1311
  PASS position-1312
  PASS position-1313
  PASS position-1314
  PASS position-1315
  PASS position-1316
  PASS position-1317
  PASS position-1318
  PASS position-1319
  PASS position-1320
  PASS position-1401
  PASS position-1402
  PASS position-1403
  PASS position-1404
  PASS position-1501
  PASS position-1502
  PASS position-1503
  PASS position-1504
  PASS position-1505
  PASS position-1506
  PASS position-1507
  PASS position-1508
  PASS position-1509
  PASS position-1510
  PASS position-1602
  PASS position-1701
  PASS position-1702
  PASS position-1703
  PASS position-1801
  PASS position-1901
  PASS position-2001
  PASS position-2101
  FAIL position-2201: Result mismatch
    Expected: <ir:math xmlns:ir="http://www.gh-mathspeak.com/mathspeak-internal-representation"
            ><ir:multiscripts><ir:base>10</ir:base><ir:superscript><ir:multiscripts><ir:base>4</ir:base></ir:multiscripts
            ></ir:superscript><ir:base-line/></ir:multiscripts></ir:math>
    Got:      
  PASS position-2301
  PASS position-2401
  PASS position-2402
  PASS position-2501
  PASS position-2601
  PASS position-2701
  PASS position-2801
  PASS position-2802
  PASS position-2803
  PASS position-2804
  PASS position-2805
  PASS position-2806
  PASS position-2901
  PASS position-2902
  PASS position-2903
  PASS position-3001
  PASS position-3002
  PASS position-3003
  PASS position-3004
  PASS position-3101
  PASS position-3102
  PASS position-3103
  PASS position-3104
  PASS position-3201
  PASS position-3301
  PASS position-3302
  PASS position-3303
  PASS position-3304
  PASS position-3305
  PASS position-3306
  PASS position-3307
  PASS position-3308
  PASS position-3309
  PASS position-3401
  PASS position-3402
  PASS position-3501
  PASS position-3601
  PASS position-3701
  PASS position-3801
  PASS position-3901
  PASS position-4001
  FAIL position-4101: Result mismatch
    Expected: <?xml version="1.0" encoding="UTF-8"?><out>
<local>Item a1 is in position 1</local>
<local>Item a2 is in position 2</local>
<local>Item a3 is in position 3</local>
<direct>Item b1 is in position 1</direct>
<direct>Item b2 is in position 2</direct>
<direct>Item b3 is in position 3</direct>
<apply level="main">Item c1 is in position 1</apply>
<apply level="import">Item c1 is in position 1</apply>
<apply level="main">Item c2 is in position 2</apply>
<apply level="import">Item c2 is in position 2</apply>
<apply level="main">Item c3 is in position 3</apply>
<apply level="import">Item c3 is in position 3</apply></out>
    Got:      <out>
<local>Item a1 is in position 1</local>
<local>Item a2 is in position 2</local>
<local>Item a3 is in position 3</local><direct>Item b1 is in position 1</direct><direct>Item b2 is in position 2</direct><direct>Item b3 is in position 3</direct>
<apply level="main">Item c1 is in position 1</apply>
<apply level="main">Item c2 is in position 2</apply>
<apply level="main">Item c3 is in position 3</apply></out>
  PASS position-4102
  PASS position-4103
  PASS position-4104
  PASS position-4105
  PASS position-4201
  PASS position-4301
  PASS position-4401
  PASS position-4501
  PASS position-4601
  PASS position-4602
  PASS position-4701
  PASS position-4702
  PASS position-4801
  PASS position-5001
  PASS position-5002
  PASS position-5101
  PASS position-5201
  PASS position-5301
  PASS position-5302
  PASS position-5401
  PASS position-5501
  PASS position-5601
  PASS position-5701
  PASS position-5801
  PASS position-5901
  PASS position-5902
  PASS position-5903
  PASS position-6001
  PASS position-6002
  PASS position-6101
  PASS position-6201
  PASS position-6301
  PASS position-6302
  PASS position-6401
  PASS position-6501
  PASS position-6701
  PASS position-6801
  PASS position-6802
  PASS position-6901
  PASS position-7001
  PASS position-7002
  PASS position-7101
  PASS position-7201
  PASS position-7301
  PASS position-7302
  PASS position-7401
  PASS position-7501
  PASS position-7601
  PASS position-7701
  PASS position-7801
  PASS position-7901
  PASS position-8001
  PASS position-8101
  PASS position-8201
  PASS position-8202
  PASS position-8301
  Done: position (211 tests, 205 passed, 3 failed, 3 skipped)
  Starting: resolve-uri ...
  PASS resolve-uri-001
  PASS resolve-uri-002
  PASS resolve-uri-003
  PASS resolve-uri-004
  PASS resolve-uri-005
  PASS resolve-uri-006
  PASS resolve-uri-007
  PASS resolve-uri-008
  FAIL resolve-uri-009: Document not found: file:///d:/Development/Bosak/tests/xslt30-test/tests/fn/resolve-uri/level3/xreluri09a.xml
  FAIL resolve-uri-010: Document not found: file:///d:/Development/Bosak/tests/xslt30-test/tests/fn/resolve-uri/(sequence)
  FAIL resolve-uri-011: Document not found: file:///d:/Development/Bosak/tests/xslt30-test/tests/fn/resolve-uri/(sequence)
  FAIL resolve-uri-012: Result mismatch
    Expected: <out>file:///TestInputs/reluri/reluri12.xsl</out>
    Got:      <out></out>
  FAIL resolve-uri-013: Result mismatch
    Expected: <out>http://some.other/</out>
    Got:      <out></out>
  FAIL resolve-uri-014: Result mismatch
    Expected: <out><a>http://some.other/home/</a><a>http://some.other/home/banana.xml</a
            ><a>http://some.other/</a><a>http://www.wrox.com/</a></out>
    Got:      <out><a></a><a>file:///d:/Development/Bosak/tests/xslt30-test/tests/fn/resolve-uri/banana.xml</a><a>file:///d:/Development/Bosak/tests/xslt30-test/tests/fn/</a><a>http://www.wrox.com/</a></out>
  FAIL resolve-uri-015: Result mismatch
    Expected: <out><a>http://some.other/home/</a><a>http://some.other/home/banana.xml</a
            ><a>http://some.other/banana.xml</a><a>http://some.other/</a><a>http://www.wrox.com/</a></out>
    Got:      <out><a></a><a>http://some.other/home/banana.xml</a><a>http://some.other/banana.xml</a><a>http://some.other/</a><a>http://www.wrox.com/</a></out>
  FAIL resolve-uri-016: Result mismatch
    Expected: <out><a>resolve-uri/reluri18.xml</a><a/></out>
    Got:      <out><a></a><a></a></out>
  FAIL resolve-uri-018: Result mismatch
    Expected: error FORG0002
    Got:      <out>
  <a>http://localhost/base/##some.uri</a>
</out>
  FAIL resolve-uri-019: Result mismatch
    Expected: error FORG0002
    Got:      <out>
  <a>http://localhost/base/some.uri</a>
</out>
  FAIL resolve-uri-020: Result mismatch
    Expected: <out>file:///TestInputs/reluri/reluri17.xml</out>
    Got:      <out></out>
  FAIL resolve-uri-021: Result mismatch
    Expected: <out><e>resolve-uri/level1/element.xml</e><p>resolve-uri/level1/pi.xml</p></out>
    Got:      <out><e></e><p></p></out>
  FAIL resolve-uri-022: Result mismatch
    Expected: (complex assertion)
    Got:      <out xml:base="http://example.com/a/b/c/d/../d/e/f/g/i/j/k/l/m/n/o/p/q/r/s/t/u/v/w/x/y/z"><base1 /><base2 /><base3 /><resolveA>file:///d:/Development/Bosak/tests/xslt30-test/tests/fn/resolve-uri/</resolveA><resolveB>file:///d:/Development/Bosak/tests/xslt30-test/tests/fn/resolve-uri/</resolveB><resolveC>file:///d:/Development/Bosak/tests/xslt30-test/tests/fn/resolve-uri/</resolveC><resolveD>file:///d:/</resolveD><resolveE>file:///d:/</resolveE><resolveF>file:///d:/</resolveF><resolveG>file:///d:/</resolveG><resolveH>file:///d:/</resolveH><resolveI>http://example.com/</resolveI><resolveJ>http://example.com/</resolveJ><resolveK>http://example.com/</resolveK><resolveL>file:///d:/Development/Bosak/tests/xslt30-test/tests/fn/</resolveL><resolveM>file:///d:/Development/Bosak/tests/xslt30-test/tests/fn/</resolveM><resolveN>file:///d:/Development/Bosak/tests/xslt30-test/tests/fn/</resolveN><resolveO>file:///d:/Development/Bosak/tests/xslt30-test/tests/fn/</resolveO><resolveP>file:///d:/Development/Bosak/tests/xslt30-test/tests/fn/</resolveP><resolveQ>file:///d:/Development/Bosak/tests/xslt30-test/tests/fn/</resolveQ><resolveR>file:///d:/Development/Bosak/tests/xslt30-test/tests/fn/</resolveR><resolveS>file:///d:/Development/Bosak/tests/v/w/x/</resolveS><resolveT>file:///d:/Development/Bosak/tests/xslt30-test/tests/</resolveT><resolveU>file:///d:/Development/Bosak/tests/xslt30-test/</resolveU><resolveV>file:///d:/Development/Bosak/tests/</resolveV><resolveW>file:///d:/Development/Bosak/</resolveW><resolveX>file:///d:/Development/</resolveX><resolveY>file:///d:/</resolveY><resolveZ>file:///d:/</resolveZ><resolveZA>file:///d:/</resolveZA><resolveZB>file:///d:/</resolveZB><resolveZC>file:///d:/</resolveZC><resolveZD>file:///d:/</resolveZD><resolveZE>file:///d:/</resolveZE><resolveZF>file:///d:/</resolveZF><resolveZG>file:///d:/</resolveZG><resolveZH>file:///d:/</resolveZH><resolveZI>file:///d:/</resolveZI><resolveZJ>file:///d:/</resolveZJ><resolveZK>file:///d:/</resolveZK><resolveZL>file:///d:/</resolveZL><resolveZM>file:///d:/</resolveZM><resolveZN>file:///d:/</resolveZN><resolveZO>file:///d:/</resolveZO><resolveZP>file:///d:/</resolveZP><resolveZQ>file:///d:/</resolveZQ><resolveZR>file:///d:/</resolveZR><resolveZS>file:///d:/</resolveZS><resolveZT>file:///d:/</resolveZT></out>
  FAIL resolve-uri-023: Result mismatch
    Expected: (complex assertion)
    Got:      <out xml:base="http://example.com/a/b/c/d/../d/e/f/g/i/j/k/l/m/n/o/p/q/r/s/t/u/v/w/x/y/z"><resolveA>file:///d:/Development/Bosak/tests/xslt30-test/tests/fn/resolve-uri/</resolveA><resolveB>file:///d:/Development/Bosak/tests/xslt30-test/tests/fn/resolve-uri/</resolveB><resolveC>file:///d:/Development/Bosak/tests/xslt30-test/tests/fn/resolve-uri/</resolveC><resolveD>file:///d:/</resolveD><resolveE>file:///d:/</resolveE><resolveF>file:///d:/</resolveF><resolveG>file:///d:/</resolveG><resolveH>file:///d:/</resolveH><resolveI>http://example.com/</resolveI><resolveJ>http://example.com/</resolveJ><resolveK>http://example.com/</resolveK><resolveL>file:///d:/Development/Bosak/tests/xslt30-test/tests/fn/</resolveL><resolveM>file:///d:/Development/Bosak/tests/xslt30-test/tests/fn/</resolveM><resolveN>file:///d:/Development/Bosak/tests/xslt30-test/tests/fn/</resolveN><resolveO>file:///d:/Development/Bosak/tests/xslt30-test/tests/fn/</resolveO><resolveP>file:///d:/Development/Bosak/tests/xslt30-test/tests/fn/</resolveP><resolveQ>file:///d:/Development/Bosak/tests/xslt30-test/tests/fn/</resolveQ><resolveR>file:///d:/Development/Bosak/tests/xslt30-test/tests/fn/</resolveR><resolveS>file:///d:/Development/Bosak/tests/v/w/x/</resolveS><resolveT>file:///d:/Development/Bosak/tests/xslt30-test/tests/</resolveT><resolveU>file:///d:/Development/Bosak/tests/xslt30-test/</resolveU><resolveV>file:///d:/Development/Bosak/tests/</resolveV><resolveW>file:///d:/Development/Bosak/</resolveW><resolveX>file:///d:/Development/</resolveX><resolveY>file:///d:/</resolveY><resolveZ>file:///d:/</resolveZ><resolveZA>file:///d:/</resolveZA><resolveZB>file:///d:/</resolveZB><resolveZC>file:///d:/</resolveZC><resolveZD>file:///d:/</resolveZD><resolveZE>file:///d:/</resolveZE><resolveZF>file:///d:/</resolveZF><resolveZG>file:///d:/</resolveZG><resolveZH>file:///d:/</resolveZH><resolveZI>file:///d:/</resolveZI><resolveZJ>file:///d:/</resolveZJ><resolveZK>file:///d:/</resolveZK><resolveZL>file:///d:/</resolveZL><resolveZM>file:///d:/</resolveZM><resolveZN>file:///d:/</resolveZN><resolveZO>file:///d:/</resolveZO><resolveZP>file:///d:/</resolveZP><resolveZQ>file:///d:/</resolveZQ><resolveZR>file:///d:/</resolveZR><resolveZS>file:///d:/</resolveZS><resolveZT>file:///d:/</resolveZT></out>
  FAIL resolve-uri-024: Result mismatch
    Expected: (complex assertion)
    Got:      <out xml:base="http://example.com/a/b/c/d/../d/e/f/g/i/j/k/l/m/n/o/p/q/r/s/t/u/v/w/x/y/z"><base1 /><base2 /><base3 /></out>
  Done: resolve-uri (24 tests, 9 passed, 15 failed, 0 skipped)
  Starting: root ...
  PASS root-0101
  PASS root-0102
  PASS root-0103
  PASS root-0104
  PASS root-0201
  PASS root-0301
  PASS root-0401
  PASS root-0501
  PASS root-0502
  PASS root-0601
  Done: root (10 tests, 10 passed, 0 failed, 0 skipped)
  Starting: snapshot ...
  FAIL snapshot-0102: XPST0017: Function {http://www.w3.org/2005/xpath-functions}snapshot#1 not found.
  FAIL snapshot-0103: XPST0017: Function {http://www.w3.org/2005/xpath-functions}snapshot#1 not found.
  FAIL snapshot-0103a: XPST0017: Function {http://www.w3.org/2005/xpath-functions}snapshot#1 not found.
  FAIL snapshot-0104: XPST0017: Function {http://www.w3.org/2005/xpath-functions}snapshot#1 not found.
  FAIL snapshot-0105: XPST0017: Function {http://www.w3.org/2005/xpath-functions}snapshot#1 not found.
  FAIL snapshot-0106: XPST0017: Function {http://www.w3.org/2005/xpath-functions}snapshot#1 not found.
  FAIL snapshot-0107: XPST0017: Function {http://www.w3.org/2005/xpath-functions}snapshot#1 not found.
  FAIL snapshot-0108: XPST0017: Function {http://www.w3.org/2005/xpath-functions}snapshot#1 not found.
  FAIL snapshot-0109: XPST0017: Function {http://www.w3.org/2005/xpath-functions}snapshot#1 not found.
  FAIL snapshot-0110: XPST0017: Function {http://www.w3.org/2005/xpath-functions}snapshot#1 not found.
  FAIL snapshot-0111: XPST0017: Function {http://www.w3.org/2005/xpath-functions}snapshot#1 not found.
  FAIL snapshot-0112: XPST0017: Function {http://www.w3.org/2005/xpath-functions}snapshot#1 not found.
  Done: snapshot (19 tests, 0 passed, 12 failed, 7 skipped)
  Starting: stream-available ...
  Done: stream-available (6 tests, 0 passed, 0 failed, 6 skipped)
  Starting: system-property ...
  FAIL system-property-001: Cannot cast '' to double.
  PASS system-property-002
  PASS system-property-003
  PASS system-property-004
  PASS system-property-005
  FAIL system-property-006: Result mismatch
    Expected: <out>truetrue</out>
    Got:      <out>truefalse</out>
  FAIL system-property-007: Result mismatch
    Expected: <out>truetrue</out>
    Got:      <out>true</out>
  FAIL system-property-008: Result mismatch
    Expected: <out>truetrue</out>
    Got:      <out>truefalse</out>
  PASS system-property-009
  PASS system-property-010
  PASS system-property-011
  FAIL system-property-019: Result mismatch
    Expected: (complex assertion)
    Got:      <out></out>
  FAIL system-property-021: This operation would create an incorrectly structured document.
  FAIL system-property-022: Result mismatch
    Expected: error XTDE3160
    Got:      <out />
  FAIL system-property-025: Result mismatch
    Expected: (complex assertion)
    Got:      <out>Run with </out>
  Done: system-property (27 tests, 7 passed, 8 failed, 12 skipped)
  SKIP transform: Requires unsupported feature 'higher_order_functions' (9 tests)
  Starting: type-available ...
  PASS type-available-0146
  FAIL type-available-0150: Result mismatch
    Expected: (complex assertion)
    Got:      <out><a>false</a><b>false</b><c>false</c><d>false</d></out>
  PASS type-available-0151
  Done: type-available (7 tests, 2 passed, 1 failed, 4 skipped)
  Starting: unparsed-entity-uri ...
  Done: unparsed-entity-uri (12 tests, 0 passed, 0 failed, 12 skipped)
  Starting: unparsed-text ...
  FAIL unparsed-text-17: FOUT1170
  FAIL unparsed-text-18: FOUT1170
  FAIL unparsed-text-19: FOUT1170
  FAIL unparsed-text-2001: Result mismatch
    Expected: <out><file name="xutf-16.txt">Kirche, Kinder, Küche</file
            ><file name="xutf-8.txt">Kirche, Kinder, Küche</file
            ><file name="xutf-16.xml">&lt;?xml version="1.0" encoding="utf-16"?&gt;Kirche, Kinder, Küche</file
            ><file name="xutf-8.xml">&lt;?xml version="1.0" encoding="utf-8"?&gt;Kirche, Kinder, Küche</file
            ><file name="xiso-8859-1.xml">&lt;?xml version="1.0" encoding="iso-8859-1"?&gt;Kirche, Kinder, Küche</file></out>
    Got:      
  FAIL unparsed-text-2002: Result mismatch
    Expected: <out><utf-8>false</utf-8><iso-8859-1>true</iso-8859-1></out>
    Got:      
  FAIL unparsed-text-2003: Result mismatch
    Expected: <out><a>true</a><a>true</a><a>false</a><a>false</a></out>
    Got:      
  Done: unparsed-text (6 tests, 0 passed, 6 failed, 0 skipped)
  Starting: unparsed-text-lines ...
  FAIL unparsed-text-lines-001: FOUT1170
  FAIL unparsed-text-lines-002: FOUT1170
  FAIL unparsed-text-lines-003: FOUT1170
  PASS unparsed-text-lines-004
  FAIL unparsed-text-lines-005: FOUT1170
  Done: unparsed-text-lines (6 tests, 2 passed, 4 failed, 0 skipped)
  Starting: xml-to-json ...
  FAIL xml-to-json-D015: FOCH0001
  FAIL xml-to-json-D017: FOCH0001
  FAIL xml-to-json-D018: FOCH0001
  Done: xml-to-json (153 tests, 0 passed, 3 failed, 150 skipped)
  Starting: analyze-string ...
  FAIL analyze-string-001: Result mismatch
    Expected: error XPTY0004
    Got:      <out></out>
  FAIL analyze-string-002: Result mismatch
    Expected: <out>http://[e]n[e]rg[e]x.com/</out>
    Got:      <out></out>
  FAIL analyze-string-003: Result mismatch
    Expected: error XPTY0004
    Got:      <out></out>
  FAIL analyze-string-005: Result mismatch
    Expected: <out>|Mary had a littl[e] lamb|Its fl[e][e]c[e] was black as soot|And [e]v[e]rywh[e]r[e] that Mary w[e]nt|It put its sooty foot|</out>
    Got:      <out></out>
  FAIL analyze-string-006: Result mismatch
    Expected: <out>|Mary had a littl[e] lamb|Its fl[e][e]c[e] was black as soot|And [e]v[e]rywh[e]r[e] that Mary w[e]nt|It put its sooty foot|</out>
    Got:      <out></out>
  FAIL analyze-string-007: Result mismatch
    Expected: (complex assertion)
    Got:      <out />
  FAIL analyze-string-008: Result mismatch
    Expected: <out>|[Mary ()][had (had )]a [little ()][lamb|Its fleece ()]was b[lack as soot|And everywhere ()]that [Mary ()]went|It put its sooty foot|</out>
    Got:      <out></out>
  FAIL analyze-string-012: Result mismatch
    Expected: <out>|Mary had a little lamb|Its fleece was black as soot|And everywhere that Mary went|It put its sooty foot|</out>
    Got:      <out></out>
  FAIL analyze-string-033: Result mismatch
    Expected: (complex assertion)
    Got:      <out />
  FAIL analyze-string-034: Result mismatch
    Expected: <out>
[()][()]a [()][()]was b[()]that [()]went
It put its sooty foot
</out>
    Got:      <out />
  PASS analyze-string-035
  FAIL analyze-string-036: Result mismatch
    Expected: <out><n val="A"/><m val="."/><n val="A"/><m val="."/><n val="A"/><m val="."/><n val="A"/><m val="."/><n val="A"/></out>
    Got:      <out />
  FAIL analyze-string-037: Result mismatch
    Expected: <out><m g1="CD" g2="GH" g3="" g4=""/></out>
    Got:      <out />
  FAIL analyze-string-042: Result mismatch
    Expected: error XTSE1130
    Got:      <out>;
      </out>
  FAIL analyze-string-048: Result mismatch
    Expected: <?xml version="1.0" encoding="UTF-8"?><out>
<E1>a*cada*</E1>
<E2>*</E2>
<E3>*</E3>
<E4>*</E4>
<E5/>
<E6>*racadabra</E6>
<E7>abracadabra</E7>
<E8>abracadabra</E8>
<E9>abracadabra</E9>
<E10>abracadabra</E10></out>
    Got:      <out>
<E1 />
<E2 />
<E3 />
<E4 />
<E5 />
<E6 />
<E7 />
<E8 />
<E9 />
<E10 /></out>
  FAIL analyze-string-049: Result mismatch
    Expected: <out>
<e1>b</e1>
<E1>bbbb</E1>
<E2>bbb</E2>
<e3>b</e3>
<E3>bbb</E3>
<e4>bb</e4>
<E4>bbb</E4>
<E5>a</E5>
<E6/></out>
    Got:      <out>
<e1 />
<E1 />
<E2 />
<e3 />
<E3 />
<e4 />
<E4 />
<E5 />
<E6 /></out>
  FAIL analyze-string-050: Result mismatch
    Expected: <?xml version="1.0" encoding="UTF-8"?><out>
<E1>kikikeriki!! Tak, tak, tak! - *.</E1>
<E2>*!! Tak, tak, tak! - da kommen sie.</E2>
<E3>*keriki!! Tak, tak, tak! - da kommen sie.</E3>
<E4>kikikeriki* - da kommen sie.</E4>
<E5>*!! Tak, tak, tak! - da kommen sie.</E5>
<E6/>
<E7>*</E7>
<E8>*</E8>
<E9>kikikeriki!! Tak, tak, tak! - da kommen sie.</E9>
<E11>kikikeriki!! Tak, tak, tak! - da kommen sie.</E11>
<E12>123kikikeriki456</E12>
<E13> </E13></out>
    Got:      <out>
<E1 />
<E2 />
<E3 />
<E4 />
<E5 />
<E6 />
<E7 />
<E8 />
<E9 />
<E11 />
<E12 />
<E13 /></out>
  FAIL analyze-string-051: Result mismatch
    Expected: <out>
<E1>b#</E1>
<E2>b#na</E2>
<E3>b#n#n#</E3>
<E4>b#n#</E4></out>
    Got:      <out>
<E1 />
<E2 />
<E3 />
<E4 /></out>
  FAIL analyze-string-052: Result mismatch
    Expected: <out><A>Ma*ha* a*la*</A><B>*!*!*!*!</B></out>
    Got:      <out><A></A><B /></out>
  FAIL analyze-string-053: Result mismatch
    Expected: <out><E1>1#1</E1></out>
    Got:      <out><E1 /></out>
  FAIL analyze-string-063: Result mismatch
    Expected: <?xml version="1.0" encoding="UTF-8"?><out>
<E1>*</E1>
<E2>*</E2>
<E3>
*br*c*d*br*
******
kikikeriki!! T*k, t*k, t*k! - d* kommen sie.
123kikikeriki123
M*ry h*d * little l*mb
***** bbbbb ccccc
*
^.*
([0-9]+)([*-z]+)
</E3>
<E4>******</E4>
<E5>*</E5>
<E6>*ry *d* little *mb</E6>
<E7>*ry had a little lamb</E7>
</out>
    Got:      <out>
<E1 />
<E2 />
<E3 />
<E4 />
<E5 />
<E6 />
<E7 />
</out>
  FAIL analyze-string-064: Result mismatch
    Expected: (complex assertion)
    Got:      <out><a /><b /><c /><d /><e /><f /><g /><h /></out>
  FAIL analyze-string-065: Result mismatch
    Expected: <out><E1>hello
world</E1><E2>*</E2></out>
    Got:      <out><E1 /><E2 /></out>
  FAIL analyze-string-067: Result mismatch
    Expected: <?xml version="1.0" encoding="UTF-8"?>
<out><E1>*: Kikeriki! Kikikeriki!! Tak, tak, tak! - da kommen sie.</E1><E2>
Kaum hat dies der Hahn gesehen,
Fangt er auch schon an zu krahen: 
Kikeriki! Kikikeriki!! 
Tak, tak, tak! - da kommen sie.</E2><E3>
Kaum hat dies der Hahn gesehen,
Fangt er auch schon an zu krahen: 
Kikeriki! Kikikeriki!! 
Tak, tak, tak! - da kommen sie.</E3><E4>Kaum hat dies der Hahn gesehen, Fangt er auch schon an zu krahen: Kikeriki! Kikikeriki!! Tak, tak, tak! - da kommen sie.</E4><E5>
Kaum hat dies der Hahn gesehen,
Fangt er auch schon an zu krahen: 
Kikeriki! Kikikeriki!! 
Tak, tak, tak! - da kommen sie.</E5><E6>
*
Fangt er auch schon an zu krahen: 
Kikeriki! Kikikeriki!! 
Tak, tak, tak! - da kommen sie.</E6></out>
    Got:      <out><E1 /><E2 /><E3 /><E4 /><E5 /><E6 /></out>
  FAIL analyze-string-069: Result mismatch
    Expected: (complex assertion)
    Got:      <out><r name="str1"><e1 /><E1 /><e2 /><E2 /><e3 /><E3 /></r><r name="str2"><e1 /><E1 /><e2 /><E2 /><e3 /><E3 /></r></out>
  FAIL analyze-string-070: Result mismatch
    Expected: <out><E1>Kaum hat dies der Hahn gesehen,</E1><E2>* der Hahn gesehen,</E2></out>
    Got:      <out><E1 /><E2 /></out>
  FAIL analyze-string-071: Result mismatch
    Expected: <?xml version="1.0" encoding="UTF-8"?>
<out><E1>
*
Fangt er auch schon an zu krahen: 
Kikeriki! Kikikeriki!! 
Tak, tak, tak! - da kommen sie.</E1><E2>
*: 
Kikeriki! Kikikeriki!! 
Tak, tak, tak! - da kommen sie.</E2></out>
    Got:      <out><E1 /><E2 /></out>
  FAIL analyze-string-072: Result mismatch
    Expected: <out>2002-03-23</out>
    Got:      <out />
  FAIL analyze-string-073: Result mismatch
    Expected: <out>#aBcDeFgHiJkLmNoPq</out>
    Got:      <out />
  FAIL analyze-string-074: Result mismatch
    Expected: <out>#</out>
    Got:      <out />
  FAIL analyze-string-075: Result mismatch
    Expected: <out>aBcDeFgHiJkLmNoPq</out>
    Got:      <out />
  FAIL analyze-string-076: Result mismatch
    Expected: (complex assertion)
    Got:      <out />
  FAIL analyze-string-077: Result mismatch
    Expected: <out>inside the function   zzz  inside the function </out>
    Got:      <out />
  FAIL analyze-string-078: Result mismatch
    Expected: <out>azzza</out>
    Got:      <out />
  FAIL analyze-string-079: Result mismatch
    Expected: <out>azzza</out>
    Got:      <out />
  FAIL analyze-string-080: Result mismatch
    Expected: <out>azzza</out>
    Got:      <out />
  FAIL analyze-string-081: Result mismatch
    Expected: <out>azzza</out>
    Got:      <out />
  FAIL analyze-string-082: Result mismatch
    Expected: <out><b size="12" weight="500">a</b>zzz<b size="12" weight="500">a</b></out>
    Got:      <out />
  FAIL analyze-string-083: Result mismatch
    Expected: (complex assertion)
    Got:      <out />
  FAIL analyze-string-084: Result mismatch
    Expected: <out><p>this</p></out>
    Got:      <out />
  FAIL analyze-string-085: Result mismatch
    Expected: error XPTY0020
    Got:      <ales> 
         
         
         
         
         
</ales>
  FAIL analyze-string-090b: Result mismatch
    Expected: (complex assertion)
    Got:      <out />
  FAIL analyze-string-091b: Result mismatch
    Expected: (complex assertion)
    Got:      <out />
  FAIL analyze-string-092: Result mismatch
    Expected: (complex assertion)
    Got:      <out />
  FAIL analyze-string-093: Result mismatch
    Expected: error XTSE0010
    Got:      <out />
  FAIL analyze-string-094: Result mismatch
    Expected: error XTSE0010
    Got:      <out />
  FAIL analyze-string-095: Result mismatch
    Expected: (complex assertion)
    Got:      <out />
  FAIL analyze-string-096: Result mismatch
    Expected: (complex assertion)
    Got:      <out />
  FAIL analyze-string-097a: Variable $pat1 is not defined.
  FAIL analyze-string-098: Result mismatch
    Expected: (complex assertion)
    Got:      <out><row /><row /><row /><row /><row /><row /></out>
  FAIL analyze-string-099: Result mismatch
    Expected: (complex assertion)
    Got:      <out />
  FAIL analyze-string-100: Result mismatch
    Expected: (complex assertion)
    Got:      <out />
  Done: analyze-string (58 tests, 2 passed, 51 failed, 5 skipped)
  Starting: apply-imports ...
  FAIL apply-imports-001: Result mismatch
    Expected: (complex assertion)
    Got:      <out />
  Done: apply-imports (1 tests, 0 passed, 1 failed, 0 skipped)
  Starting: apply-templates ...
  FAIL apply-templates-001: Result mismatch
    Expected: error XTTE0510
    Got:      
  FAIL apply-templates-002: Result mismatch
    Expected: error XTTE0510
    Got:      
  FAIL conflict-resolution-0101: Result mismatch
    Expected: <out>Match-of-qualified-name</out>
    Got:      Match-of-node-type
  FAIL conflict-resolution-0102a: Result mismatch
    Expected: <out>Match-of-wildcard</out>
    Got:      Match-of-node-type
  FAIL conflict-resolution-0102b: Result mismatch
    Expected: error XTRE0540
    Got:      Match-of-node-type
  FAIL conflict-resolution-0102c: Result mismatch
    Expected: <out>Match-of-wildcard</out>
    Got:      Match-of-node-type
  FAIL conflict-resolution-0104a: Result mismatch
    Expected: <out>Match-of-node-type</out>
    Got:      Match-of-node-type
  FAIL conflict-resolution-0104b: Result mismatch
    Expected: error XTRE0540
    Got:      Match-of-node-type
  FAIL conflict-resolution-0104c: Result mismatch
    Expected: <out>Match-of-node-type</out>
    Got:      Match-of-node-type
  FAIL conflict-resolution-0106: Result mismatch
    Expected: <out>true</out>
    Got:      Match-of-node-type
  FAIL conflict-resolution-0107: Result mismatch
    Expected: <out>Match of non-simple '/'</out>
    Got:      Match-of-node-type
  FAIL conflict-resolution-0108a: Result mismatch
    Expected: <out>Match-of-non-simple '/'</out>
    Got:      Match-of-node-type
  FAIL conflict-resolution-0108b: Result mismatch
    Expected: error XTRE0540
    Got:      Match-of-node-type
  FAIL conflict-resolution-0108c: Result mismatch
    Expected: <out>Match-of-non-simple '/'</out>
    Got:      Match-of-node-type
  FAIL conflict-resolution-0110a: Result mismatch
    Expected: <out>Match-of-non-simple '[...]'</out>
    Got:      Match-of-node-type
  FAIL conflict-resolution-0110b: Result mismatch
    Expected: error XTRE0540
    Got:      Match-of-node-type
  FAIL conflict-resolution-0110c: Result mismatch
    Expected: <out>Match-of-non-simple '[...]'</out>
    Got:      Match-of-node-type
  FAIL conflict-resolution-0112: Result mismatch
    Expected: <text>Match-of //* (correct)</text>
    Got:      <text>Match-of-node-type</text>
  FAIL conflict-resolution-0201: Result mismatch
    Expected: <out>Match-on-node-name,Match-w/qualified-attribute-value</out>
    Got:      Match-of-node,
  PASS conflict-resolution-0401c
  PASS conflict-resolution-0501
  PASS conflict-resolution-0502
  PASS conflict-resolution-0503
  FAIL conflict-resolution-0601: Result mismatch
    Expected: <doc><a><a special="yes"/></a><a><b/></a></doc>
    Got:      <doc><a><a id="2" special="yes" /></a><a><b id="3" /></a></doc>
  FAIL conflict-resolution-0701: Result mismatch
    Expected: <out>Match-of-qualified-name</out>
    Got:      Match-of-node-type
  FAIL conflict-resolution-0702: Result mismatch
    Expected: <out xmlns:u="http://some.uri/">Match-of-qualified-name</out>
    Got:      Match-of-node-type
  FAIL conflict-resolution-0703: Result mismatch
    Expected: <out>foo"true"</out>
    Got:      
  FAIL conflict-resolution-0801: Result mismatch
    Expected: <out>[a][b]</out>
    Got:      [a]
  FAIL conflict-resolution-0802: Result mismatch
    Expected: <out><a/><b/><default/></out>
    Got:      
  PASS conflict-resolution-0901
  PASS conflict-resolution-1001
  FAIL conflict-resolution-1101: Result mismatch
    Expected: <z>42</z>
    Got:      <z>21</z>
  FAIL conflict-resolution-1102: Result mismatch
    Expected: <z>42</z>
    Got:      
  PASS conflict-resolution-1201
  PASS conflict-resolution-1202a
  FAIL conflict-resolution-1202b: Result mismatch
    Expected: error XTRE0540
    Got:      <out>(5)(4)(3b)(3a)(2)</out>
  PASS conflict-resolution-1202c
  FAIL conflict-resolution-1204: Result mismatch
    Expected: <out>(5)(4)(3)(2)(25)</out>
    Got:      <out>(25)(5)(4)(3)(2)</out>
  PASS conflict-resolution-1205
  PASS conflict-resolution-1301
  PASS conflict-resolution-1401
  PASS conflict-resolution-1501
  FAIL conflict-resolution-1601: Result mismatch
    Expected: <out>big</out>
    Got:      <out>medium</out>
  FAIL conflict-resolution-1602: Result mismatch
    Expected: <out>big</out>
    Got:      
  FAIL conflict-resolution-1603: Result mismatch
    Expected: <out>big</out>
    Got:      
  PASS conflict-resolution-1701
  PASS conflict-resolution-1801
  Done: apply-templates (50 tests, 15 passed, 32 failed, 3 skipped)
  Starting: assert ...
  PASS assert-007
  Done: assert (10 tests, 1 passed, 0 failed, 9 skipped)
  Starting: attribute ...
  PASS attribute-0001
  FAIL attribute-0002: Result mismatch
    Expected: (complex assertion)
    Got:      <out p1:local="content" xmlns:p1="http://ns.p.com/2" />
  PASS attribute-0003
  PASS attribute-0004
  PASS attribute-0005
  PASS attribute-0401
  FAIL attribute-0601: Result mismatch
    Expected: (complex assertion)
    Got:      <root><Out p2:Attr0="Hello" Attr1="Whatsup" p3:Attr2="Goodbye" xmlns:p3="http://ped.test.com" xmlns:p2="http://www.ns0.com" /></root>
  PASS attribute-0801
  PASS attribute-0802
  FAIL attribute-0803: Result mismatch
    Expected: error XTDE0410
    Got:      <Out Att1="Still-Wrong"><Element1 Att1="OK" /></Out>
  FAIL attribute-0804: Result mismatch
    Expected: error XTDE0410
    Got:      <Out><Element1 Att1="OK" AttX="Wrong"><!--Should not break--><Element2 /></Element1></Out>
  FAIL attribute-0805: Result mismatch
    Expected: error XTDE0410
    Got:      <Out><Element1 Att1="OK" AttX="Wrong"><?my-pi type="text/css"?><Element2 /></Element1></Out>
  FAIL attribute-0807: Result mismatch
    Expected: error XTSE0010
    Got:      <out>
<elem unnamed="(sequence)" />
</out>
  PASS attribute-0901
  PASS attribute-0902
  FAIL attribute-1301: Result mismatch
    Expected: <ans xmlns:bdd="http://bdd.test.com" bdd="http://bdd.test.com" attr-ns="http://xyz.com"/>
    Got:      <ans bdd="" attr-ns="http://xyz.com" />
  PASS attribute-1302
  PASS attribute-1401
  Done: attribute (30 tests, 11 passed, 7 failed, 12 skipped)
  Starting: call-template ...
  FAIL call-template-0001: Result mismatch
    Expected: error XPDY0002
    Got:      <out />
  PASS call-template-0101
  PASS call-template-0102
  PASS call-template-0103
  FAIL call-template-0105: Result mismatch
    Expected: error XTDE0040
    Got:      Do Something!
  FAIL call-template-0106: Result mismatch
    Expected: error XTSE0080
    Got:      Do Nothing!
  PASS call-template-0108
  FAIL call-template-0109: Named template 'temp' not found.
  FAIL call-template-0110: Result mismatch
    Expected: (complex assertion)
    Got:      <out><getAtt status="" /><getChild status="" /><getAtt status="" /><getChild status="" /></out>
  FAIL call-template-0111: Result mismatch
    Expected: error XTTE0505
    Got:      <out>x x x x x</out>
  PASS call-template-0201
  FAIL call-template-0401a: Result mismatch
    Expected: error XTDE0700
    Got:      <out>
  top-level-a
</out>
  PASS call-template-0402
  FAIL call-template-0501: Result mismatch
    Expected: <out>test,pvar2 default data</out>
    Got:      <out>test,</out>
  PASS call-template-0601
  FAIL call-template-0701: Result mismatch
    Expected: <out>doc,def-text-2,doc,a,doc,b,doc,c,doc,d,</out>
    Got:      <out>doc,,doc,a,doc,b,doc,c,doc,d,</out>
  FAIL call-template-0702: Variable $pvar1 is not defined.
  FAIL call-template-0703: Variable $pvar1 is not defined.
  PASS call-template-0801
  PASS call-template-0802
  PASS call-template-0901
  SKIP call-template-1001: Known to exceed stack limit
  SKIP call-template-1002: Known to exceed stack limit
  SKIP call-template-1003: Known to exceed stack limit
  PASS call-template-1101
  PASS call-template-1102
  FAIL call-template-1201: Result mismatch
    Expected: <out>
  <p>AAA AAA AAA </p>
  <p>BBB BBB </p>
  <p>CCC CCC CCC CCC CCC </p>
</out>
    Got:      <out>
  <p>AAA </p>
  <p>BBB </p>
  <p>CCC </p>
</out>
  PASS call-template-1301
  PASS call-template-1401
  FAIL call-template-1501: Result mismatch
    Expected: <out>Looking for doc...X1=hasDocBelow
Looking for croc...X1=noLowerNode
Looking for bloc...X1=hasBlocBelow</out>
    Got:      <out>Looking for doc...X1=hasDocBelow
Looking for croc...X1=
Looking for bloc...X1=hasBlocBelow</out>
  PASS call-template-1601
  FAIL call-template-1701: Named template 'woo:a' not found.
  PASS call-template-1801
  PASS call-template-1802
  PASS call-template-1803
  PASS call-template-1901
  PASS call-template-2001
  FAIL call-template-2101: Result mismatch
    Expected: error XTSE0690
    Got:      <out>test,</out>
  FAIL call-template-2102: Result mismatch
    Expected: error XTTE0590
    Got:      <out>3</out>
  Done: call-template (42 tests, 22 passed, 16 failed, 4 skipped)
  Starting: choose ...
  PASS choose-0101
  PASS choose-0102
  PASS choose-0103
  FAIL choose-0104: Result mismatch
    Expected: error XTTE0505
    Got:      <out>true false</out>
  PASS choose-0105
  FAIL choose-0106: XPTY0004
  FAIL choose-0107: Result mismatch
    Expected: (complex assertion)
    Got:      <out>Fail</out>
  PASS choose-0201
  PASS choose-0202
  PASS choose-0301
  PASS choose-0401
  PASS choose-0402
  PASS choose-0403
  PASS choose-0404
  PASS choose-0501
  PASS choose-0502
  PASS choose-0601
  PASS choose-0602
  PASS choose-0603
  FAIL choose-0604: Result mismatch
    Expected: <out>
        
          Test executed successfully.
        
      </out>
    Got:      <out>Test executed successfully.</out>
  PASS choose-0605
  PASS choose-0606
  PASS choose-0607
  PASS choose-0608
  PASS choose-0609
  PASS choose-0701
  PASS choose-0702
  PASS choose-0801
  PASS choose-0901
  PASS choose-1001
  PASS choose-1101
  PASS choose-1201
  PASS choose-1202
  PASS choose-1203
  FAIL choose-1204: Result mismatch
    Expected: (complex assertion)
    Got:      <out>*******************************************************</out>
  PASS choose-1301
  PASS choose-1401
  PASS choose-1501
  FAIL choose-1502: Result mismatch
    Expected: <out>10</out>
    Got:      <out>11</out>
  FAIL choose-1601: Attempted to divide by zero.
  PASS choose-1701
  PASS choose-1702
  PASS choose-1703
  PASS choose-1704
  PASS choose-1705
  FAIL choose-1706: Cannot convert Undefined to decimal
  FAIL choose-1801: Result mismatch
    Expected: error XTSE0010
    Got:      <out>string</out>
  FAIL choose-1802: Result mismatch
    Expected: error XTSE0010
    Got:      <out>string</out>
  FAIL choose-1803: Result mismatch
    Expected: error XTSE0010
    Got:      <out>number </out>
  FAIL choose-1804: Result mismatch
    Expected: error XTSE0010
    Got:      <out>number </out>
  PASS choose-1901
  PASS choose-1902
  PASS choose-1903
  PASS choose-1904
  PASS choose-1905
  Done: choose (55 tests, 43 passed, 12 failed, 0 skipped)
  Starting: xsl-document ...
  PASS xsl-document-0101
  FAIL xsl-document-0102: Result mismatch
    Expected: (complex assertion)
    Got:      <out />
  FAIL xsl-document-0103: Result mismatch
    Expected: <child/>
    Got:      
  FAIL xsl-document-0104: Result mismatch
    Expected: <out><child/></out>
    Got:      
  FAIL xsl-document-0105: Result mismatch
    Expected: <out> text inside document</out>
    Got:      <out></out>
  FAIL xsl-document-0106: Result mismatch
    Expected: <out>foo:test;1000</out>
    Got:      
  FAIL xsl-document-0107: Result mismatch
    Expected: <out><a>ch1</a><a>ch2</a><a>ch3</a></out>
    Got:      
  FAIL xsl-document-0201: Result mismatch
    Expected: <out>Level1 Level2 level3 level4</out>
    Got:      
  FAIL xsl-document-0202: Result mismatch
    Expected: <out>1 2 3 4</out>
    Got:      
  FAIL xsl-document-0203: Result mismatch
    Expected: <out><Top><a/><b/></Top></out>
    Got:      <out />
  FAIL xsl-document-0301: Result mismatch
    Expected: (complex assertion)
    Got:      
  FAIL xsl-document-0302: Result mismatch
    Expected: <out>newlybornin XSLT</out>
    Got:      
  FAIL xsl-document-0401: Result mismatch
    Expected: <out>1 2 3 4 5 6     a1 a2 a3 a4 a5</out>
    Got:      
  FAIL xsl-document-0402: Result mismatch
    Expected: <out>true</out>
    Got:      <out>false</out>
  FAIL xsl-document-0403: Result mismatch
    Expected: <out><child number="1">child element</child></out>
    Got:      <out />
  FAIL xsl-document-0404: Result mismatch
    Expected: <out>falsefalse</out>
    Got:      <out></out>
  FAIL xsl-document-0501: Result mismatch
    Expected: (complex assertion)
    Got:      
  FAIL xsl-document-0601: Result mismatch
    Expected: <out><!-- my document 9456798 P20DT3HOld**est**att**rib**ute--></out>
    Got:      <out><!----></out>
  FAIL xsl-document-0602: Result mismatch
    Expected: <out>true</out>
    Got:      <out>false</out>
  FAIL xsl-document-0603: Result mismatch
    Expected: (complex assertion)
    Got:      <out />
  FAIL xsl-document-0604: Result mismatch
    Expected: <out><a t1="1" t2="2" t3="3"/></out>
    Got:      <out />
  FAIL xsl-document-0605: Result mismatch
    Expected: <out><a status="true"/></out>
    Got:      <out />
  FAIL xsl-document-0606: Result mismatch
    Expected: <out><e1 attr1="value1"/><e2/></out>
    Got:      <out />
  FAIL xsl-document-0701: Result mismatch
    Expected: <out>1:ab * 5:ab * 2:cd * 4:cd * 3:dc * </out>
    Got:      <out />
  FAIL xsl-document-0801: Result mismatch
    Expected: <out>abababababa 3.5 10.2</out>
    Got:      <out />
  Done: xsl-document (25 tests, 1 passed, 24 failed, 0 skipped)
  Starting: element ...
  PASS element-0001
  PASS element-0002
  PASS element-0003
  PASS element-0004
  PASS element-0005
  PASS element-0101
  PASS element-0102
  PASS element-0103
  FAIL element-0104: Result mismatch
    Expected: <out><one><name><e/></name></one><two/></out>
    Got:      <out><one /><two /></out>
  FAIL element-0105: Result mismatch
    Expected: <out><one><name><e/></name></one><two><jaq/></two></out>
    Got:      <out><one /><two /></out>
  FAIL element-0106: Result mismatch
    Expected: <out><one><name><e/></name></one><two><jaq/></two></out>
    Got:      <out><one /><two /></out>
  FAIL element-0107: Result mismatch
    Expected: <out><one><name><e/></name></one><two><jaq/></two></out>
    Got:      <out><one /><two /></out>
  FAIL element-0108: Result mismatch
    Expected: <out><one><name><e/></name></one><two>ues</two></out>
    Got:      <out><one /><two /></out>
  PASS element-0110
  PASS element-0111
  PASS element-0201
  FAIL element-0301: Result mismatch
    Expected: <out>truetrue</out>
    Got:      <out>falsefalse</out>
  FAIL element-0302: Result mismatch
    Expected: <out><e1>http://www.one.org/002.xml</e1><e2>http://www.example.com/ns/xsl/test</e2></out>
    Got:      <out><e1>file:///d:/Development/Bosak/tests/xslt30-test/tests/insn/element/002.xml</e1><e2>http://www.example.com/ns/xsl/test</e2></out>
  FAIL element-0303: Result mismatch
    Expected: <?xml version="1.0" encoding="UTF-8"?><out>
found text node: x_1
found element node: <x_2/>
found element node: <x_4/>
found element node: <x_6/>
found element node: <x_8/>
found text node: x_9</out>
    Got:      <out>
found text node: x_1
found element node: <x_2></x_2>
found text node: 
found text node: 
found element node: <x_4></x_4>
found text node: 
found text node: 
found element node: <x_6></x_6>
found text node: 
found text node: 
found element node: <x_8 />
found text node: x_9</out>
  FAIL element-0304: Result mismatch
    Expected: <out>
Number of text node: 1
Number of element node: 2
Number of element node: 2</out>
    Got:      <out>
Number of text node: 8
Number of text node: 8
Number of text node: 8
Number of text node: 8
Number of text node: 8
Number of text node: 8
Number of text node: 8
Number of text node: 8
Number of element node: 2
Number of element node: 2</out>
  PASS element-0307
  PASS element-0308
  PASS element-0309
  Done: element (29 tests, 15 passed, 9 failed, 5 skipped)
  Starting: where-populated ...
  FAIL coco-100: Result mismatch
    Expected: <out><xsl:stylesheet 
                   xmlns:xsl="http://www.w3.org/1999/XSL/Transform"
                   xmlns:xs="http://www.w3.org/2001/XMLSchema"
                   version="3.0"
                   exclude-result-prefixes="xs"
       ><xsl:template name="extra">Hello world!</xsl:template></xsl:stylesheet></out>
    Got:      <out>
</out>
  PASS coco-101
  FAIL coco-103: Result mismatch
    Expected: (complex assertion)
    Got:      <out><a count="0" /><b count="0" /><c count="0" /><d count="0" /><e count="0" /><f count="0" /><z count="0" /></out>
  Done: where-populated (27 tests, 2 passed, 2 failed, 23 skipped)
  Starting: construct-node ...
  PASS construct-node-001
  PASS construct-node-002
  PASS construct-node-003
  PASS construct-node-004
  PASS construct-node-005
  PASS construct-node-006
  PASS construct-node-007
  PASS construct-node-008
  PASS construct-node-009
  PASS construct-node-010
  FAIL construct-node-011: Result mismatch
    Expected: <out>1_2_3_4_5 2*_*3*_*4*_*5*_*6</out>
    Got:      <out>1 2 3 4 5 2*_*3*_*4*_*5*_*6</out>
  FAIL construct-node-012: Result mismatch
    Expected: <out>12345 2 3 4 5 6</out>
    Got:      <out>1 2 3 4 5 2 3 4 5 6</out>
  FAIL construct-node-013: Result mismatch
    Expected: <out>1*2*3*4*aababcabcd*5*6*7</out>
    Got:      <out>1 2 3 4aababcabcd5 6 7</out>
  PASS construct-node-014
  PASS construct-node-015
  PASS construct-node-016
  PASS construct-node-017
  FAIL construct-node-018: Result mismatch
    Expected: <out>
Old--est-att--rib-ute
</out>
    Got:      <out>
Old--est--att--rib--ute
</out>
  FAIL construct-node-019: Result mismatch
    Expected: <out>
<?pro Old**est*att**rib*ute?>
</out>
    Got:      <out>
<?pro Old**est**att**rib**ute?>
</out>
  FAIL construct-node-020: Result mismatch
    Expected: <out>
<!--Old**est*att**rib*ute-->
</out>
    Got:      <out>
<!--Old**est**att**rib**ute-->
</out>
  PASS construct-node-021
  PASS construct-node-022
  PASS construct-node-023
  FAIL construct-node-024: Result mismatch
    Expected: error XTSE0010
    Got:      <out>
            
         </out>
  PASS construct-node-025
  PASS construct-node-026
  PASS construct-node-027
  PASS construct-node-028
  PASS construct-node-029
  PASS construct-node-030
  FAIL construct-node-031: Result mismatch
    Expected: <out>
 my document
*** This document has a valuable comment!! ***1.2345679***P20DT3H
</out>
    Got:      <out>
 my document
1.2345679 P20DT3H
</out>
  FAIL construct-node-032: Result mismatch
    Expected: <out>
<!-- my document
  This document has a valuable comment!!  1.2345679 P20DT3H-->
</out>
    Got:      <out>
<!-- my document
1.2345679 P20DT3H-->
</out>
  FAIL construct-node-033: Result mismatch
    Expected: <out>
<?pro  my document
  This document has a valuable comment!!  1.2345679 P20DT3H?>
</out>
    Got:      <out>
<?pro my document
1.2345679 P20DT3H?>
</out>
  FAIL construct-node-034: Result mismatch
    Expected: <out count="1" length="0" is-text="true"/>
    Got:      <out count="1" length="0" is-text="false" />
  Done: construct-node (34 tests, 23 passed, 11 failed, 0 skipped)
  Starting: copy ...
  PASS copy-0101
  PASS copy-0102
  PASS copy-0103
  FAIL copy-0104: Result mismatch
    Expected: error XTSE0260
    Got:      <out><OL>
  <LI>item1</LI>
  <LI>item2</LI>
  <LI>item3</LI>
  <OL>
    <LI>subitem1</LI>
    <LI>subitem2</LI>
    <OL>
      <LI>subitem3</LI>
    </OL>
  </OL>
</OL></out>
  FAIL copy-0105: Result mismatch
    Expected: error XTSE0090
    Got:      <out><OL>
  <LI>item1</LI>
  <LI>item2</LI>
  <LI>item3</LI>
  <OL>
    <LI>subitem1</LI>
    <LI>subitem2</LI>
    <OL>
      <LI>subitem3</LI>
    </OL>
  </OL>
</OL></out>
  PASS copy-0201
  PASS copy-0202
  PASS copy-0203
  PASS copy-0401
  PASS copy-0501
  PASS copy-0601
  PASS copy-0602
  PASS copy-0603
  PASS copy-0604
  PASS copy-0605
  PASS copy-0606
  FAIL element-0607: Result mismatch
    Expected: error XTSE0020
    Got:      <output><with-namespaces><pink xmlns:rose="http://www.rose.com">
 <green xmlns:grass="http://www.grass.com">
  <red xmlns:blood="http://www.blood.com">
   <blue xmlns:sky="http://www.sky.com" />
  </red>
 </green>
</pink></with-namespaces><without-namespaces><pink xmlns:rose="http://www.rose.com">
 <green xmlns:grass="http://www.grass.com">
  <red xmlns:blood="http://www.blood.com">
   <blue xmlns:sky="http://www.sky.com" />
  </red>
 </green>
</pink></without-namespaces></output>
  FAIL element-0608: Result mismatch
    Expected: error XTSE0020
    Got:      <output><with-namespaces><pink xmlns:rose="http://www.rose.com">
 <green xmlns:grass="http://www.grass.com">
  <red xmlns:blood="http://www.blood.com">
   <blue xmlns:sky="http://www.sky.com" />
  </red>
 </green>
</pink></with-namespaces><without-namespaces><pink xmlns:rose="http://www.rose.com">
 <green xmlns:grass="http://www.grass.com">
  <red xmlns:blood="http://www.blood.com">
   <blue xmlns:sky="http://www.sky.com" />
  </red>
 </green>
</pink></without-namespaces></output>
  PASS copy-0609
  PASS copy-0610
  PASS copy-0611
  FAIL copy-0612: Result mismatch
    Expected: (complex assertion)
    Got:      <out><element name="a" uri="uri:a" in-scope="" /><element name="b" uri="uri:b" in-scope="" /><element name="c" uri="uri:c" in-scope="" /><element name="p" uri="uri:p" in-scope="" /><element name="q" uri="uri:q" in-scope="" /><element name="r" uri="uri:r" in-scope="" /></out>
  FAIL copy-0613: Result mismatch
    Expected: (complex assertion)
    Got:      <out><element name="a" uri="uri:a" in-scope="" /><element name="b" uri="uri:b" in-scope="" /><element name="c" uri="uri:c" in-scope="" /><element name="p" uri="uri:p" in-scope="" /><element name="q" uri="uri:q" in-scope="" /><element name="r" uri="uri:r" in-scope="" /></out>
  FAIL copy-0614: Result mismatch
    Expected: (complex assertion)
    Got:      <out><element name="a" uri="uri:a" in-scope="" /><element name="b" uri="uri:b" in-scope="" /><element name="c" uri="uri:c" in-scope="" /><element name="p" uri="uri:p" in-scope="" /><element name="q" uri="uri:q" in-scope="" /><element name="r" uri="uri:r" in-scope="" /></out>
  FAIL copy-0615: Result mismatch
    Expected: (complex assertion)
    Got:      <out><element name="a" uri="uri:a" in-scope="" /><element name="b" uri="uri:b" in-scope="" /><element name="c" uri="uri:c" in-scope="" /><element name="p" uri="uri:p" in-scope="" /><element name="q" uri="uri:q" in-scope="" /><element name="r" uri="uri:r" in-scope="" /></out>
  FAIL copy-0616: Result mismatch
    Expected: (complex assertion)
    Got:      <out><element name="a" uri="uri:a" in-scope="" /><element name="b" uri="uri:b" in-scope="" /><element name="c" uri="uri:c" in-scope="" /><element name="p" uri="uri:p" in-scope="" /><element name="q" uri="uri:q" in-scope="" /><element name="r" uri="uri:r" in-scope="" /></out>
  FAIL copy-0617: Result mismatch
    Expected: (complex assertion)
    Got:      <out><element name="a" uri="uri:a" in-scope="" /><element name="b" uri="uri:b" in-scope="" /><element name="c" uri="uri:c" in-scope="" /><element name="p" uri="uri:p" in-scope="" /><element name="q" uri="uri:q" in-scope="" /><element name="r" uri="uri:r" in-scope="" /></out>
  FAIL copy-0618: Result mismatch
    Expected: (complex assertion)
    Got:      <out><element name="a" uri="uri:a" in-scope="" /><element name="b" uri="uri:b" in-scope="" /><element name="c" uri="uri:c" in-scope="" /><element name="p" uri="uri:p" in-scope="" /><element name="q" uri="uri:q" in-scope="" /><element name="r" uri="uri:r" in-scope="" /></out>
  FAIL copy-0619: Result mismatch
    Expected: (complex assertion)
    Got:      <out><element name="a" uri="uri:a" in-scope="" /><element name="b" uri="uri:b" in-scope="" /><element name="c" uri="uri:c" in-scope="" /><element name="p" uri="uri:p" in-scope="" /><element name="q" uri="uri:q" in-scope="" /><element name="r" uri="uri:r" in-scope="" /></out>
  FAIL copy-0620: Result mismatch
    Expected: (complex assertion)
    Got:      <out><element name="a" uri="uri:a" in-scope="" /><element name="b" uri="uri:b" in-scope="" /><element name="c" uri="uri:c" in-scope="" /><element name="r" uri="uri:r" in-scope="" /></out>
  FAIL copy-0621: Result mismatch
    Expected: (complex assertion)
    Got:      <out><element name="a" uri="uri:a" in-scope="" /><element name="b" uri="uri:b" in-scope="" /><element name="c" uri="uri:c" in-scope="" /><element name="r" uri="uri:r" in-scope="" /></out>
  FAIL copy-0622: Result mismatch
    Expected: (complex assertion)
    Got:      <out><element name="a" uri="uri:a" in-scope="" /><element name="b" uri="uri:b" in-scope="" /><element name="c" uri="uri:c" in-scope="" /><element name="r" uri="uri:r" in-scope="" /></out>
  FAIL copy-0623: Result mismatch
    Expected: (complex assertion)
    Got:      <out><element name="a" uri="uri:a" in-scope="" /><element name="b" uri="uri:b" in-scope="" /><element name="c" uri="uri:c" in-scope="" /><element name="r" uri="uri:r" in-scope="" /></out>
  FAIL copy-0624: Result mismatch
    Expected: (complex assertion)
    Got:      <out><element name="a" uri="uri:a" in-scope="" /><element name="b" uri="uri:b" in-scope="" /><element name="c" uri="uri:c" in-scope="" /><element name="r" uri="uri:r" in-scope="" /></out>
  FAIL copy-0625: Result mismatch
    Expected: (complex assertion)
    Got:      <out><element name="a" uri="uri:a" in-scope="" /><element name="b" uri="uri:b" in-scope="" /><element name="c" uri="uri:c" in-scope="" /><element name="r" uri="uri:r" in-scope="" /></out>
  FAIL copy-0626: Result mismatch
    Expected: (complex assertion)
    Got:      <out><element name="a" uri="uri:a" in-scope="" /><element name="b" uri="uri:b" in-scope="" /><element name="c" uri="uri:c" in-scope="" /><element name="r" uri="uri:r" in-scope="" /></out>
  FAIL copy-0627: Result mismatch
    Expected: (complex assertion)
    Got:      <out><element name="a" uri="uri:a" in-scope="" /><element name="b" uri="uri:b" in-scope="" /><element name="c" uri="uri:c" in-scope="" /><element name="r" uri="uri:r" in-scope="" /></out>
  PASS copy-0701
  PASS copy-0801
  PASS copy-1001
  PASS copy-1002
  PASS copy-1003
  PASS copy-1101
  FAIL copy-1201: Reference to undeclared entity 'egrave'. Line 13, position 32.
  FAIL copy-1202: Reference to undeclared entity 'aelig'. Line 13, position 32.
  PASS copy-1203
  PASS copy-1204
  FAIL copy-1205: Result mismatch
    Expected: (complex assertion)
    Got:      <out />
  PASS copy-1206
  FAIL copy-1207: Result mismatch
    Expected: (complex assertion)
    Got:      <out />
  FAIL copy-1208: Result mismatch
    Expected: <out><rtf p="12">abc</rtf></out>
    Got:      <out />
  FAIL copy-1209: Result mismatch
    Expected: (complex assertion)
    Got:      <out />
  FAIL copy-1210: Result mismatch
    Expected: error XTDE0420
    Got:      <out xmlns:n="http://example.com/nnnnnnn" />
  PASS copy-1211
  PASS copy-1212
  FAIL copy-1213: Result mismatch
    Expected: (complex assertion)
    Got:      <out />
  FAIL copy-1214: Result mismatch
    Expected: (complex assertion)
    Got:      <out />
  FAIL copy-1215: Result mismatch
    Expected: (complex assertion)
    Got:      <out />
  PASS copy-1216
  FAIL copy-1217: Result mismatch
    Expected: (complex assertion)
    Got:      <out />
  FAIL copy-1218: Result mismatch
    Expected: (complex assertion)
    Got:      <out />
  FAIL copy-1219: Result mismatch
    Expected: (complex assertion)
    Got:      <out />
  FAIL copy-1220: Result mismatch
    Expected: (complex assertion)
    Got:      <out><m>a : </m><n>aa : </n><o>a : </o><p>aa : </p></out>
  FAIL copy-1221: Result mismatch
    Expected: (complex assertion)
    Got:      <out><m>a : </m><n>aa : </n><o>a : </o><p>aa : </p></out>
  FAIL copy-1501: Unexpected end of file while parsing CDATA has occurred. Line 4, position 34.
  FAIL copy-1601: Result mismatch
    Expected: <out><?a-pi some data?>...
<?a-pi some data?><?pi-2 another?>...
<doc><!-- This is a comment -->
  test
</doc></out>
    Got:      <out><?a-pi some data?><?pi-2 another?>...
<?a-pi some data?><?pi-2 another?>...
<doc><!-- This is a comment -->
  test
</doc></out>
  FAIL copy-1602: Result mismatch
    Expected: <out><?a-pi some data?>;
    <?pi-2 another?>;   
    <?a-pi some data?><?pi-2 another?></out>
    Got:      <out><?a-pi some data?><?pi-2 another?>;
    <?a-pi some data?><?pi-2 another?>;   
    <?a-pi some data?><?pi-2 another?></out>
  PASS copy-1701
  PASS copy-1801
  PASS copy-2001
  FAIL copy-2101: Unexpected end of file while parsing CDATA has occurred. Line 4, position 19.
  PASS copy-2201
  FAIL copy-2202: Result mismatch
    Expected: <out><a level="1" data="1a2"/>
<a level="2" data="2a3"/>
<a level="3" data="2xa2"/>
<a level="3" data="2xa3"/>
</out>
    Got:      <out><a level="1" origin="Albany" data="1a2" />
<a level="2" origin="Albany" data="2a3" />
<a level="3" origin="Albany" data="2xa2" />
<a level="3" origin="Albany" data="2xa3" />
</out>
  PASS copy-2203
  PASS copy-2301
  PASS copy-2401
  PASS copy-2402
  PASS copy-2501
  PASS copy-2502
  PASS copy-2601
  PASS copy-2701
  PASS copy-2801
  PASS copy-2901
  PASS copy-3001
  FAIL copy-3003: XPST0017: Function {http://www.w3.org/2005/xpath-functions}accumulator-before#1 not found.
  PASS copy-3101
  PASS copy-3102
  PASS copy-3301
  PASS copy-3302
  PASS copy-3401
  FAIL copy-3601: Result mismatch
    Expected: <out><?b-pi pi-2?>
<?b-pi pi-4?>
<?b-pi pi-6?>
<?b-pi pi-8?>
</out>
    Got:      <out><?a-pi pi-1?>
<?b-pi pi-2?>
<?a-pi pi-3?>
<?b-pi pi-4?>
<?a-pi pi-5?>
<?b-pi pi-6?>
<?a-pi pi-7?>
<?b-pi pi-8?>
<?a-pi pi-9?>
</out>
  FAIL copy-3602: Result mismatch
    Expected: <out><?b-pi pi-2?><?b-pi pi-4?><?b-pi pi-6?><?b-pi pi-8?></out>
    Got:      <out><?a-pi pi-1?><?b-pi pi-2?><?a-pi pi-3?><?b-pi pi-4?><?a-pi pi-5?><?b-pi pi-6?><?a-pi pi-7?><?b-pi pi-8?><?a-pi pi-9?></out>
  FAIL copy-3603: Result mismatch
    Expected: <out><?b-pi pi-4?>
<?b-pi pi-6?>
<?b-pi pi-8?>
</out>
    Got:      <out><?b-pi pi-4?>
<?a-pi pi-5?>
<?b-pi pi-6?>
<?a-pi pi-7?>
<?b-pi pi-8?>
</out>
  PASS copy-3701
  FAIL copy-3702: Result mismatch
    Expected: (complex assertion)
    Got:      <p></p>
  PASS copy-3801
  PASS copy-3802
  PASS copy-3803
  PASS copy-3804
  PASS copy-3901
  PASS copy-4001
  FAIL copy-4101: Result mismatch
    Expected: <out><!--foo top-level-a sub-level-a--><!--  footop-level-asub-level-a--></out>
    Got:      <out><!--footop-level-asub-level-a--><!-- footop-level-asub-level-a--></out>
  FAIL copy-4102: Result mismatch
    Expected: <out spec-change="2004-03-05"><?pi1 foo top-level-a sub-level-a?><?pi2 footop-level-asub-level-a?></out>
    Got:      <out spec-change="2004-03-05"><?pi1 footop-level-asub-level-a?><?pi2 footop-level-asub-level-a?></out>
  PASS copy-4201
  PASS copy-4301
  PASS copy-4302
  FAIL copy-4303: Result mismatch
    Expected: <out count="3"><a>23</a><a>23</a><a>23</a></out>
    Got:      <out count="1">23 23 23</out>
  FAIL copy-4304: Result mismatch
    Expected: <a xmlns:f="http://f/">9</a>
    Got:      <a>3</a>
  FAIL copy-4305: Result mismatch
    Expected: <out><a>c</a><a>c d</a><f>e</f><p/></out>
    Got:      <out><a></a><a></a><f></f><p></p></out>
  PASS copy-4306
  FAIL copy-4307: Result mismatch
    Expected: error XTTE0945
    Got:      
  FAIL copy-4308: Result mismatch
    Expected: error XTTE0945
    Got:      <out><in /></out>
  FAIL copy-4309: Result mismatch
    Expected: error XTTE0945
    Got:      
  PASS copy-4401
  FAIL copy-4501: Result mismatch
    Expected: <?xml version="1.0" encoding="UTF-8"?><out xmlns:f="http://www.example.com/local-functions"><a position="1" last="1"><b position="1" last="1"/><c position="1" last="1"/><d position="1" last="1"/></a></out>
    Got:      <out />
  FAIL copy-4502: Result mismatch
    Expected: <?xml version="1.0" encoding="UTF-8"?><out xmlns:f="http://www.example.com/local-functions"><a position="1" last="1">
   <b position="2" last="7"/>
   <c position="4" last="7"/>
   <d position="6" last="7"/>
</a></out>
    Got:      <out><a x="1" y="2" position="1" last="1">
   <b position="2" last="7" />
   <c position="4" last="7" />
   <d x="5" y="7" position="6" last="7" />
</a></out>
  FAIL copy-4601: Result mismatch
    Expected: error XTDE0420
    Got:      
  FAIL copy-4701: Result mismatch
    Expected: error XTDE0410
    Got:      <out top="gotcha"><child /></out>
  FAIL copy-4702: Result mismatch
    Expected: error XTDE0410
    Got:      <out top="gotcha"><child /></out>
  PASS copy-4801
  FAIL copy-4802: Result mismatch
    Expected: <?xml version="1.0" encoding="UTF-8"?><out xmlns:f="http://www.example.com/local-functions"><OL length="4">
  <LI>item1</LI>
  <LI>item2</LI>
  <LI>item3</LI>
  <OL length="3">
    <LI>subitem1</LI>
    <LI>subitem2</LI>
    <OL length="1">
      <!-- a comment -->
      <LI>subitem3</LI>
    </OL>
  </OL>
</OL><?a processing instruction?></out>
    Got:      <out />
  FAIL copy-4803: Result mismatch
    Expected: <out/>
    Got:      <out><garbage /></out>
  FAIL copy-4804: Result mismatch
    Expected: <out>abc</out>
    Got:      <out><garbage /></out>
  FAIL copy-4805: Result mismatch
    Expected: error XTTE3180
    Got:      <out><garbage /></out>
  FAIL copy-4901: Result mismatch
    Expected: (complex assertion)
    Got:      <Envelope xmlns="http://schemas.xmlsoap.org/soap/envelope/">
  <Body>
    <SomeRS xmlns="some9">
      <SomeContext>
        <Context>
            <mama>daddy</mama>
        </Context>
        <Part type="a" aa="bb" xmlns="some1">
            <s>
                <a>
                    <c>a</c>
                    <d>67</d>
                </a>
                <b>
                    <e>T</e>
                </b>
            </s>
        </Part>
        <f id="sm1" xmlns="some11">
            <g>smp1</g>
            <h id="s1">
                <i>A</i>
            </h>
        <j id="smp1">
            <k id="a" type="ddd" xmlns="some1">
                <i>
                    <j>abc</j>
                </i>
                <k>80</k>
            </k>
        </j>
        </f>
    </SomeContext>
    </SomeRS>
  </Body>
</Envelope>
  FAIL copy-5101: Result mismatch
    Expected: (complex assertion)
    Got:      <root xmlns="http://example.com" xmlns:xsi="http://www.w3.org/2001/XMLSchema-instance">
    <foo>
        <bar xmlns="http://example.org">test</bar>
    </foo>
</root>
  FAIL copy-5201: Result mismatch
    Expected: (complex assertion)
    Got:      <Request xmlns="http://www.fake.com/xsd/Request">
  <QuoteRef>NEG000001KWU</QuoteRef>
  <CustomerSpecificFields>
                    <Entry>
                        <Key>PolicyId</Key>
                        <Value>INS_00000012</Value>
                    </Entry>
                </CustomerSpecificFields>
</Request>
  Done: copy (148 tests, 63 passed, 65 failed, 20 skipped)
  Starting: evaluate ...
  FAIL evaluate-001: Result mismatch
    Expected: <out>42</out>
    Got:      <out />
  FAIL evaluate-002: Result mismatch
    Expected: (complex assertion)
    Got:      <out><z>STATIC setting1=[value1]</z><z>STATIC setting2=[value2]</z><a>DYNAMIC(A-all) setting1=[]</a><a>DYNAMIC(A-all) setting2=[]</a><a>DYNAMIC(B) count=2</a><b>DYNAMIC(B-for) setting1=[value1]</b><b>DYNAMIC(B-for) setting2=[value2]</b><d>DYNAMIC(B-top) setting1=[]</d><d>DYNAMIC(B-top) setting2=[]</d><d>DYNAMIC(B-1) setting1=[]</d><d>DYNAMIC(B-2) setting2=[]</d><e>DYNAMIC(C) count=2</e><f>DYNAMIC(C-for) setting2=[value2]</f><f>DYNAMIC(C-for) setting1=[value1]</f><g>DYNAMIC(C-top) setting1=[]</g><g>DYNAMIC(C-top) setting1=[]</g><h>DYNAMIC(D) setting1=[]</h><h>DYNAMIC(D) setting1=[]</h></out>
  FAIL evaluate-003: Result mismatch
    Expected: <out><td>SVC board vhdl code consolidation</td><td>IOgen template incorporation</td></out>
    Got:      <out />
  FAIL evaluate-004: Result mismatch
    Expected: <out id="c"/>
    Got:      <out />
  FAIL evaluate-005: Result mismatch
    Expected: <out>1 1 2 2</out>
    Got:      <out />
  FAIL evaluate-006: Result mismatch
    Expected: <out><a>true</a><a>ab</a><a>1</a><a>3</a><a>25</a><a>1728</a></out>
    Got:      <out><a /><a /><a /><a /><a /><a /></out>
  FAIL evaluate-007: Result mismatch
    Expected: error XTDE3160
    Got:      <out><z /><z /><z /><z /></out>
  FAIL evaluate-008: Result mismatch
    Expected: <Result xmlns:Math="java:java.lang.Math">1</Result>
    Got:      <Result />
  FAIL evaluate-011: Result mismatch
    Expected: error FODF1280
    Got:      <out><z /><z /><z /><z /><z /><z /><z /><z /></out>
  FAIL evaluate-015: Result mismatch
    Expected: <out><ans>4</ans><ans>1</ans><ans>eval003.xml</ans><ans>eval003.xml</ans><ans>17</ans><ans>4</ans><ans>1 4 9</ans></out>
    Got:      <out><ans /><ans /><ans /><ans /><ans /><ans /><ans /></out>
  FAIL evaluate-016: Result mismatch
    Expected: <out><city name="Salzburg" country="Austria"/></out>
    Got:      <out />
  FAIL evaluate-017: XPST0017: Function {http://saxon.sf.net/}system-id#0 not found.
  FAIL evaluate-018: Result mismatch
    Expected: <out>13</out>
    Got:      <out />
  FAIL evaluate-018a: Result mismatch
    Expected: <out>13</out>
    Got:      <out />
  FAIL evaluate-018b: Result mismatch
    Expected: <out>13</out>
    Got:      <out />
  FAIL evaluate-018c: Result mismatch
    Expected: <out>49</out>
    Got:      <out />
  FAIL evaluate-018d: Result mismatch
    Expected: (complex assertion)
    Got:      <out />
  FAIL evaluate-019: Result mismatch
    Expected: (complex assertion)
    Got:      <html xmlns="http://www.w3.org/1999/xhtml"><head><meta name="Contributor" content="Fred" /><title>test</title></head><body><p>normal xpath/xslt : Saxon is great</p><p>evaluate : </p><p>evaluate without namespaces : </p></body></html>
  FAIL evaluate-020: Result mismatch
    Expected: (complex assertion)
    Got:      <html xmlns="http://www.w3.org/1999/xhtml"><head><meta name="Contributor" content="Fred" /><title>test</title></head><body><p>evaluate-node : </p></body></html>
  FAIL evaluate-021: Result mismatch
    Expected: (complex assertion)
    Got:      <html xmlns="http://www.w3.org/1999/xhtml"><head><meta name="Contributor" content="Fred" /><title>test</title></head><body><p>evaluate : </p></body></html>
  FAIL evaluate-022: Result mismatch
    Expected: error XPTY0004
    Got:      <out><a /><a /><a /><a /><a /><a /></out>
  FAIL evaluate-023: Result mismatch
    Expected: (complex assertion)
    Got:      <out />
  FAIL evaluate-024: Result mismatch
    Expected: error XPDY0002
    Got:      <out><a /></out>
  FAIL evaluate-025: Result mismatch
    Expected: error XPDY0002
    Got:      <out><a /></out>
  FAIL evaluate-025a: Result mismatch
    Expected: error XPDY0002
    Got:      <out><a /></out>
  FAIL evaluate-026: Result mismatch
    Expected: error XTTE3210
    Got:      <out><a /></out>
  FAIL evaluate-027: The value cannot be an empty string. (Parameter 'name')
  FAIL evaluate-028: Result mismatch
    Expected: <out><gt0>true</gt0><gt15>true</gt15><gt1500>false</gt1500></out>
    Got:      <out><gt0>false</gt0><gt15>false</gt15><gt1500>false</gt1500></out>
  FAIL evaluate-029: Result mismatch
    Expected: <out><gt0>true</gt0><gt15>false</gt15><gt1500>false</gt1500></out>
    Got:      <out><gt0>false</gt0><gt15>false</gt15><gt1500>false</gt1500></out>
  FAIL evaluate-030: Result mismatch
    Expected: <out>http://www.w3.org/base</out>
    Got:      <out />
  FAIL evaluate-031: Result mismatch
    Expected: (complex assertion)
    Got:      <out />
  FAIL evaluate-041: Result mismatch
    Expected: (complex assertion)
    Got:      <Result><out></out><out></out><out></out><out></out><out></out><out></out><out></out><out></out><out></out></Result>
  FAIL evaluate-042: Result mismatch
    Expected: error XPST0008
    Got:      <Result><out></out><out></out><out></out><out></out><out></out><out></out><out></out><out></out><out></out></Result>
  FAIL evaluate-043: Result mismatch
    Expected: error XTTE3165
    Got:      <out />
  FAIL evaluate-044: Result mismatch
    Expected: (complex assertion)
    Got:      <out />
  FAIL evaluate-045: Result mismatch
    Expected: error XTDE3160
    Got:      <out><a /><a /><a /><a /><a /><a /></out>
  FAIL evaluate-047: Result mismatch
    Expected: error XTDE3160
    Got:      <out />
  FAIL evaluate-049: Result mismatch
    Expected: (complex assertion)
    Got:      <out />
  FAIL evaluate-050: Result mismatch
    Expected: (complex assertion)
    Got:      <out />
  FAIL evaluate-051: Cannot access FunctionValue on XDM value of kind 'Sequence'
  FAIL evaluate-052: Result mismatch
    Expected: (complex assertion)
    Got:      <root>
  <value>function() { $p1?foo }</value><result />
</root><!--Run with Bosak XPath 1.0  at 2026-06-07T08:59:39.252+02:00-->
  Done: evaluate (57 tests, 0 passed, 41 failed, 16 skipped)
  Starting: for-each-group ...
  PASS for-each-group-001
  FAIL for-each-group-002: Result mismatch
    Expected: error XTSE0090
    Got:      <table><tr><th>Position</th><th>Country</th><th>City List</th><th>Population</th></tr><tr><td>1</td><td>italy</td><td>milan, venice</td><td>6</td></tr><tr><td>2</td><td>france</td><td>paris, lyon</td><td>9</td></tr><tr><td>3</td><td>germany</td><td>munich</td><td>4</td></tr></table>
  PASS for-each-group-003
  FAIL for-each-group-005: Result mismatch
    Expected: <?xml version="1.0" encoding="UTF-8"?><table>;
  <tr><th>Country</th><th>City List</th><th>Population</th></tr>;
  <tr><td>france</td><td>paris, lyon</td><td>9</td></tr>;
  <tr><td>italy</td><td>milan, venice</td><td>6</td></tr>;
  <tr><td>germany</td><td>munich</td><td>4</td></tr>;
  </table>
    Got:      <table>;
  <tr><th>Country</th><th>City List</th><th>Population</th></tr>;
  <tr><td>italy</td><td>milan, venice</td><td>6</td></tr>;
  <tr><td>france</td><td>paris, lyon</td><td>9</td></tr>;
  <tr><td>germany</td><td>munich</td><td>4</td></tr>;
  </table>
  FAIL for-each-group-007: Result mismatch
    Expected: <html><body><h2>L (1)</h2><p>lyon</p><h2>M (2)</h2><p>milan</p><p>munich</p><h2>P (1)</h2
            ><p>paris</p><h2>V (1)</h2><p>venice</p></body></html>
    Got:      <html><body><h2>M (2)</h2><p>milan</p><p>munich</p><h2>P (1)</h2><p>paris</p><h2>L (1)</h2><p>lyon</p><h2>V (1)</h2><p>venice</p></body></html>
  FAIL for-each-group-009: Result mismatch
    Expected: <table><tr><td>lyon</td><td>milan</td></tr><tr><td>munich</td><td>paris</td></tr><tr><td>venice</td><td> </td></tr></table>
    Got:      <table><tr><td>lyon</td><td>milan</td><td>munich</td><td>paris</td><td>venice</td></tr></table>
  FAIL for-each-group-011: Result mismatch
    Expected: <table><tr><td>lyon</td><td>paris</td></tr><tr><td>milan</td><td>venice</td></tr><tr><td>munich</td></tr></table>
    Got:      <table><tr><td>lyon</td><td>milan</td><td>munich</td><td>paris</td><td>venice</td></tr></table>
  PASS for-each-group-012
  PASS for-each-group-013
  PASS for-each-group-014
  FAIL for-each-group-015b: Result mismatch
    Expected: error XTDE1071
    Got:      <out><g><h key="" /><h key="" /><h key="" /></g></out>
  PASS for-each-group-016
  PASS for-each-group-018
  PASS for-each-group-020
  PASS for-each-group-022
  PASS for-each-group-024
  FAIL for-each-group-026: Result mismatch
    Expected: <not-html><body><h2>Bug Summary (8)</h2><table><tr><th>ui (5)</th><th>core (3)</th></tr><tr><td>ace (3)<br/>gary (2)</td><td>tim (2)<br/>tom (1)</td></tr></table></body></not-html>
    Got:      <not-html><body><h2>Bug Summary (8)</h2><table><tr><th>ui (5)</th><th>core (3)</th></tr><tr /></table></body></not-html>
  PASS for-each-group-027
  PASS for-each-group-028
  PASS for-each-group-029
  PASS for-each-group-030
  PASS for-each-group-031
  FAIL for-each-group-032: Result mismatch
    Expected: <o><group pop="7"><city name="milan" country="italy" pop="5"
            /><city name="paris" country="france" pop="7"
            /><city name="munich" country="germany" pop="4"
            /><city name="lyon" country="france" pop="2"
            /><city name="manchester" country="england" pop="7.0"
            /><city name="liverpool" country="england" pop="7"
            /><city name="venice" country="italy" pop="1"/></group
            ><group pop="10"><city name="london" country="england" pop="10"
            /></group><group pop="5"><city name="bristol" country="england" pop="5.0"
            /><city name="sheffield" country="england" pop="05"/></group></o>
    Got:      <o><group pop="7"><city name="milan" country="italy" pop="5" /><city name="paris" country="france" pop="7" /><city name="munich" country="germany" pop="4" /><city name="lyon" country="france" pop="2" /><city name="manchester" country="england" pop="7.0" /><city name="liverpool" country="england" pop="7" /><city name="venice" country="italy" pop="1" /></group><group pop="1"><city name="london" country="england" pop="10" /></group><group pop="5"><city name="bristol" country="england" pop="5.0" /><city name="sheffield" country="england" pop="05" /></group></o>
  FAIL for-each-group-033: Result mismatch
    Expected: (complex assertion)
    Got:      <g><group><city name="milan" country="italy" pop="5" /><city name="paris" country="france" pop="7" /><city name="bristol" country="england" pop="5.0" /><city name="sheffield" country="england" pop="05" /></group><group><city name="paris" country="france" pop="7" /><city name="bristol" country="england" pop="5.0" /><city name="manchester" country="england" pop="7.0" /><city name="liverpool" country="england" pop="7" /></group><group><city name="munich" country="germany" pop="4" /><city name="lyon" country="france" pop="2" /></group><group><city name="munich" country="germany" pop="4" /><city name="london" country="england" pop="10" /><city name="venice" country="italy" pop="1" /></group><group><city name="lyon" country="france" pop="2" /></group><group><city name="london" country="england" pop="10" /><city name="venice" country="italy" pop="1" /></group><group><city name="manchester" country="england" pop="7.0" /></group><group><city name="liverpool" country="england" pop="7" /><city name="sheffield" country="england" pop="05" /></group></g>
  PASS for-each-group-034
  PASS for-each-group-035
  PASS for-each-group-036
  PASS for-each-group-037
  PASS for-each-group-038
  PASS for-each-group-039
  PASS for-each-group-040
  FAIL for-each-group-041: Result mismatch
    Expected: <out><a>a 1 2 3 4 5 6 7 8 9 10</a><a>b 11 12 13 14 15 16 17 18 19 20</a></out>
    Got:      <out><a>a 1 2 3 4 5 6 7 8 9 10 b 11 12 13 14 15 16 17 18 19 20</a></out>
  FAIL for-each-group-042: Result mismatch
    Expected: <out><a>a</a><a>1 2 3 4 5 6 7 8 9 10 b</a><a>11 12 13 14 15 16 17 18 19 20</a></out>
    Got:      <out><a>a 1 2 3 4 5 6 7 8 9 10 b 11 12 13 14 15 16 17 18 19 20</a></out>
  FAIL for-each-group-043: Result mismatch
    Expected: <?xml version="1.0" encoding="UTF-8"?><out><group country="italy" pop="5"><city name="milan" country="italy" pop="5"/></group><group country="france" pop="7"><city name="paris" country="france" pop="7"/></group><group country="germany" pop="4"><city name="munich" country="germany" pop="4"/></group><group country="france" pop="2"><city name="lyon" country="france" pop="2"/></group><group country="england" pop="10"><city name="london" country="england" pop="10"/></group><group country="england" pop="5"><city name="bristol" country="england" pop="5.0"/><city name="sheffield" country="england" pop="05"/></group><group country="england" pop="7"><city name="manchester" country="england" pop="7.0"/><city name="liverpool" country="england" pop="7"/></group><group country="italy" pop="1"><city name="venice" country="italy" pop="1"/></group></out>
    Got:      <out><group country="italy" pop=""><city name="milan" country="italy" pop="5" /><city name="venice" country="italy" pop="1" /></group><group country="5" pop=""><city name="milan" country="italy" pop="5" /><city name="bristol" country="england" pop="5.0" /><city name="sheffield" country="england" pop="05" /></group><group country="france" pop=""><city name="paris" country="france" pop="7" /><city name="lyon" country="france" pop="2" /></group><group country="7" pop=""><city name="paris" country="france" pop="7" /><city name="manchester" country="england" pop="7.0" /><city name="liverpool" country="england" pop="7" /></group><group country="germany" pop=""><city name="munich" country="germany" pop="4" /></group><group country="4" pop=""><city name="munich" country="germany" pop="4" /></group><group country="2" pop=""><city name="lyon" country="france" pop="2" /></group><group country="england" pop=""><city name="london" country="england" pop="10" /><city name="bristol" country="england" pop="5.0" /><city name="manchester" country="england" pop="7.0" /><city name="liverpool" country="england" pop="7" /><city name="sheffield" country="england" pop="05" /></group><group country="10" pop=""><city name="london" country="england" pop="10" /></group><group country="1" pop=""><city name="venice" country="italy" pop="1" /></group></out>
  FAIL for-each-group-044: Result mismatch
    Expected: <?xml version="1.0" encoding="UTF-8"?><out><group country="italy" pop="5"><city name="milan" country="italy" pop="5"/></group><group country="france" pop="7"><city name="paris" country="france" pop="7"/></group><group country="germany" pop="4"><city name="munich" country="germany" pop="4"/></group><group country="france" pop="2"><city name="lyon" country="france" pop="2"/></group><group country="england" pop="10"><city name="london" country="england" pop="10"/></group><group country="england" pop="5"><city name="bristol" country="england" pop="5.0"/></group><group country="england" pop="7"><city name="manchester" country="england" pop="7.0"/><city name="liverpool" country="england" pop="7"/></group><group country="england" pop="5"><city name="sheffield" country="england" pop="05"/></group><group country="italy" pop="1"><city name="venice" country="italy" pop="1"/></group></out>
    Got:      <out><group country="italy" pop="5"><city name="milan" country="italy" pop="5" /></group><group country="france" pop="7"><city name="paris" country="france" pop="7" /></group><group country="germany" pop="4"><city name="munich" country="germany" pop="4" /></group><group country="france" pop="2"><city name="lyon" country="france" pop="2" /></group><group country="england" pop="10"><city name="london" country="england" pop="10" /><city name="bristol" country="england" pop="5.0" /><city name="manchester" country="england" pop="7.0" /><city name="liverpool" country="england" pop="7" /><city name="sheffield" country="england" pop="05" /></group><group country="italy" pop="1"><city name="venice" country="italy" pop="1" /></group></out>
  PASS for-each-group-045
  PASS for-each-group-046a
  FAIL for-each-group-047: Result mismatch
    Expected: error XTSE1060
    Got:      <table><tr><th>Position</th><th>Country</th><th>City List</th><th>Population</th></tr><tr><td>1</td><td>italy</td><td>1</td><td>milan, venice</td><td>6</td></tr><tr><td>2</td><td>france</td><td>2</td><td>paris, lyon</td><td>9</td></tr><tr><td>3</td><td>germany</td><td>3</td><td>munich</td><td>4</td></tr><tr><td>4</td><td>england</td><td>5</td><td>london, bristol, manchester, liverpool, sheffield</td><td>34</td></tr></table>
  FAIL for-each-group-048: Result mismatch
    Expected: error XTSE1070
    Got:      <table><tr><th>Position</th><th>Country</th><th>City List</th><th>Population</th></tr><tr><td>1</td><td>italy</td><td></td><td>milan, venice</td><td>6</td></tr><tr><td>2</td><td>france</td><td></td><td>paris, lyon</td><td>9</td></tr><tr><td>3</td><td>germany</td><td></td><td>munich</td><td>4</td></tr><tr><td>4</td><td>england</td><td></td><td>london, bristol, manchester, liverpool, sheffield</td><td>34</td></tr></table>
  FAIL for-each-group-049: Result mismatch
    Expected: error XTSE1080
    Got:      <table><tr><th>Position</th><th>Country</th><th>City List</th><th>Population</th></tr></table>
  FAIL for-each-group-050: Result mismatch
    Expected: error XTSE1080
    Got:      <table><tr><th>Position</th><th>Country</th><th>City List</th><th>Population</th></tr><tr><td>1</td><td>italy</td><td>milan, venice</td><td>6</td></tr><tr><td>2</td><td>france</td><td>paris, lyon</td><td>9</td></tr><tr><td>3</td><td>germany</td><td>munich</td><td>4</td></tr><tr><td>4</td><td>england</td><td>london, bristol, manchester, liverpool, sheffield</td><td>34</td></tr></table>
  FAIL for-each-group-051: Result mismatch
    Expected: error XTSE1090
    Got:      <table><tr><th>Position</th><th>Country</th><th>City List</th><th>Population</th></tr><tr><td>1</td><td>italy</td><td>milan</td><td>5</td></tr><tr><td>2</td><td>france</td><td>paris</td><td>7</td></tr><tr><td>3</td><td>germany</td><td>munich</td><td>4</td></tr><tr><td>4</td><td>france</td><td>lyon</td><td>2</td></tr><tr><td>5</td><td>england</td><td>london</td><td>1</td></tr><tr><td>6</td><td>england</td><td>bristol</td><td>5</td></tr><tr><td>7</td><td>england</td><td>manchester</td><td>7</td></tr><tr><td>8</td><td>england</td><td>liverpool</td><td>7</td></tr><tr><td>9</td><td>england</td><td>sheffield</td><td>5</td></tr><tr><td>10</td><td>italy</td><td>venice</td><td>1</td></tr></table>
  FAIL for-each-group-052: Result mismatch
    Expected: error XTTE1100
    Got:      <table><tr><th>Position</th><th>Country</th><th>City List</th><th>Population</th></tr><tr><td>1</td><td>italy</td><td>milan, paris, munich, lyon, london, bristol, manchester, liverpool, sheffield, venice</td><td>53</td></tr></table>
  FAIL for-each-group-053: Result mismatch
    Expected: error XTSE1017
    Got:      <table><tr><th>Position</th><th>Country</th><th>City List</th><th>Population</th></tr><tr><td>1</td><td>england</td><td>london, bristol, manchester, liverpool, sheffield</td><td>34</td></tr><tr><td>2</td><td>france</td><td>paris</td><td>7</td></tr><tr><td>3</td><td>france</td><td>lyon</td><td>2</td></tr><tr><td>4</td><td>germany</td><td>munich</td><td>4</td></tr><tr><td>5</td><td>italy</td><td>milan</td><td>5</td></tr><tr><td>6</td><td>italy</td><td>venice</td><td>1</td></tr></table>
  FAIL for-each-group-054: Result mismatch
    Expected: error XTSE0020
    Got:      <table><tr><th>Position</th><th>Country</th><th>City List</th><th>Population</th></tr><tr><td>1</td><td>england</td><td>london, bristol, manchester, liverpool, sheffield</td><td>34</td></tr><tr><td>2</td><td>france</td><td>paris</td><td>7</td></tr><tr><td>3</td><td>france</td><td>lyon</td><td>2</td></tr><tr><td>4</td><td>germany</td><td>munich</td><td>4</td></tr><tr><td>5</td><td>italy</td><td>milan</td><td>5</td></tr><tr><td>6</td><td>italy</td><td>venice</td><td>1</td></tr></table>
  FAIL for-each-group-055: Result mismatch
    Expected: error XTDE1061
    Got:      <err>0</err>
  FAIL for-each-group-056: Result mismatch
    Expected: error XTDE1071
    Got:      <err></err>
  FAIL for-each-group-059: Result mismatch
    Expected: error XTDE1071
    Got:      <err><a>true</a><a>false</a><a>true</a><a>false</a></err>
  FAIL for-each-group-060: Result mismatch
    Expected: error XTDE1061
    Got:      <err><a>a</a><a>1 2 3 4 5 6 7 8 9 10</a><a>b</a><a>11 12 13 14 15 16 17 18 19 20</a></err>
  FAIL for-each-group-061: Result mismatch
    Expected: (complex assertion)
    Got:      <out><group date="2001-04-04T13:00:00+02:00"><city name="milan" country="italy" pop="5" date="2001-04-04T13:00:00+02:00" /><city name="venice" country="italy" pop="1" date="2001-04-04T13:00:00+02:00" /><city name="venice" country="italy" pop="1" date="2001-04-04T13:00:00+02:00" /></group><group date="2001-04-04T11:00:00+00:00"><city name="paris" country="france" pop="7" date="2001-04-04T11:00:00+00:00" /><city name="lyon" country="france" pop="2" date="2001-04-04T11:00:00+00:00" /></group><group date="2001-04-04T12:00:00+01:00"><city name="munich" country="germany" pop="4" date="2001-04-04T12:00:00+01:00" /></group><group date="2001-04-04T12:00:00+00:00"><city name="london" country="england" pop="10" date="2001-04-04T12:00:00+00:00" /><city name="bristol" country="england" pop="5.0" date="2001-04-04T12:00:00+00:00" /><city name="manchester" country="england" pop="7.0" date="2001-04-04T12:00:00+00:00" /><city name="liverpool" country="england" pop="7" date="2001-04-04T12:00:00+00:00" /><city name="sheffield" country="england" pop="05" date="2001-04-04T12:00:00+00:00" /></group></out>
  FAIL for-each-group-062: Result mismatch
    Expected: (complex assertion)
    Got:      <out><group date="2001-04-04T13:00:00+02:00"><city name="milan" country="italy" pop="5" date="2001-04-04T13:00:00+02:00" /></group><group date="2001-04-04T11:00:00Z"><city name="paris" country="france" pop="7" date="2001-04-04T11:00:00+00:00" /></group><group date="2001-04-04T12:00:00+01:00"><city name="munich" country="germany" pop="4" date="2001-04-04T12:00:00+01:00" /></group><group date="2001-04-04T11:00:00Z"><city name="lyon" country="france" pop="2" date="2001-04-04T11:00:00+00:00" /></group><group date="2001-04-04T13:00:00+02:00"><city name="venice" country="italy" pop="1" date="2001-04-04T13:00:00+02:00" /></group><group date="2001-04-04T12:00:00Z"><city name="london" country="england" pop="10" date="2001-04-04T12:00:00+00:00" /><city name="bristol" country="england" pop="5.0" date="2001-04-04T12:00:00+00:00" /><city name="manchester" country="england" pop="7.0" date="2001-04-04T12:00:00+00:00" /><city name="liverpool" country="england" pop="7" date="2001-04-04T12:00:00+00:00" /><city name="sheffield" country="england" pop="05" date="2001-04-04T12:00:00+00:00" /></group><group date="2001-04-04T13:00:00+02:00"><city name="venice" country="italy" pop="1" date="2001-04-04T13:00:00+02:00" /></group></out>
  PASS for-each-group-063
  FAIL for-each-group-064: Result mismatch
    Expected: (complex assertion)
    Got:      <out><group date="2001-04-04T13:00:00+02:00"><city name="milan" country="italy" pop="5" date="2001-04-04T13:00:00+02:00" /><city name="venice" country="italy" pop="1" date="2001-04-04T13:00:00+02:00" /><city name="venice" country="italy" pop="1" date="2001-04-04T13:00:00+02:00" /></group><group date="2001-04-04T11:00:00+00:00"><city name="paris" country="france" pop="7" date="2001-04-04T11:00:00+00:00" /><city name="lyon" country="france" pop="2" date="2001-04-04T11:00:00+00:00" /></group><group date="2001-04-04T12:00:00+01:00"><city name="munich" country="germany" pop="4" date="2001-04-04T12:00:00+01:00" /></group><group date="2001-04-04T12:00:00+00:00"><city name="london" country="england" pop="10" date="2001-04-04T12:00:00+00:00" /><city name="manchester" country="england" pop="7.0" date="2001-04-04T12:00:00+00:00" /><city name="liverpool" country="england" pop="7" date="2001-04-04T12:00:00+00:00" /><city name="sheffield" country="england" pop="05" date="2001-04-04T12:00:00+00:00" /></group><group date=""><city name="bristol" country="england" pop="5.0" /></group></out>
  FAIL for-each-group-065: Result mismatch
    Expected: (complex assertion)
    Got:      <out><group date="2001-04-04T13:00:00+02:00"><city name="milan" country="italy" pop="5" date="2001-04-04T13:00:00+02:00" /></group><group date="2001-04-04T11:00:00+00:00"><city name="paris" country="france" pop="7" date="2001-04-04T11:00:00+00:00" /></group><group date="2001-04-04T12:00:00+01:00"><city name="munich" country="germany" pop="4" date="2001-04-04T12:00:00+01:00" /></group><group date="2001-04-04T11:00:00+00:00"><city name="lyon" country="france" pop="2" date="2001-04-04T11:00:00+00:00" /></group><group date="2001-04-04T13:00:00+02:00"><city name="venice" country="italy" pop="1" date="2001-04-04T13:00:00+02:00" /></group><group date="2001-04-04T12:00:00+00:00"><city name="london" country="england" pop="10" date="2001-04-04T12:00:00+00:00" /></group><group date=""><city name="bristol" country="england" pop="5.0" /><city name="bath" country="england" pop="3.0" /></group><group date="2001-04-04T12:00:00+00:00"><city name="manchester" country="england" pop="7.0" date="2001-04-04T12:00:00+00:00" /><city name="liverpool" country="england" pop="7" date="2001-04-04T12:00:00+00:00" /><city name="sheffield" country="england" pop="05" date="2001-04-04T12:00:00+00:00" /></group><group date="2001-04-04T13:00:00+02:00"><city name="venice" country="italy" pop="1" date="2001-04-04T13:00:00+02:00" /></group></out>
  PASS for-each-group-066
  FAIL for-each-group-067: Result mismatch
    Expected: <z>
<r>1,3,5,7</r>
<r>1-4</r>
<r>1-3,8</r>
</z>
    Got:      <z>
<r>1-7</r>
<r>1-4</r>
<r>1-8</r>
</z>
  FAIL for-each-group-068: Result mismatch
    Expected: <out><one>2</one><one>2</one><one>1</one></out>
    Got:      <out><one>3</one><one>3</one><one>3</one></out>
  FAIL for-each-group-069: Result mismatch
    Expected: <out><element path="a" count="1"/><element path="a/b" count="3"/><element path="a/b/c" count="4"/><element path="a/b/c/d" count="2"/></out>
    Got:      <out><element path="a" count="10" /><element path="b" count="9" /><element path="c" count="6" /><element path="d" count="2" /></out>
  FAIL for-each-group-070: Result mismatch
    Expected: <?xml version="1.0" encoding="UTF-8"?><out><element path="a" count="1"/><element path="a/b" count="2"/><element path="a/b/c" count="3"/><element path="a/b/c/d" count="1"/><element path="a/b/c" count="1"/><element path="a/b/c/d" count="1"/><element path="a/b" count="1"/></out>
    Got:      <out><element path="a" count="10" /></out>
  FAIL for-each-group-071: Result mismatch
    Expected: <a><b current-group-count="1"
      current-group-names="b"
      level="1"
      type="A"/><b current-group-count="1"
      current-group-names="b"
      level="1"
      type="B"/></a>
    Got:      <a />
  FAIL for-each-group-072: Result mismatch
    Expected: <out
         ><group key="3 blue" key.count="2" group.size="3"
         /><group key="1 blue" key.count="2" group.size="1"
         /><group key="2 blue" key.count="2" group.size="1"
         /><group key="1 red" key.count="2" group.size="1"
         /><group key="2 red" key.count="2" group.size="1"
         /><group key="3 red" key.count="2" group.size="2"
         /></out>
    Got:      <out><group key="3" key.count="1" group.size="5" /><group key="blue" key.count="1" group.size="5" /><group key="1" key.count="1" group.size="2" /><group key="2" key.count="1" group.size="2" /><group key="red" key.count="1" group.size="4" /></out>
  PASS for-each-group-073
  PASS for-each-group-074
  PASS for-each-group-075
  FAIL for-each-group-076: Result mismatch
    Expected: error XTSE0020
    Got:      <out><group country="italy" pop=""><city name="milan" country="italy" pop="5" /><city name="venice" country="italy" pop="1" /></group><group country="5" pop=""><city name="milan" country="italy" pop="5" /><city name="bristol" country="england" pop="5.0" /><city name="sheffield" country="england" pop="05" /></group><group country="france" pop=""><city name="paris" country="france" pop="7" /><city name="lyon" country="france" pop="2" /></group><group country="7" pop=""><city name="paris" country="france" pop="7" /><city name="manchester" country="england" pop="7.0" /><city name="liverpool" country="england" pop="7" /></group><group country="germany" pop=""><city name="munich" country="germany" pop="4" /></group><group country="4" pop=""><city name="munich" country="germany" pop="4" /></group><group country="2" pop=""><city name="lyon" country="france" pop="2" /></group><group country="england" pop=""><city name="london" country="england" pop="10" /><city name="bristol" country="england" pop="5.0" /><city name="manchester" country="england" pop="7.0" /><city name="liverpool" country="england" pop="7" /><city name="sheffield" country="england" pop="05" /></group><group country="10" pop=""><city name="london" country="england" pop="10" /></group><group country="1" pop=""><city name="venice" country="italy" pop="1" /></group></out>
  PASS for-each-group-080
  FAIL for-each-group-081b: Result mismatch
    Expected: error XTDE1061
    Got:      <out>
  <test>true</test>
</out>
  PASS for-each-group-082
  FAIL for-each-group-083: Result mismatch
    Expected: <Notifications><BatchId>1123213333</BatchId
            ><Notification><NotifId>1</NotifId><EmailNotification><SenderAddress>abc@def.ghi</SenderAddress><Subject>SBJ2</Subject><MsgText>notif 1</MsgText></EmailNotification></Notification
            ><Notification><NotifId>2</NotifId><EmailNotification><SenderAddress>jkl.mno@pqr</SenderAddress><Subject>SBJ2</Subject><MsgText>notif 2</MsgText></EmailNotification></Notification
            ></Notifications>
    Got:      <Notifications><BatchId>1123213333</BatchId><Notification><NotifId>1</NotifId><EmailNotification><MsgText>notif 1</MsgText><SenderAddress>abc@def.ghi</SenderAddress><Subject>SBJ2</Subject></EmailNotification></Notification><Notification><NotifId>2</NotifId><EmailNotification><MsgText>notif 2</MsgText><SenderAddress>jkl.mno@pqr</SenderAddress><Subject>SBJ2</Subject></EmailNotification></Notification></Notifications>
  PASS for-each-group-084
  PASS for-each-group-085
  FAIL for-each-group-086: Result mismatch
    Expected: <?xml version="1.0" encoding="UTF-8"?><r><p>1</p><v>English</v><l>6</l><p>2</p><v>Chinese</v><l>6</l><p>3</p><v>French</v><l>6</l><p>4</p><v>Chinese</v><l>6</l><p>5</p><v>French</v><l>6</l><p>6</p><v>Chinese</v><l>6</l></r>
    Got:      <r><p>1</p><v>English</v><l>8</l><p>2</p><v>english</v><l>8</l><p>3</p><v>Chinese</v><l>8</l><p>4</p><v>French</v><l>8</l><p>5</p><v>FRENCH</v><l>8</l><p>6</p><v>Chinese</v><l>8</l><p>7</p><v>French</v><l>8</l><p>8</p><v>Chinese</v><l>8</l></r>
  FAIL for-each-group-087: Result mismatch
    Expected: <?xml version="1.0" encoding="UTF-8"?><out><group country="italy" pop="5"><city name="milan" country="italy" pop="5"/></group><group country="france" pop="7"><city name="paris" country="france" pop="7"/></group><group country="germany" pop="4"><city name="munich" country="germany" pop="4"/></group><group country="france" pop="2"><city name="lyon" country="france" pop="2"/></group><group country="england" pop="10"><city name="london" country="england" pop="10"/></group><group country="england" pop="5"><city name="bristol" country="england" pop="5.0"/><city name="sheffield" country="england" pop="05"/></group><group country="england" pop="7"><city name="manchester" country="england" pop="7.0"/><city name="liverpool" country="england" pop="7"/></group><group country="italy" pop="1"><city name="venice" country="italy" pop="1"/></group></out>
    Got:      <out><group country="italy" pop=""><city name="milan" country="italy" pop="5" /></group><group country="5" pop=""><city name="milan" country="italy" pop="5" /><city name="bristol" country="england" pop="5.0" /><city name="sheffield" country="england" pop="05" /></group><group country="france" pop=""><city name="paris" country="france" pop="7" /><city name="lyon" country="france" pop="2" /></group><group country="7" pop=""><city name="paris" country="france" pop="7" /><city name="manchester" country="england" pop="7.0" /><city name="liverpool" country="england" pop="7" /></group><group country="germany" pop=""><city name="munich" country="germany" pop="4" /></group><group country="4" pop=""><city name="munich" country="germany" pop="4" /></group><group country="2" pop=""><city name="lyon" country="france" pop="2" /></group><group country="england" pop=""><city name="london" country="england" pop="10" /><city name="manchester" country="england" pop="7.0" /></group><group country="10" pop=""><city name="london" country="england" pop="10" /></group><group country="england" pop=""><city name="bristol" country="england" pop="5.0" /><city name="liverpool" country="england" pop="7" /></group><group country="england" pop=""><city name="sheffield" country="england" pop="05" /></group><group country="italy" pop=""><city name="venice" country="italy" pop="1" /></group><group country="1" pop=""><city name="venice" country="italy" pop="1" /></group></out>
  PASS for-each-group-088
  FAIL for-each-group-089: XPST0017: Function {http://www.w3.org/2005/xpath-functions}accumulator-after#1 not found.
  FAIL for-each-group-091: Result mismatch
    Expected: (complex assertion)
    Got:      <out />
  Done: for-each-group (85 tests, 36 passed, 42 failed, 7 skipped)
  Starting: iterate ...
  FAIL iterate-001: XTDE1450: xsl:iterate is not supported.
  FAIL iterate-002: XTDE1450: xsl:iterate is not supported.
  FAIL iterate-003: XTDE1450: xsl:iterate is not supported.
  FAIL iterate-004: XTDE1450: xsl:iterate is not supported.
  FAIL iterate-014: XTDE1450: xsl:iterate is not supported.
  FAIL iterate-015: XTDE1450: xsl:iterate is not supported.
  FAIL iterate-016: XTDE1450: xsl:iterate is not supported.
  FAIL iterate-017: XTDE1450: xsl:iterate is not supported.
  FAIL iterate-018: XTDE1450: xsl:iterate is not supported.
  FAIL iterate-019: XTDE1450: xsl:iterate is not supported.
  FAIL iterate-020: XTDE1450: xsl:iterate is not supported.
  FAIL iterate-021: XTDE1450: xsl:iterate is not supported.
  FAIL iterate-027: XTDE1450: xsl:iterate is not supported.
  FAIL iterate-028: XTDE1450: xsl:iterate is not supported.
  FAIL iterate-030: XTDE1450: xsl:iterate is not supported.
  FAIL iterate-033: XTDE1450: xsl:iterate is not supported.
  FAIL iterate-034: XTDE1450: xsl:iterate is not supported.
  FAIL iterate-035: XTDE1450: xsl:iterate is not supported.
  FAIL iterate-036: XTDE1450: xsl:iterate is not supported.
  FAIL iterate-038: XTDE1450: xsl:iterate is not supported.
  FAIL iterate-039: XTDE1450: xsl:iterate is not supported.
  FAIL iterate-040: XTDE1450: xsl:iterate is not supported.
  FAIL iterate-041: XTDE1450: xsl:iterate is not supported.
  FAIL iterate-042: XTDE1450: xsl:iterate is not supported.
  FAIL iterate-043: XTDE1450: xsl:iterate is not supported.
  Done: iterate (44 tests, 19 passed, 25 failed, 0 skipped)
  Starting: lre ...
  PASS lre-001
  PASS lre-002
  PASS lre-003
  PASS lre-004
  PASS lre-005
  PASS lre-006
  PASS lre-007
  PASS lre-008
  PASS lre-009
  PASS lre-010
  FAIL lre-011: Result mismatch
    Expected: (complex assertion)
    Got:      This should be directly at the top.
  PASS lre-012
  PASS lre-013
  PASS lre-014
  PASS lre-015
  PASS lre-016
  PASS lre-017
  PASS lre-018
  FAIL lre-019: Result mismatch
    Expected: <out><a><lre>12</lre></a><b><lre><x/></lre></b><c/><d/><e/><f/><g/><p/><q/><r/><s/></out>
    Got:      <out><a /><b /><c /><d /><e /><f /><g /><p /><q /><r /><s /></out>
  FAIL lre-020: Result mismatch
    Expected: error XTSE0805
    Got:      <out english="to leave" />
  FAIL lre-021: Result mismatch
    Expected: error XTSE0805
    Got:      <out english="to leave" xmlns="http://www.lotus.com/" />
  PASS lre-023
  PASS lre-024
  FAIL lre-025: Result mismatch
    Expected: error XTDE0450
    Got:      <root><a />(map)</root>
  FAIL lre-027: Result mismatch
    Expected: (complex assertion)
    Got:      <out />
  FAIL lre-028: Result mismatch
    Expected: (complex assertion)
    Got:      <out />
  FAIL lre-104: Result mismatch
    Expected: <out><one><name><e/></name></one><two/></out>
    Got:      <out><one /><two /></out>
  FAIL lre-105: Result mismatch
    Expected: <out><one><name><e/></name></one><two><jaq/></two></out>
    Got:      <out><one /><two /></out>
  FAIL lre-106: Result mismatch
    Expected: <out><one><name><e/></name></one><two><jaq/></two></out>
    Got:      <out><one /><two /></out>
  FAIL lre-107: Result mismatch
    Expected: <out><one><name><e/></name></one><two><jaq/></two></out>
    Got:      <out><one /><two /></out>
  FAIL lre-108: Result mismatch
    Expected: <out><one><name><e/></name></one><two>ues</two></out>
    Got:      <out><one /><two /></out>
  FAIL lre-109: Result mismatch
    Expected: <out><one><name><e/></name></one><two><hat>tie</hat><jaq>ues</jaq></two></out>
    Got:      <out><one /><two /></out>
  PASS lre-110
  Done: lre (35 tests, 21 passed, 13 failed, 1 skipped)
  Starting: merge ...
  FAIL merge-001: Result mismatch
    Expected: <events><event timestamp="2009-08-20T12:01:01Z">Transaction T1234 started</event
            ><event timestamp="2009-08-20T12:01:05Z">Transaction T1236 started</event
            ><event timestamp="2009-08-20T12:01:08Z">Transaction T1235 started</event
            ><event timestamp="2009-08-20T12:01:09Z">Transaction T1236 ended</event
            ><event timestamp="2009-08-20T12:01:11Z">Transaction T1237 started</event
            ><event timestamp="2009-08-20T12:01:12Z">Transaction T1235 ended</event
            ><event timestamp="2009-08-20T12:01:15Z">Transaction T1234 ended</event
            ><event timestamp="2009-08-20T12:01:17Z">Transaction T1237 ended</event></events>
    Got:      <events />
  FAIL merge-002: Result mismatch
    Expected: <events><group><event timestamp="2009-08-20T12:01:01Z">Transaction T1234 started</event><record><time>12:01:01-00:00</time><message>Temperature 15.4C</message></record></group><group><event timestamp="2009-08-20T12:01:08Z">Transaction T1235 started</event></group><group><event timestamp="2009-08-20T12:01:12Z">Transaction T1235 ended</event></group><group><event timestamp="2009-08-20T12:01:15Z">Transaction T1234 ended</event></group><group><record><time>12:03:00-00:00</time><message>Temperature 18.2C</message></record></group></events>
    Got:      <events />
  FAIL merge-003: Result mismatch
    Expected: <events><group><event timestamp="2009-08-20T12:01:01Z">Transaction T1234 started</event><record><time>12:01:01-00:00</time><message>Temperature 15.4C</message></record></group><group><event timestamp="2009-08-20T12:01:08Z">Transaction T1235 started</event></group><group><event timestamp="2009-08-20T12:01:12Z">Transaction T1235 ended</event></group><group><event timestamp="2009-08-20T12:01:15Z">Transaction T1234 ended</event></group><group><record><time>12:03:00-00:00</time><message>Temperature 18.2C</message></record></group></events>
    Got:      <events />
  FAIL merge-004: Result mismatch
    Expected: <events><group>2009-08-20T12:01:01Z</group><group>2009-08-20T12:01:08Z</group><group>2009-08-20T12:01:12Z</group><group>2009-08-20T12:01:15Z</group><group>2009-08-20T12:03:00Z</group></events>
    Got:      <events />
  FAIL merge-005: Result mismatch
    Expected: <results><result><event timestamp="2009-08-20T12:01:01Z">Transaction T1234 started</event
            ><event timestamp="2009-08-20T12:01:08Z">Transaction T1235 started</event
            ><event timestamp="2009-08-20T12:01:12Z">Transaction T1235 ended</event
            ><event timestamp="2009-08-20T12:01:15Z">Transaction T1234 ended</event
            ></result><result><event timestamp="2009-08-20T12:01:15Z">Transaction T1234 ended</event
            ><event timestamp="2009-08-20T12:01:12Z">Transaction T1235 ended</event
            ><event timestamp="2009-08-20T12:01:08Z">Transaction T1235 started</event
            ><event timestamp="2009-08-20T12:01:01Z">Transaction T1234 started</event
            ></result></results>
    Got:      <results><result /><result /></results>
  FAIL merge-006: Result mismatch
    Expected: <results><country>Argentina</country><country>Brazil</country><country>Cananda</country><country>Mexico</country><country>USA</country></results>
    Got:      <results />
  FAIL merge-007: Result mismatch
    Expected: error XTSE0010
    Got:      
  FAIL merge-008: Result mismatch
    Expected: error XTDE2210
    Got:      <events />
  FAIL merge-009: Result mismatch
    Expected: error XTSE2200
    Got:      <events />
  FAIL merge-010: Result mismatch
    Expected: error XTSE0090
    Got:      <events />
  FAIL merge-011: Result mismatch
    Expected: error XTDE2210
    Got:      <events />
  FAIL merge-012: Result mismatch
    Expected: <results><pupil><firstname>J</firstname><surname>Rogers</surname><age></age><tests><test id="test1"><mark>93</mark></test></tests></pupil><pupil><firstname>T</firstname><surname>Green</surname><age></age><tests><test id="test1"><mark>80</mark></test></tests></pupil><pupil><firstname>D</firstname><surname>Bart</surname><age></age><tests><test id="test1"><mark>70</mark></test></tests></pupil><pupil><firstname>D</firstname><surname>Harry</surname><age></age><tests><test id="test1"><mark>70</mark></test></tests></pupil><pupil><firstname>G</firstname><surname>Goo</surname><age></age><tests><test id="test1"><mark>69</mark></test></tests></pupil><pupil><firstname>S</firstname><surname>Joop</surname><age></age><tests><test id="test1"><mark>69</mark></test></tests></pupil><pupil><firstname>G</firstname><surname>Smith</surname><age></age><tests><test id="test1"><mark>63</mark></test></tests></pupil><pupil><firstname>S</firstname><surname>Adams</surname><age></age><tests><test id="test1"><mark>60</mark></test></tests></pupil><pupil><firstname>E</firstname><surname>Gilchrist</surname><age></age><tests><test id="test1"><mark>60</mark></test></tests></pupil><pupil><firstname>S</firstname><surname>Todd</surname><age></age><tests><test id="test1"><mark>60</mark></test></tests></pupil><pupil><firstname>F</firstname><surname>Mbogo</surname><age></age><tests><test id="test1"><mark>55</mark></test></tests></pupil><pupil><firstname>L</firstname><surname>Gilchrist</surname><age></age><tests><test id="test1"><mark>49</mark></test></tests></pupil><pupil><firstname>H</firstname><surname>Goach</surname><age></age><tests><test id="test1"><mark>49</mark></test></tests></pupil><pupil><firstname>A</firstname><surname>Smith</surname><age></age><tests><test id="test1"><mark>34</mark></test></tests></pupil><pupil><firstname>E</firstname><surname>Smith</surname><age></age><tests><test id="test1"><mark>34</mark></test></tests></pupil></results>
    Got:      <results />
  FAIL merge-013: Result mismatch
    Expected: <results><pupil><firstname>J</firstname><surname>Rogers</surname><age/><tests><test id="test1"><mark>93</mark></test></tests></pupil><pupil><firstname>T</firstname><surname>Green</surname><age/><tests><test id="test1"><mark>80</mark></test></tests></pupil><pupil><firstname>D</firstname><surname>Bart</surname><age/><tests><test id="test1"><mark>70</mark></test></tests></pupil><pupil><firstname>D</firstname><surname>Harry</surname><age/><tests><test id="test1"><mark>70</mark></test></tests></pupil><pupil><firstname>G</firstname><surname>Goo</surname><age/><tests><test id="test1"><mark>69</mark></test></tests></pupil><pupil><firstname>S</firstname><surname>Joop</surname><age/><tests><test id="test1"><mark>69</mark></test></tests></pupil><pupil><firstname>G</firstname><surname>Smith</surname><age/><tests><test id="test1"><mark>63</mark></test></tests></pupil><pupil><firstname>S</firstname><surname>Adams</surname><age/><tests><test id="test1"><mark>60</mark></test></tests></pupil><pupil><firstname>E</firstname><surname>Gilchrist</surname><age/><tests><test id="test1"><mark>60</mark></test></tests></pupil><pupil><firstname>S</firstname><surname>Todd</surname><age/><tests><test id="test1"><mark>60</mark></test></tests></pupil><pupil><firstname>F</firstname><surname>Mbogo</surname><age/><tests><test id="test1"><mark>55</mark></test></tests></pupil><pupil><firstname>L</firstname><surname>Gilchrist</surname><age/><tests><test id="test1"><mark>49</mark></test></tests></pupil><pupil><firstname>H</firstname><surname>Goach</surname><age/><tests><test id="test1"><mark>49</mark></test></tests></pupil><pupil><firstname>A</firstname><surname>Smith</surname><age/><tests><test id="test1"><mark>34</mark></test></tests></pupil><pupil><firstname>E</firstname><surname>Smith</surname><age/><tests><test id="test1"><mark>34</mark></test></tests></pupil></results>
    Got:      <results />
  FAIL merge-014: Result mismatch
    Expected: <results><pupil><firstname>J</firstname><surname>Rogers</surname><age/><tests><test id="test1"><mark>93</mark></test></tests></pupil><pupil><firstname>T</firstname><surname>Green</surname><age/><tests><test id="test1"><mark>80</mark></test></tests></pupil><pupil><firstname>D</firstname><surname>Bart</surname><age/><tests><test id="test1"><mark>70</mark></test></tests></pupil><pupil><firstname>D</firstname><surname>Harry</surname><age/><tests><test id="test1"><mark>70</mark></test></tests></pupil><pupil><firstname>G</firstname><surname>Goo</surname><age/><tests><test id="test1"><mark>69</mark></test></tests></pupil><pupil><firstname>S</firstname><surname>Joop</surname><age/><tests><test id="test1"><mark>69</mark></test></tests></pupil><pupil><firstname>G</firstname><surname>Smith</surname><age/><tests><test id="test1"><mark>63</mark></test></tests></pupil><pupil><firstname>S</firstname><surname>Adams</surname><age/><tests><test id="test1"><mark>60</mark></test></tests></pupil><pupil><firstname>E</firstname><surname>Gilchrist</surname><age/><tests><test id="test1"><mark>60</mark></test></tests></pupil><pupil><firstname>S</firstname><surname>Todd</surname><age/><tests><test id="test1"><mark>60</mark></test></tests></pupil><pupil><firstname>F</firstname><surname>Mbogo</surname><age/><tests><test id="test1"><mark>55</mark></test></tests></pupil><pupil><firstname>L</firstname><surname>Gilchrist</surname><age/><tests><test id="test1"><mark>49</mark></test></tests></pupil><pupil><firstname>H</firstname><surname>Goach</surname><age/><tests><test id="test1"><mark>49</mark></test></tests></pupil><pupil><firstname>A</firstname><surname>Smith</surname><age/><tests><test id="test1"><mark>34</mark></test></tests></pupil><pupil><firstname>E</firstname><surname>Smith</surname><age/><tests><test id="test1"><mark>34</mark></test></tests></pupil></results>
    Got:      <results />
  FAIL merge-015: Result mismatch
    Expected: <results><pupil><firstname>J</firstname><surname>Rogers</surname><age/><tests><test id="test1"><mark>93</mark></test></tests></pupil><pupil><firstname>T</firstname><surname>Green</surname><age/><tests><test id="test1"><mark>80</mark></test></tests></pupil><pupil><firstname>D</firstname><surname>Bart</surname><age/><tests><test id="test1"><mark>70</mark></test></tests></pupil><pupil><firstname>D</firstname><surname>Harry</surname><age/><tests><test id="test1"><mark>70</mark></test></tests></pupil><pupil><firstname>G</firstname><surname>Goo</surname><age/><tests><test id="test1"><mark>69</mark></test></tests></pupil><pupil><firstname>S</firstname><surname>Joop</surname><age/><tests><test id="test1"><mark>69</mark></test></tests></pupil><pupil><firstname>G</firstname><surname>Smith</surname><age/><tests><test id="test1"><mark>63</mark></test></tests></pupil><pupil><firstname>S</firstname><surname>Adams</surname><age/><tests><test id="test1"><mark>60</mark></test></tests></pupil><pupil><firstname>E</firstname><surname>Gilchrist</surname><age/><tests><test id="test1"><mark>60</mark></test></tests></pupil><pupil><firstname>S</firstname><surname>Todd</surname><age/><tests><test id="test1"><mark>60</mark></test></tests></pupil><pupil><firstname>F</firstname><surname>Mbogo</surname><age/><tests><test id="test1"><mark>55</mark></test></tests></pupil><pupil><firstname>L</firstname><surname>Gilchrist</surname><age/><tests><test id="test1"><mark>49</mark></test></tests></pupil><pupil><firstname>H</firstname><surname>Goach</surname><age/><tests><test id="test1"><mark>49</mark></test></tests></pupil><pupil><firstname>A</firstname><surname>Smith</surname><age/><tests><test id="test1"><mark>34</mark></test></tests></pupil><pupil><firstname>E</firstname><surname>Smith</surname><age/><tests><test id="test1"><mark>34</mark></test></tests></pupil></results>
    Got:      <results />
  PASS merge-016
  FAIL merge-017: Result mismatch
    Expected: (complex assertion)
    Got:      <results />
  FAIL merge-018: Result mismatch
    Expected: <out><country>Argentina</country><country>Brazil</country><country>Cananda</country><country>France</country><country>Germany</country><country>Holland</country><country>Italy</country><country>Mexico</country><country>UK</country><country>USA</country></out>
    Got:      <out />
  FAIL merge-019: Result mismatch
    Expected: <results><country>Holland</country><country>UK</country><country>Italy</country><country>Germany</country><country>France</country></results>
    Got:      <results />
  FAIL merge-020: Result mismatch
    Expected: error XTDE2210
    Got:      <out lang="default-order" />
  FAIL merge-021: Result mismatch
    Expected: (complex assertion)
    Got:      
  FAIL merge-022: Result mismatch
    Expected: error XTSE0010
    Got:      <out />
  FAIL merge-023: Result mismatch
    Expected: error XTTE2230
    Got:      <results />
  FAIL merge-024: Result mismatch
    Expected: <results><out>20</out><out>21</out><out>22</out><out>23</out><out>24</out><out>25</out><out>26</out><out>27</out><out>28</out><out>29</out><out>30</out></results>
    Got:      <results />
  FAIL merge-025: Result mismatch
    Expected: <results><out>1</out><out>2</out><out>3</out><out>4</out><out>5</out><out>6</out><out>7</out><out>8</out><out>9</out><out>10</out><out>11</out><out>12</out><out>13</out><out>14</out><out>15</out><out>16</out><out>17</out><out>18</out><out>19</out><out>20 20</out><out>21 21</out><out>22 22</out><out>23 23</out><out>24 24</out><out>25 25</out><out>26 26</out><out>27 27</out><out>28 28</out><out>29 29</out><out>30 30</out><out>31</out><out>32</out><out>33</out><out>34</out><out>35</out><out>36</out><out>37</out><out>38</out><out>39</out><out>40</out></results>
    Got:      <results />
  FAIL merge-026: Result mismatch
    Expected: error XTSE0010
    Got:      
  FAIL merge-027: Result mismatch
    Expected: error XTSE0010
    Got:      
  FAIL merge-028: Result mismatch
    Expected: <results><event timestamp="2009-08-20T12:01:01Z">Transaction T1234 started</event><event timestamp="2009-08-20T12:01:08Z">Transaction T1235 started</event><event timestamp="2009-08-20T12:01:12Z">Transaction T1235 ended</event><event timestamp="2009-08-20T12:01:15Z">Transaction T1234 ended</event><event timestamp="2009-08-20T12:01:15Z">Transaction T1234 ended</event><event timestamp="2009-08-20T12:01:12Z">Transaction T1235 ended</event><event timestamp="2009-08-20T12:01:08Z">Transaction T1235 started</event><event timestamp="2009-08-20T12:01:01Z">Transaction T1234 started</event></results>
    Got:      <results />
  FAIL merge-029: Result mismatch
    Expected: <Customer><CustId>1</CustId><CustName>Acme</CustName><Addresses><Address status="NoChange"><AddressesId>1</AddressesId><Street>123 Main</Street></Address><Address status="Updated"><AddressesId>2</AddressesId><Street>999 Updated St.</Street></Address><Address status="New"><AddressesId>3</AddressesId><Street>3999 New St.</Street></Address><Address status="Deleted"><AddressesId>4</AddressesId><Street>888 Goner St.</Street></Address></Addresses></Customer>
    Got:      <Customer><CustId>1</CustId><CustName>Acme</CustName><Addresses /></Customer>
  FAIL merge-030: Result mismatch
    Expected: error XTSE0010
    Got:      
  FAIL merge-031: Result mismatch
    Expected: error XTSE0010
    Got:      
  FAIL merge-032a: Result mismatch
    Expected: error XTSE3200
    Got:      
  FAIL merge-032b: Result mismatch
    Expected: error XTSE0010
    Got:      
  FAIL merge-032c: Result mismatch
    Expected: error XTSE0020
    Got:      
  FAIL merge-033: Result mismatch
    Expected: error XTSE0010
    Got:      
  FAIL merge-034: Result mismatch
    Expected: error XTSE0010
    Got:      
  FAIL merge-035: Result mismatch
    Expected: error XTSE0010
    Got:      
  FAIL merge-036: Result mismatch
    Expected: error XTSE0010
    Got:      
  FAIL merge-037: Result mismatch
    Expected: error XTSE0010
    Got:      
  FAIL merge-038: Result mismatch
    Expected: (complex assertion)
    Got:      <results />
  FAIL merge-042: Result mismatch
    Expected: error XTSE3195
    Got:      <events />
  FAIL merge-043: Result mismatch
    Expected: error XPTY0004
    Got:      <events />
  FAIL merge-044: Result mismatch
    Expected: (complex assertion)
    Got:      <events />
  FAIL merge-045: Result mismatch
    Expected: error XTDE3490
    Got:      <events />
  FAIL merge-046: Result mismatch
    Expected: (complex assertion)
    Got:      <events />
  FAIL merge-046a: Result mismatch
    Expected: error XTSE0020
    Got:      <events />
  FAIL merge-046b: Result mismatch
    Expected: error XTDE3490
    Got:      <events />
  FAIL merge-047: Result mismatch
    Expected: (complex assertion)
    Got:      <events />
  FAIL merge-048: Result mismatch
    Expected: error XTDE3490
    Got:      <events />
  FAIL merge-049: Result mismatch
    Expected: (complex assertion)
    Got:      <books />
  FAIL merge-050: Result mismatch
    Expected: (complex assertion)
    Got:      <books />
  FAIL merge-052: Result mismatch
    Expected: (complex assertion)
    Got:      <books />
  FAIL merge-053: Result mismatch
    Expected: (complex assertion)
    Got:      <books />
  FAIL merge-054: Result mismatch
    Expected: (complex assertion)
    Got:      <books />
  FAIL merge-055: Result mismatch
    Expected: error XTDE3480
    Got:      <events />
  FAIL merge-056: Result mismatch
    Expected: error XTDE3510
    Got:      <events />
  FAIL merge-057: Result mismatch
    Expected: error XTSE3470
    Got:      <events />
  FAIL merge-058: Result mismatch
    Expected: error XTSE3500
    Got:      <events />
  FAIL merge-059: Result mismatch
    Expected: <out><country>Argentina</country><country>Brazil</country><country>Cananda</country><country>France</country><country>Germany</country><country>Holland</country><country>Italy</country><country>Mexico</country><country>UK</country><country>USA</country></out>
    Got:      <out />
  FAIL merge-060: Result mismatch
    Expected: <out><country>Argentina</country><country>Brazil</country><country>Cananda</country><country>France</country><country>Germany</country><country>Holland</country><country>Italy</country><country>Mexico</country><country>UK</country><country>USA</country></out>
    Got:      <out />
  FAIL merge-061: Result mismatch
    Expected: <out><country>Argentina</country><country>Brazil</country><country>Cananda</country><country>France</country><country>Germany</country><country>Holland</country><country>Italy</country><country>Mexico</country><country>UK</country><country>USA</country></out>
    Got:      <out />
  FAIL merge-064: Result mismatch
    Expected: error XTSE0020
    Got:      <events />
  FAIL merge-065b: Result mismatch
    Expected: (complex assertion)
    Got:      <events />
  FAIL merge-066: Result mismatch
    Expected: (complex assertion)
    Got:      <events />
  FAIL merge-067: Result mismatch
    Expected: error XTDE3362
    Got:      <events />
  FAIL merge-085: Result mismatch
    Expected: <events><event timestamp="2009-08-20T12:01:01Z">Transaction T1234 started</event
            ><event timestamp="2009-08-20T12:01:05Z">Transaction T1236 started</event
            ><event timestamp="2009-08-20T12:01:08Z">Transaction T1235 started</event
            ><event timestamp="2009-08-20T12:01:09Z">Transaction T1236 ended</event
            ><event timestamp="2009-08-20T12:01:11Z">Transaction T1237 started</event
            ><event timestamp="2009-08-20T12:01:12Z">Transaction T1235 ended</event
            ><event timestamp="2009-08-20T12:01:15Z">Transaction T1234 ended</event
            ><event timestamp="2009-08-20T12:01:17Z">Transaction T1237 ended</event></events>
    Got:      <events />
  FAIL merge-086: Result mismatch
    Expected: error XTSE0010
    Got:      
  FAIL merge-087: Result mismatch
    Expected: error XTDE3480
    Got:      <events />
  FAIL merge-088: Result mismatch
    Expected: error XTDE3480
    Got:      <events />
  FAIL merge-089: Result mismatch
    Expected: (complex assertion)
    Got:      <root />
  FAIL merge-090: Result mismatch
    Expected: (complex assertion)
    Got:      <Personenliste />
  FAIL merge-092: Result mismatch
    Expected: <root><group key="1"><foo>foo 1</foo><bar>bar 1</bar><bar>bar 2</bar><foo>foo 2</foo><baz>baz 1</baz><foo>foo a</foo><bar>bar a</bar><bar>bar b</bar><foo>foo b</foo><baz>baz a</baz></group></root>
    Got:      <root />
  FAIL merge-093: Result mismatch
    Expected: <Notifications><BatchId>1123213333</BatchId
            ><Notification><NotifId>1</NotifId><EmailNotification><SenderAddress>abc@def.ghi</SenderAddress><Subject>SBJ2</Subject><MsgText>notif 1</MsgText></EmailNotification></Notification
            ><Notification><NotifId>2</NotifId><EmailNotification><SenderAddress>jkl.mno@pqr</SenderAddress><Subject>SBJ2</Subject><MsgText>notif 2</MsgText></EmailNotification></Notification
            ></Notifications>
    Got:      <Notifications><BatchId>1123213333</BatchId></Notifications>
  FAIL merge-096: Result mismatch
    Expected: (complex assertion)
    Got:      
  FAIL merge-097: Result mismatch
    Expected: (complex assertion)
    Got:      <out />
  FAIL merge-100: Result mismatch
    Expected: error XTDE3480
    Got:      <events />
  FAIL merge-101: Result mismatch
    Expected: error XTDE3510
    Got:      <events />
  Done: merge (106 tests, 1 passed, 76 failed, 29 skipped)
  Starting: message ...
  PASS message-0001
  PASS message-0001a
  FAIL message-0002: Result mismatch
    Expected: error XTMM9000
    Got:      <out />
  FAIL message-0003: Result mismatch
    Expected: error Q{http://www.example.com/error}my-error-code
    Got:      <out />
  FAIL message-0004: Result mismatch
    Expected: error Q{http://www.example.com/error}my-error-code
    Got:      <out xmlns:my="http://www.example.com/error" />
  FAIL message-0005: Result mismatch
    Expected: error Q{http://www.example.com/error}my-error-code
    Got:      <out xmlns:my="http://www.example.com/error" />
  FAIL message-0006: Result mismatch
    Expected: error Q{http://www.example.com/error}my-error-code
    Got:      <out />
  FAIL message-0007: Result mismatch
    Expected: error XTMM9000
    Got:      <out />
  FAIL message-0008: Result mismatch
    Expected: error XTMM9000
    Got:      <out />
  FAIL message-0009: Result mismatch
    Expected: error Q{http://example.com/err}XXXX8888
    Got:      <out />
  FAIL message-0010: Result mismatch
    Expected: error Q{http://example.com/err}XXXX8888
    Got:      <out />
  PASS message-0011
  FAIL message-0101: Result mismatch
    Expected: (complex assertion)
    Got:      <out><not-terminated /></out>
  FAIL message-0102: Result mismatch
    Expected: (complex assertion)
    Got:      <out><not-terminated /></out>
  FAIL message-0103: Result mismatch
    Expected: (complex assertion)
    Got:      <out><not-terminated /></out>
  FAIL message-0201: Result mismatch
    Expected: (complex assertion)
    Got:      <out><E /></out>
  FAIL message-0202: Result mismatch
    Expected: (complex assertion)
    Got:      <out />
  FAIL message-0301: Result mismatch
    Expected: (complex assertion)
    Got:      <out />
  FAIL message-0302: Result mismatch
    Expected: (complex assertion)
    Got:      <out />
  FAIL message-0303: Result mismatch
    Expected: (complex assertion)
    Got:      <out />
  FAIL message-0304: Result mismatch
    Expected: (complex assertion)
    Got:      <out />
  FAIL message-0305: Result mismatch
    Expected: (complex assertion)
    Got:      <out />
  FAIL message-0306: Result mismatch
    Expected: (complex assertion)
    Got:      <out>
<var1>true</var1>
<var2>true</var2>
<var3>true</var3>
<var4>true</var4>
<var5>true</var5>
<var6>true</var6>
<var7>true</var7>
<var8>true</var8>
<var9>true</var9>
<var10>true</var10>
</out>
  FAIL message-0307: Result mismatch
    Expected: (complex assertion)
    Got:      <out />
  FAIL message-0308: Result mismatch
    Expected: (complex assertion)
    Got:      <out />
  FAIL message-0309: Result mismatch
    Expected: (complex assertion)
    Got:      <out />
  FAIL message-0310: Result mismatch
    Expected: (complex assertion)
    Got:      <out />
  FAIL message-0311: Result mismatch
    Expected: (complex assertion)
    Got:      <out><E attr="attrValue" /></out>
  FAIL message-0312: Result mismatch
    Expected: (complex assertion)
    Got:      <out />
  FAIL message-0313: FOUT1170
  FAIL message-0314: Result mismatch
    Expected: (complex assertion)
    Got:      <out />
  FAIL message-0315: Result mismatch
    Expected: (complex assertion)
    Got:      <out />
  FAIL message-0316: Result mismatch
    Expected: error XTSE0020
    Got:      <out />
  FAIL message-0317: Result mismatch
    Expected: error Q{}UIOP9876
    Got:      <out />
  FAIL message-0401: Result mismatch
    Expected: (complex assertion)
    Got:      <out />
  FAIL message-0402: Result mismatch
    Expected: (complex assertion)
    Got:      <out />
  FAIL message-0403: Result mismatch
    Expected: (complex assertion)
    Got:      <out />
  FAIL message-0404: Attempted to divide by zero.
  PASS message-0405
  FAIL message-0406: Result mismatch
    Expected: error XTMM9000
    Got:      <out />
  PASS message-0407
  PASS message-0408
  PASS message-0409
  FAIL message-0410: Result mismatch
    Expected: (complex assertion)
    Got:      <out />
  FAIL message-0501: Result mismatch
    Expected: (complex assertion)
    Got:      
  Done: message (45 tests, 7 passed, 38 failed, 0 skipped)
  Starting: next-match ...
  PASS next-match-001
  FAIL next-match-002: Result mismatch
    Expected: <b><a><b><c/></b></a></b>
    Got:      <b><b><a><b><c /></b></a></b></b>
  FAIL next-match-003: Result mismatch
    Expected: <c><b><a><a/></a></b></c>
    Got:      <a><c><b><a><a /></a></b></c></a>
  PASS next-match-004
  PASS next-match-005
  FAIL next-match-006: Result mismatch
    Expected: <c><b><a><ac><ab><aa><bc><bb><ba><a><aa><ba/></aa></a></ba></bb></bc></aa></ab></ac></a></b></c>
    Got:      <a><aa><ba><c><ac><bc><b><ab><bb><a><aa><ba><a><aa><ba /></aa></a></ba></aa></a></bb></ab></b></bc></ac></c></ba></aa></a>
  FAIL next-match-007: Result mismatch
    Expected: <a><b/></a>
    Got:      <a />
  FAIL next-match-008: Result mismatch
    Expected: <a><b><a><b/></a></b></a>
    Got:      <a />
  PASS next-match-009
  FAIL next-match-010: Result mismatch
    Expected: <out><one>one</one><two>finally</two></out>
    Got:      <out><two>finally</two></out>
  FAIL next-match-011: Result mismatch
    Expected: <out><one>one</one><two>finally</two>bar</out>
    Got:      <out><two>finally</two>bar</out>
  FAIL next-match-012: Result mismatch
    Expected: <a a1="5" a2="next matched">hello</a>
    Got:      <a>hello</a>
  PASS next-match-013
  PASS next-match-014
  PASS next-match-015
  PASS next-match-016
  FAIL next-match-017: Result mismatch
    Expected: <out>
<imp1-t>top</imp1-t>
<main-t>included template</main-t>
<div><imp1-t>primary template</imp1-t>
Example of apply-imports</div>
<bag/>
</out>
    Got:      <out>
<imp1-t>top</imp1-t><main-t>included template</main-t>
<div>Example of apply-imports</div>
<bag />
</out>
  PASS next-match-018
  FAIL next-match-019: Result mismatch
    Expected: <out><main-t>top</main-t><div><imp1-t>imported template</imp1-t></div><imp-b>top</imp-b></out>
    Got:      <out><main-t>top</main-t><div /><imp-b>top</imp-b></out>
  PASS next-match-020
  FAIL next-match-021: Result mismatch
    Expected: <out><one>one time</one><one>one time</one><two>finally</two></out>
    Got:      <two>finally</two>
  FAIL next-match-022: Result mismatch
    Expected: <out>
  <div style="border: solid green">Example of next-match</div>
</out>
    Got:      <out>
  <div style="border: solid green" />
</out>
  FAIL next-match-023: Result mismatch
    Expected: <out><foo/><foo/><bar/></out>
    Got:      <bar />
  FAIL next-match-024: Result mismatch
    Expected: <out><foo/><bar/></out>
    Got:      <bar />
  FAIL next-match-025: This operation would create an incorrectly structured document.
  FAIL next-match-026: This operation would create an incorrectly structured document.
  FAIL next-match-027: Result mismatch
    Expected: (complex assertion)
    Got:      <out />
  FAIL next-match-028: Result mismatch
    Expected: <one><two><three/>alphabetagammadelta</two></one>
    Got:      <one><two><three />alpha beta gamma delta</two></one>
  FAIL next-match-029: Result mismatch
    Expected: error XTDE0560
    Got:      <out><y><z><x>1</x></z></y><y><z><x>2</x></z></y><y><z><x>3</x></z></y></out>
  FAIL next-match-030: Result mismatch
    Expected: error XTDE0560
    Got:      <out><y><b test="c"><x>1</x></b></y><y><b test="c"><x>2</x></b></y><y><b test="c"><x>3</x></b></y></out>
  PASS next-match-032
  PASS next-match-033
  FAIL next-match-034: Result mismatch
    Expected: <out><tag></tag><bag></bag></out>
    Got:      <out><tag><tag>Example of apply-imports</tag></tag><bag><bag>Example of apply-templates</bag></bag></out>
  FAIL next-match-035: Result mismatch
    Expected: <out><tag>[Example of apply-imports]</tag><bag>[Example of apply-templates]</bag></out>
    Got:      <out><tag>[{.}]</tag><bag>[{.}]</bag></out>
  FAIL next-match-036: Result mismatch
    Expected: <out><tag2><tag>Example of apply-imports</tag></tag2><bag>Example of apply-templates</bag></out>
    Got:      
  FAIL next-match-037: Result mismatch
    Expected: <out><tag2><ttt><tag>[Example of apply-imports]</tag></ttt></tag2><bag>[Example of apply-templates]</bag></out>
    Got:      
  PASS next-match-038
  FAIL next-match-039: Result mismatch
    Expected: <out><one>one time</one><one>one time</one><two>finally</two></out>
    Got:      <two>finally</two>
  FAIL next-match-040: Result mismatch
    Expected: <out><tag2><tag>Example of apply-imports</tag></tag2><bag>Example of apply-templates</bag></out>
    Got:      
  Done: next-match (40 tests, 14 passed, 26 failed, 0 skipped)
  Starting: number ...
  PASS number-0101
  PASS number-0102
  PASS number-0103
  PASS number-0104
  PASS number-0105
  PASS number-0106
  PASS number-0107
  PASS number-0108
  PASS number-0110
  PASS number-0111
  PASS number-0201
  PASS number-0202
  PASS number-0301
  PASS number-0401
  PASS number-0402
  PASS number-0403
  PASS number-0404
  PASS number-0405
  PASS number-0406
  PASS number-0407
  PASS number-0501
  PASS number-0601
  PASS number-0602
  PASS number-0603
  PASS number-0701
  PASS number-0801
  FAIL number-0802: Result mismatch
    Expected: <out>drei;
        dreizehn;
        m;
        aem;
        BXW;
        EQXD;
    </out>
    Got:      <out>three;
        thirteen;
        m;
        aem;
        BXW;
        EQXD;
    </out>
  PASS number-0803
  PASS number-0804
  PASS number-0805
  PASS number-0806
  PASS number-0807
  PASS number-0808
  PASS number-0809
  PASS number-0810
  PASS number-0811
  FAIL number-0812: Result mismatch
    Expected: (complex assertion)
    Got:      <out><n3>three</n3><n10>ten</n10><n13>thirteen</n13><n20>twenty</n20><n100>ONE HUNDRED</n100><n115>ONE HUNDRED AND FIFTEEN</n115><n134>ONE HUNDRED AND THIRTY-FOUR</n134><n200>two hundred</n200><n201>two hundred and one</n201><n210>two hundred and ten</n210><n230>two hundred and thirty</n230><n1000>ONE THOUSAND</n1000><n1005>ONE THOUSAND FIVE</n1005><n2134816>Two Million One Hundred And Thirty-Four Thousand Eight Hundred And Sixteen</n2134816></out>
  FAIL number-0813: Result mismatch
    Expected: (complex assertion)
    Got:      <out><n3>three</n3><n10>ten</n10><n13>thirteen</n13><n20>twenty</n20><n100>ONE HUNDRED</n100><n115>ONE HUNDRED AND FIFTEEN</n115><n134>ONE HUNDRED AND THIRTY-FOUR</n134><n200>two hundred</n200><n201>two hundred and one</n201><n210>two hundred and ten</n210><n230>two hundred and thirty</n230><n1000>ONE THOUSAND</n1000><n1005>ONE THOUSAND FIVE</n1005><n2134816>Two Million One Hundred And Thirty-Four Thousand Eight Hundred And Sixteen</n2134816></out>
  PASS number-0814
  PASS number-0815
  PASS number-0816
  PASS number-0817
  PASS number-0818
  PASS number-0819
  PASS number-0820
  PASS number-0821
  PASS number-0822
  FAIL number-0828: Result mismatch
    Expected: (complex assertion)
    Got:      <out><n3>three</n3><n10>tenr</n10><n13>thirteens</n13><n20>twentyn</n20><n100>ONE HUNDRED</n100><n115>ONE HUNDRED AND FIFTEENR</n115><n134>ONE HUNDRED AND THIRTY-FOURS</n134><n200>two hundredn</n200><n201>two hundred and one</n201><n210>two hundred and tenr</n210><n230>two hundred and thirtys</n230><n1000>ONE THOUSANDN</n1000><n1005>ONE THOUSAND FIVE</n1005><n2134816>Two Million One Hundred And Thirty-Four Thousand Eight Hundred And Sixteenr</n2134816></out>
  FAIL number-0829: Result mismatch
    Expected: (complex assertion)
    Got:      <out><m>one;two;three;four;five;six;seven;eight;nine;ten;</m><f>one;two;three;four;five;six;seven;eight;nine;ten;</f></out>
  PASS number-0901
  PASS number-0902
  PASS number-1001
  PASS number-1005
  PASS number-1101
  PASS number-1102
  PASS number-1201
  PASS number-1301
  PASS number-1401
  PASS number-1501
  PASS number-1502
  PASS number-1601
  PASS number-1701
  PASS number-1702
  PASS number-1801
  PASS number-1901
  PASS number-1902
  PASS number-1903
  PASS number-1904
  PASS number-2001
  PASS number-2002
  PASS number-2003
  PASS number-2101
  PASS number-2201
  PASS number-2301
  PASS number-2401
  PASS number-2402
  PASS number-2501
  PASS number-2502
  PASS number-2503
  PASS number-2504
  PASS number-2505
  FAIL number-2506: Result mismatch
    Expected: (complex assertion)
    Got:      <out><n>One</n><n>One</n><n>One</n><n>One</n><n>One</n><n>One</n><n>One</n><n>One</n><n>One</n><n>One</n><n>One</n><n>One</n><n>One</n><n>One</n><n>One</n><n>One</n><n>One</n><n>One</n><n>One</n><n>One</n><n>One</n><n>One</n><n>One</n><n>One</n><n>One</n><n>One</n><n>One</n><n>One</n><n>One</n><n>One</n><n>One</n><n>One</n><n>One</n><n>One</n><n>One</n><n>One</n><n>One</n><n>One</n><n>One</n><n>One</n><n>One</n><n>One</n><n>One</n><n>One</n><n>One</n><n>One</n><n>One</n><n>One</n><n>One</n><n>One</n><n>One</n><n>One</n><n>One</n><n>One</n><n>One</n><n>One</n><n>One</n><n>One</n><n>One</n><n>One</n><n>One</n><n>One</n><n>One</n><n>One</n><n>One</n><n>One</n><n>One</n><n>One</n><n>One</n><n>One</n><n>One</n><n>One</n><n>One</n><n>One</n><n>One</n><n>One</n><n>One</n><n>One</n><n>One</n><n>One</n><n>One</n><n>One</n><n>One</n><n>One</n><n>One</n><n>One</n><n>One</n><n>One</n><n>One</n><n>One</n><n>One</n><n>One</n><n>One</n><n>One</n><n>One</n><n>One</n><n>One</n><n>One</n><n>One</n><n>One</n><n>One</n><n>One</n><n>One</n><n>One</n><n>One</n><n>One</n><n>One</n><n>One</n><n>One</n><n>One</n><n>One</n><n>One</n><n>One</n><n>One</n><n>One</n><n>One</n><n>One</n><n>One</n><n>One</n><n>One</n><n>One</n><n>One</n><n>One</n><n>One</n><n>One</n><n>One</n><n>One</n><n>One</n><n>One</n><n>One</n><n>One</n><n>One</n><n>One</n><n>One</n><n>One</n><n>One</n><n>One</n><n>One</n><n>One</n><n>One</n><n>One</n><n>One</n><n>One</n><n>One</n><n>One</n><n>One</n><n>One</n><n>One</n><n>One</n><n>One</n><n>One</n><n>One</n><n>One</n><n>One</n><n>One</n><n>One</n><n>One</n><n>One</n><n>One</n><n>One</n><n>One</n><n>One</n><n>One</n><n>One</n><n>One</n><n>One</n><n>One</n><n>One</n><n>One</n><n>One</n><n>One</n><n>One</n><n>One</n><n>One</n><n>One</n><n>One</n><n>One</n><n>One</n><n>One</n><n>One</n><n>One</n><n>One</n><n>One</n><n>One</n><n>One</n><n>One</n><n>One</n><n>One</n><n>One</n><n>One</n><n>One</n><n>One</n><n>One</n><n>One</n><n>One</n><n>One</n><n>One</n><n>One</n><n>One</n><n>One</n><n>One</n><n>One</n><n>One</n><n>One</n><n>One</n><n>One</n><n>One</n><n>One</n><n>One</n><n>One</n><n>One</n><n>One</n><n>One</n><n>One</n><n>One</n><n>One</n><n>One</n><n>One</n><n>One</n><n>One</n><n>One</n><n>One</n><n>One</n><n>One</n><n>One</n><n>One</n><n>One</n><n>One</n><n>One</n><n>One</n><n>One</n><n>One</n><n>One</n><n>One</n><n>One</n><n>One</n><n>One</n><n>One</n><n>One</n><n>One</n><n>One</n><n>One</n><n>One</n><n>One</n><n>One</n><n>One</n><n>One</n><n>One</n><n>One</n><n>One</n><n>One</n><n>One</n><n>One</n><n>One</n><n>One</n><n>One</n><n>One</n><n>One</n><n>One</n><n>One</n><n>One</n><n>One</n><n>One</n><n>One</n><n>One</n><n>One</n><n>One</n><n>One</n><n>One</n><n>One</n><n>One</n><n>One</n><n>One</n><n>One</n><n>One</n><n>One</n><n>One</n><n>One</n><n>One</n><n>One</n><n>One</n><n>One</n><n>One</n><n>One</n><n>One</n><n>One</n><n>One</n><n>One</n><n>One</n><n>One</n><n>One</n><n>One</n><n>One</n><n>One</n><n>One</n><n>One</n><n>One</n><n>One</n><n>One</n><n>One</n><n>One</n><n>One</n><n>One</n><n>One</n><n>One</n><n>One</n><n>One</n><n>One</n><n>One</n><n>One</n><n>One</n><n>One</n><n>One</n><n>One</n><n>One</n><n>One</n><n>One</n><n>One</n><n>One</n><n>One</n><n>One</n><n>One</n><n>One</n><n>One</n><n>One</n><n>One</n><n>One</n><n>One</n></out>
  PASS number-2601
  PASS number-2602
  PASS number-2701
  PASS number-2801
  PASS number-2802
  PASS number-2803
  PASS number-2804
  PASS number-2805
  PASS number-2806
  PASS number-2807
  PASS number-2808
  PASS number-2809
  PASS number-2810
  PASS number-2811
  PASS number-2812
  PASS number-2813
  PASS number-2814
  PASS number-2901
  PASS number-2902
  PASS number-3001
  PASS number-3002
  PASS number-3003
  PASS number-3101
  PASS number-3201
  PASS number-3202
  PASS number-3203
  PASS number-3204
  PASS number-3205
  PASS number-3206
  PASS number-3207
  PASS number-3208
  PASS number-3209
  PASS number-3210
  PASS number-3211
  PASS number-3212
  PASS number-3213
  PASS number-3214
  PASS number-3215
  PASS number-3216
  PASS number-3217
  PASS number-3218
  PASS number-3219
  PASS number-3220
  PASS number-3221
  PASS number-3222
  PASS number-3223
  PASS number-3224
  PASS number-3225
  PASS number-3226
  PASS number-3227
  PASS number-3228
  PASS number-3229
  PASS number-3230
  PASS number-3231
  PASS number-3301
  PASS number-3401
  PASS number-3402
  PASS number-3403
  PASS number-3404
  PASS number-3405
  PASS number-3501
  PASS number-3601
  PASS number-3701
  PASS number-3702
  PASS number-3801
  PASS number-3802
  PASS number-3901
  PASS number-4001
  PASS number-4101
  PASS number-4201
  PASS number-4202
  PASS number-4301
  PASS number-4401
  PASS number-4402
  PASS number-4601
  PASS number-4701
  PASS number-5001
  PASS number-5002
  PASS number-5003
  PASS number-5004
  PASS number-5005
  PASS number-5006
  PASS number-5007
  PASS number-5008
  PASS number-5009
  PASS number-5010
  PASS number-5011
  PASS number-5012
  PASS number-5013
  PASS number-5014
  PASS number-5015
  PASS number-5016
  PASS number-5017
  PASS number-5018
  PASS number-5019
  PASS number-5020
  PASS number-5021
  PASS number-5022
  PASS number-5023
  PASS number-5024
  PASS number-5025
  PASS number-5026
  PASS number-5027
  PASS number-5028
  PASS number-5029
  PASS number-5030
  PASS number-5031
  PASS number-5032
  PASS number-5033
  PASS number-5034
  PASS number-5035
  PASS number-5036
  PASS number-5037
  PASS number-5038
  PASS number-5039
  PASS number-5040
  PASS number-5041
  PASS number-5042
  PASS number-5043
  PASS number-5044
  PASS number-5045
  PASS number-5046
  PASS number-5047
  PASS number-5048
  PASS number-5049
  PASS number-5050
  PASS number-5051
  PASS number-5052
  PASS number-5053
  PASS number-5054
  PASS number-5055
  PASS number-5056
  PASS number-5057
  PASS number-5058
  PASS number-5059
  PASS number-5060
  PASS number-5061
  PASS number-5062
  PASS number-5063
  PASS number-5064
  PASS number-5065
  PASS number-5066
  PASS number-5067
  PASS number-5068
  PASS number-5069
  PASS number-5070
  PASS number-5071
  PASS number-5072
  PASS number-5073
  PASS number-5074
  PASS number-5075
  PASS number-5076
  PASS number-5077
  PASS number-5078
  PASS number-5079
  PASS number-5080
  PASS number-5081
  PASS number-5082
  PASS number-5083
  PASS number-5084
  PASS number-5085
  PASS number-5086
  PASS number-5087
  PASS number-5088
  PASS number-5089
  PASS number-5090
  PASS number-5091
  PASS number-5092
  PASS number-5093
  PASS number-5094
  PASS number-5095
  PASS number-5096
  PASS number-5097
  PASS number-5098
  PASS number-5099
  PASS number-5100
  PASS number-5101
  PASS number-5102
  Done: number (271 tests, 264 passed, 6 failed, 1 skipped)
  Starting: on-empty ...
  FAIL on-empty-001: Result mismatch
    Expected: <out>23</out>
    Got:      <out />
  FAIL on-empty-002: Parse error at position 1: XPST0003: Unexpected token KeywordIn
  FAIL on-empty-004: Result mismatch
    Expected: error XTSE0010
    Got:      <out><doc>
	<item>a</item>
	<item>b</item>
	<item>c</item>
</doc></out>
  PASS on-empty-005
  FAIL on-empty-006: Result mismatch
    Expected: <out>21 23</out>
    Got:      <out />
  FAIL on-empty-007: Result mismatch
    Expected: error XTSE0010
    Got:      <out><a />
    49
  </out>
  FAIL on-empty-008: Result mismatch
    Expected: <out><p>There are no things</p></out>
    Got:      <out />
  PASS on-empty-009
  FAIL on-empty-010: Result mismatch
    Expected: <out>apple apple apple</out>
    Got:      <out />
  FAIL on-empty-011: Result mismatch
    Expected: <out>apple</out>
    Got:      <out></out>
  FAIL on-empty-012: Result mismatch
    Expected: <out>apple</out>
    Got:      <out />
  FAIL on-empty-100: Result mismatch
    Expected: <empty>we are the champions!</empty>
    Got:      <empty />
  FAIL on-empty-101: Result mismatch
    Expected: <empty>42</empty>
    Got:      <empty />
  FAIL on-empty-101a: Result mismatch
    Expected: <empty>1 0 1 0 1 0 1 0 1 0 1 0 1 0 1 0 1 0 1 0 1 0 1 0 1 0 1 0 1 0 1 0 1 0 1 0 1 0 1 0 1 0 1 0 1 0 1 0 1 0 1 0 1 0 1 0 1 0 1 0 1 0 1 0 1 0 1 0 1 0 1 0 1 0 1 0 1 0 1 0 1 0 1 0 1 0 1 0 1 0 1 0 1 0 1 0 1 0 1 0</empty>
    Got:      <empty />
  FAIL on-empty-101b: Result mismatch
    Expected: <empty>dkaieKDsiws85eks</empty>
    Got:      <empty />
  FAIL on-empty-101c: Result mismatch
    Expected: <empty><this><is><empty/></is></this></empty>
    Got:      <empty />
  FAIL on-empty-101d: Result mismatch
    Expected: <empty><document/></empty>
    Got:      <empty />
  FAIL on-empty-102: Result mismatch
    Expected: <empty>42</empty>
    Got:      <empty><?pi not a part ?></empty>
  FAIL on-empty-102a: Result mismatch
    Expected: <empty>1 0 1 0 1 0 1 0 1 0 1 0 1 0 1 0 1 0 1 0 1 0 1 0 1 0 1 0 1 0 1 0 1 0 1 0 1 0 1 0 1 0 1 0 1 0 1 0 1 0 1 0 1 0 1 0 1 0 1 0 1 0 1 0 1 0 1 0 1 0 1 0 1 0 1 0 1 0 1 0 1 0 1 0 1 0 1 0 1 0 1 0 1 0 1 0 1 0 1 0</empty>
    Got:      <empty><?pi not a part ?></empty>
  FAIL on-empty-102b: Result mismatch
    Expected: <empty>dkaieKDsiws85eks</empty>
    Got:      <empty><?pi not a part ?></empty>
  FAIL on-empty-102c: Result mismatch
    Expected: <empty><this><is><empty/></is></this></empty>
    Got:      <empty><?pi not a part ?></empty>
  FAIL on-empty-102d: Result mismatch
    Expected: <empty><document/></empty>
    Got:      <empty><?pi not a part ?></empty>
  PASS on-empty-103
  PASS on-empty-103a
  PASS on-empty-103b
  PASS on-empty-103c
  PASS on-empty-103d
  PASS on-empty-104
  PASS on-empty-104a
  PASS on-empty-104b
  PASS on-empty-104c
  PASS on-empty-104d
  PASS on-empty-105
  PASS on-empty-105a
  PASS on-empty-105b
  PASS on-empty-105c
  PASS on-empty-105d
  PASS on-empty-106
  PASS on-empty-106a
  PASS on-empty-106b
  PASS on-empty-106c
  PASS on-empty-106d
  PASS on-empty-106e
  PASS on-empty-107
  PASS on-empty-107a
  PASS on-empty-107b
  PASS on-empty-107c
  PASS on-empty-107d
  PASS on-empty-107e
  FAIL on-empty-108: Result mismatch
    Expected: <empty what-is="fourty-two">42</empty>
    Got:      <empty />
  FAIL on-empty-108a: Result mismatch
    Expected: <empty what-is="fourty-two">1 0 1 0 1 0 1 0 1 0 1 0 1 0 1 0 1 0 1 0 1 0 1 0 1 0 1 0 1 0 1 0 1 0 1 0 1 0 1 0 1 0 1 0 1 0 1 0 1 0 1 0 1 0 1 0 1 0 1 0 1 0 1 0 1 0 1 0 1 0 1 0 1 0 1 0 1 0 1 0 1 0 1 0 1 0 1 0 1 0 1 0 1 0 1 0 1 0 1 0</empty>
    Got:      <empty />
  FAIL on-empty-108b: Result mismatch
    Expected: <empty what-is="fourty-two">dkaieKDsiws85eks</empty>
    Got:      <empty />
  FAIL on-empty-108c: Result mismatch
    Expected: <empty what-is="fourty-two"><this><is><empty/></is></this></empty>
    Got:      <empty />
  FAIL on-empty-108d: Result mismatch
    Expected: <empty what-is="fourty-two"><document/></empty>
    Got:      <empty />
  FAIL on-empty-109: Result mismatch
    Expected: <empty what-is="fourty-two">42</empty>
    Got:      <empty what-is="fourty-two" />
  FAIL on-empty-109a: Result mismatch
    Expected: <empty what-is="fourty-two">1 0 1 0 1 0 1 0 1 0 1 0 1 0 1 0 1 0 1 0 1 0 1 0 1 0 1 0 1 0 1 0 1 0 1 0 1 0 1 0 1 0 1 0 1 0 1 0 1 0 1 0 1 0 1 0 1 0 1 0 1 0 1 0 1 0 1 0 1 0 1 0 1 0 1 0 1 0 1 0 1 0 1 0 1 0 1 0 1 0 1 0 1 0 1 0 1 0 1 0</empty>
    Got:      <empty what-is="fourty-two" />
  FAIL on-empty-109b: Result mismatch
    Expected: <empty what-is="fourty-two">dkaieKDsiws85eks</empty>
    Got:      <empty what-is="fourty-two" />
  FAIL on-empty-109c: Result mismatch
    Expected: <empty what-is="fourty-two"><this><is><empty/></is></this></empty>
    Got:      <empty what-is="fourty-two" />
  FAIL on-empty-109d: Result mismatch
    Expected: <empty what-is="fourty-two"><document/></empty>
    Got:      <empty what-is="fourty-two" />
  FAIL on-empty-110: Result mismatch
    Expected: <empty><empty><empty>42</empty></empty></empty>
    Got:      <empty><empty><empty /></empty></empty>
  FAIL on-empty-111: Result mismatch
    Expected: <empty><empty>42</empty></empty>
    Got:      <empty><empty /></empty>
  FAIL on-empty-112: Result mismatch
    Expected: <empty>123456789|111213141516171819|212223242526272829|313233343536373839|414243444546474849|515253545556575859|616263646566676869|717273747576777879|818283848586878889|919293949596979899|</empty>
    Got:      <empty>123456789111213141516171819212223242526272829313233343536373839414243444546474849515253545556575859616263646566676869717273747576777879818283848586878889919293949596979899</empty>
  FAIL on-empty-113a: Result mismatch
    Expected: START-->1|3|5|7|9|11|13|15|17|19|21|23|25|27|29|31|33|35|37|39|41|43|45|47|49|51|53|55|57|59|61|63|65|67|69|71|73|75|77|79|81|83|85|87|89|91|93|95|97|99<-- END
    Got:      <out>START--&gt;13579111315171921232527293133353739414345474951535557596163656769717375777981838587899193959799&lt;-- END</out>
  FAIL on-empty-113b: Result mismatch
    Expected: START-->1 |3 |5 |7 |9 |11 |13 |15 |17 |19 |21 |23 |25 |27 |29 |31 |33 |35 |37 |39 |41 |43 |45 |47 |49 |51 |53 |55 |57 |59 |61 |63 |65 |67 |69 |71 |73 |75 |77 |79 |81 |83 |85 |87 |89 |91 |93 |95 |97 |99<-- END
    Got:      <out>START--&gt;13579111315171921232527293133353739414345474951535557596163656769717375777981838587899193959799&lt;-- END</out>
  FAIL on-empty-114a: Result mismatch
    Expected: START-->1 | 3 | 5 | 7 | 9 | 11 | 13 | 15 | 17 | 19 | 21 | 23 | 25 | 27 | 29 | 31 | 33 | 35 | 37 | 39 | 41 | 43 | 45 | 47 | 49 | 51 | 53 | 55 | 57 | 59 | 61 | 63 | 65 | 67 | 69 | 71 | 73 | 75 | 77 | 79 | 81 | 83 | 85 | 87 | 89 | 91 | 93 | 95 | 97 | 99 <-- END
    Got:      <out>START--&gt;13579111315171921232527293133353739414345474951535557596163656769717375777981838587899193959799&lt;-- END</out>
  FAIL on-empty-114b: Result mismatch
    Expected: START-->1  |3  |5  |7  |9  |11  |13  |15  |17  |19  |21  |23  |25  |27  |29  |31  |33  |35  |37  |39  |41  |43  |45  |47  |49  |51  |53  |55  |57  |59  |61  |63  |65  |67  |69  |71  |73  |75  |77  |79  |81  |83  |85  |87  |89  |91  |93  |95  |97  |99 <-- END
    Got:      START-->13579111315171921232527293133353739414345474951535557596163656769717375777981838587899193959799<-- END
  PASS on-empty-115a
  FAIL on-empty-115b: Result mismatch
    Expected: (complex assertion)
    Got:      <foo xmlns:bar=" " />
  PASS on-empty-115c
  PASS on-empty-115d
  PASS on-empty-115e
  Done: on-empty (72 tests, 34 passed, 38 failed, 0 skipped)
  Starting: on-non-empty ...
  PASS on-non-empty-001
  FAIL on-non-empty-002: Parse error at position 1: XPST0003: Unexpected token KeywordIn
  FAIL on-non-empty-003: Parse error at position 1: XPST0003: Unexpected token KeywordIn
  FAIL on-non-empty-004: Result mismatch
    Expected: <out>23<doc><item>a</item><item>b</item><item>c</item></doc></out>
    Got:      <out><doc>
	<item>a</item>
	<item>b</item>
	<item>c</item>
</doc></out>
  FAIL on-non-empty-005: Result mismatch
    Expected: <out><doc><item>a</item><item>b</item><item>c</item></doc>23</out>
    Got:      <out><doc>
	<item>a</item>
	<item>b</item>
	<item>c</item>
</doc></out>
  PASS on-non-empty-006
  FAIL on-non-empty-007: Result mismatch
    Expected: <out>21 23<in/></out>
    Got:      <out><in /></out>
  PASS on-non-empty-008
  FAIL on-non-empty-009: Result mismatch
    Expected: <out>itemitemitem<p>There are some items</p></out>
    Got:      <out>itemitemitem</out>
  FAIL on-non-empty-010: Result mismatch
    Expected: <out><item>a</item>apple<item>b</item>apple<item>c</item>apple</out>
    Got:      <out><item>a</item><item>b</item><item>c</item></out>
  PASS on-non-empty-011
  PASS on-non-empty-012
  FAIL on-non-empty-013: Result mismatch
    Expected: error XTSE0010
    Got:      <out />
  FAIL on-non-empty-014: Result mismatch
    Expected: <out>EMPTY</out>
    Got:      <out />
  Done: on-non-empty (14 tests, 5 passed, 9 failed, 0 skipped)
  Starting: result-document ...
  FAIL result-document-0101: Result mismatch
    Expected: (complex assertion)
    Got:      <out><log>Before redirect</log><log>After redirect</log></out>
  FAIL result-document-0102: Result mismatch
    Expected: (complex assertion)
    Got:      <out><log>Before redirect</log><log>After redirect</log></out>
  FAIL result-document-0203: Result mismatch
    Expected: <out>In XML doc with US-ASCII.</out>
    Got:      
  FAIL result-document-0204: Result mismatch
    Expected: <out>Empty href on result-document.</out>
    Got:      
  FAIL result-document-0205: Result mismatch
    Expected: (complex assertion)
    Got:      
  FAIL result-document-0208: Result mismatch
    Expected: <html xmlns="http://www.mytest.example.org"><out>hello</out></html>
    Got:      
  FAIL result-document-0211: Result mismatch
    Expected: (complex assertion)
    Got:      
  FAIL result-document-0213: Result mismatch
    Expected: <html xmlns="http://www.mytest.example.org"><out>hello</out></html>
    Got:      
  FAIL result-document-0226: Result mismatch
    Expected: <html><head><title/></head><body>hello</body></html>
    Got:      
  FAIL result-document-1001: Result mismatch
    Expected: (complex assertion)
    Got:      <html><head /><body>First HTML doc in implict xsl:result-document</body></html>
  FAIL result-document-1002: Result mismatch
    Expected: (complex assertion)
    Got:      The primary result tree is closed, 
this text is not under any result document 
so this should cause problems.
  FAIL result-document-1003: Result mismatch
    Expected: (complex assertion)
    Got:      <out>First doc in implict xsl:result-document</out>
  FAIL result-document-1004: Result mismatch
    Expected: (complex assertion)
    Got:      
  FAIL result-document-1005: Result mismatch
    Expected: (complex assertion)
    Got:      <out />
  FAIL result-document-1301: Result mismatch
    Expected: (complex assertion)
    Got:      
  FAIL result-document-1501: Result mismatch
    Expected: (complex assertion)
    Got:      <out />
  FAIL result-document-1502: Result mismatch
    Expected: error FOAR0001
    Got:      <out />
  Done: result-document (154 tests, 1 passed, 17 failed, 136 skipped)
  Starting: sequence ...
  PASS sequence-0101
  FAIL sequence-0102: Result mismatch
    Expected: <out><item><name/><value>a</value><id>true</id></item
            ><item><name>att</name><value>b</value><id>true</id></item
            ><item><name/><value>c</value><id>true</id></item
            ><item><name>pi</name><value>data</value><id>true</id></item></out>
    Got:      <out><item><name></name><value>a</value><id>true</id></item><item><name></name><value>c</value><id>true</id></item><item><name>pi</name><value>data</value><id>true</id></item><item><name>att</name><value>b</value><id>true</id></item></out>
  PASS sequence-0103
  PASS sequence-0104
  PASS sequence-0105
  FAIL sequence-0106: Result mismatch
    Expected: <zzz>1,2,3,4</zzz>
    Got:      <zzz>4,2,3</zzz>
  FAIL sequence-0107: Result mismatch
    Expected: <zzz>1,2,3,4,5,6,7,8,9,10</zzz>
    Got:      <zzz>1 2 3 4 5 6 7 8 9 10</zzz>
  FAIL sequence-0108: Result mismatch
    Expected: <zzz>1,4,9,16,25,36,49,64,81,100</zzz>
    Got:      <zzz>1 4 9 16 25 36 49 64 81 100</zzz>
  PASS sequence-0109
  PASS sequence-0110
  FAIL sequence-0111: Result mismatch
    Expected: <zzz a="[12345]"/>
    Got:      <zzz a="[1 2 3 4 5]" />
  FAIL sequence-0112: Result mismatch
    Expected: <?xml version="1.0" encoding="UTF-8"?><zzz>{{{{{<?spec xslt#constructing-sequences?><!-- initial comment --><?pi-start?><xsl:stylesheet xmlns:xsl="http://www.w3.org/1999/XSL/Transform" version="2.0">
<!-- PURPOSE:   Test xsl:sequence adding a document node to a result tree -->
<xsl:template match="doc">
    <zzz>
        <xsl:text>{{{{{</xsl:text>
        <xsl:sequence select="document('')"/>
        <xsl:text>}}}}}</xsl:text>
    </zzz>
</xsl:template>
</xsl:stylesheet><?pi-end?><!-- final comment -->}}}}}</zzz>
    Got:      <zzz>{{{{{
<?spec xslt#constructing-sequences?>
<!-- initial comment -->
<?pi-start?> 
<xsl:stylesheet xmlns:xsl="http://www.w3.org/1999/XSL/Transform" version="2.0">
<!-- PURPOSE:   Test xsl:sequence adding a document node to a result tree -->
<xsl:template match="doc">
    <zzz>
        <xsl:text>{{{{{</xsl:text>
        <xsl:sequence select="document('')" />
        <xsl:text>}}}}}</xsl:text>
    </zzz>
</xsl:template>
</xsl:stylesheet>
<?pi-end?>
<!-- final comment -->}}}}}</zzz>
  FAIL sequence-0114: Result mismatch
    Expected: <zzz>1,4,9,16,25,36,49,64,81,100</zzz>
    Got:      <zzz>1 4 9 16 25 36 49 64 81 100</zzz>
  PASS sequence-0115
  PASS sequence-0116
  PASS sequence-0117
  PASS sequence-0118
  FAIL sequence-0119: Result mismatch
    Expected: <z>1</z>
    Got:      <z>1 2 3 4 5</z>
  PASS sequence-0120
  PASS sequence-0121
  FAIL sequence-0122: Result mismatch
    Expected: <zzz><x a="1" b="4"/><x a="1" b="5"/><x a="2" b="5"/><x a="3" b="5" id="1"/><x a="3" b="5" id="2"/><x a="3" b="6"/><x a="7" b="5"/></zzz>
    Got:      <zzz />
  PASS sequence-0123
  FAIL sequence-0124: Result mismatch
    Expected: <do><aaa>1</aaa><bbb>2</bbb><ccc>3</ccc><ddd-got-it/></do>
    Got:      <do><aaa>1</aaa><bbb>2</bbb><ccc>3</ccc></do>
  FAIL sequence-0125: Result mismatch
    Expected: <?xml version="1.0" encoding="UTF-8"?><do><node name="aaa"><child>a,a</child><ancestor/><ancestor-or-self>aaa</ancestor-or-self><following-sibling/><preceding-sibling/><following/><preceding/><descendant>a,,a,</descendant><descendant-or-self>aaa,a,,a,</descendant-or-self></node><node name="bbb"><child>b,b</child><ancestor/><ancestor-or-self>bbb</ancestor-or-self><following-sibling/><preceding-sibling/><following/><preceding/><descendant>b,,b,</descendant><descendant-or-self>bbb,b,,b,</descendant-or-self></node><node name="ccc"><child>c,c</child><ancestor/><ancestor-or-self>ccc</ancestor-or-self><following-sibling/><preceding-sibling/><following/><preceding/><descendant>c,,c,</descendant><descendant-or-self>ccc,c,,c,</descendant-or-self></node><node name=""><child>ddd</child><ancestor/><ancestor-or-self/><following-sibling/><preceding-sibling/><following/><preceding/><descendant>ddd,aaa,a,,a,</descendant><descendant-or-self>,ddd,aaa,a,,a,</descendant-or-self></node><node name=""><child>eee</child><ancestor/><ancestor-or-self/><following-sibling/><preceding-sibling/><following/><preceding/><descendant>eee,aaa,a,,a,</descendant><descendant-or-self>,eee,aaa,a,,a,</descendant-or-self></node><node name="a"><child/><ancestor>aaa</ancestor><ancestor-or-self>aaa,a</ancestor-or-self><following-sibling>a</following-sibling><preceding-sibling/><following>a,</following><preceding/><descendant/><descendant-or-self>a,</descendant-or-self></node><node name="att-a"><child/><ancestor>aaa,a</ancestor><ancestor-or-self>aaa,a,att-a</ancestor-or-self><following-sibling/><preceding-sibling/><following>,a,</following><preceding/><descendant/><descendant-or-self>att-a</descendant-or-self></node><node name="a"><child/><ancestor>,ddd,aaa</ancestor><ancestor-or-self>,ddd,aaa,a</ancestor-or-self><following-sibling>a</following-sibling><preceding-sibling/><following>a,</following><preceding/><descendant/><descendant-or-self>a,</descendant-or-self></node><node name="att-a"><child/><ancestor>,ddd,aaa,a</ancestor><ancestor-or-self>,ddd,aaa,a,att-a</ancestor-or-self><following-sibling/><preceding-sibling/><following>,a,</following><preceding/><descendant/><descendant-or-self>att-a</descendant-or-self></node></do>
    Got:      <do><node name="aaa"><child>a,a</child><ancestor></ancestor><ancestor-or-self>aaa</ancestor-or-self><following-sibling>bbb,ccc</following-sibling><preceding-sibling></preceding-sibling><following>bbb,b,,b,,ccc,c,,c,</following><preceding></preceding><descendant>a,,a,</descendant><descendant-or-self>aaa,a,,a,</descendant-or-self></node><node name="bbb"><child>b,b</child><ancestor></ancestor><ancestor-or-self>bbb</ancestor-or-self><following-sibling>ccc</following-sibling><preceding-sibling>aaa</preceding-sibling><following>ccc,c,,c,</following><preceding>,a,,a,aaa</preceding><descendant>b,,b,</descendant><descendant-or-self>bbb,b,,b,</descendant-or-self></node><node name="ccc"><child>c,c</child><ancestor></ancestor><ancestor-or-self>ccc</ancestor-or-self><following-sibling></following-sibling><preceding-sibling>bbb,aaa</preceding-sibling><following></following><preceding>,b,,b,bbb,,a,,a,aaa</preceding><descendant>c,,c,</descendant><descendant-or-self>ccc,c,,c,</descendant-or-self></node><node name="a"><child></child><ancestor>aaa</ancestor><ancestor-or-self>a,aaa</ancestor-or-self><following-sibling>a</following-sibling><preceding-sibling></preceding-sibling><following>a,,bbb,b,,b,,ccc,c,,c,</following><preceding></preceding><descendant></descendant><descendant-or-self>a,</descendant-or-self></node><node name="att-a"><child></child><ancestor>a,aaa</ancestor><ancestor-or-self>att-a,a,aaa</ancestor-or-self><following-sibling></following-sibling><preceding-sibling></preceding-sibling><following>a,,bbb,b,,b,,ccc,c,,c,</following><preceding></preceding><descendant></descendant><descendant-or-self>att-a</descendant-or-self></node></do>
  PASS sequence-0126
  FAIL sequence-0127: Result mismatch
    Expected: <z xmlns:xs="http://www.w3.org/2001/XMLSchema"><a><a x="1"/></a><b><b x="2"/></b><c/><d/></z>
    Got:      <z><a y="1"><a x="1" /></a><b y="2"><b x="2" /></b><c y="3" /><d y="4" /></z>
  FAIL sequence-0128: Result mismatch
    Expected: error XTTE0570
    Got:      <z>a,b,c</z>
  FAIL sequence-0129: Result mismatch
    Expected: error XTTE0570
    Got:      <z>a,b,c</z>
  FAIL sequence-0130: Result mismatch
    Expected: error XTTE0570
    Got:      <z>a,b</z>
  FAIL sequence-0131: Result mismatch
    Expected: error XTTE0570
    Got:      <zzz>1 4 9 16 25 36 49 64 81 100</zzz>
  FAIL sequence-0132: Result mismatch
    Expected: error XTTE0570
    Got:      <zzz>1,2,2,4,3,6,4,8,5,10,6,12,7,14,8,16,9,18,10,20</zzz>
  FAIL sequence-0134: Result mismatch
    Expected: error XTTE0505
    Got:      <zzz>15</zzz>
  FAIL sequence-0135: Result mismatch
    Expected: error XPDY0050
    Got:      <foo />
  FAIL sequence-0136: Result mismatch
    Expected: error XPDY0050
    Got:      <bar />
  PASS sequence-0137a
  FAIL sequence-0138: Result mismatch
    Expected: error XTSE0010
    Got:      <zzz />
  FAIL sequence-0139: Result mismatch
    Expected: error XTSE0010
    Got:      <zzz>
  <x a="3" b="5" id="1" />
  <x a="2" b="5" />
  <x a="7" b="5" />
  <x a="3" b="6" />
  <x a="3" b="5" id="2" />
  <x a="1" b="5" />
  <x a="1" b="4" />
</zzz>
  PASS sequence-0201
  PASS sequence-0202
  PASS sequence-0203
  PASS sequence-0301
  PASS sequence-0302
  FAIL sequence-0303: Result mismatch
    Expected: <out><in/><in>1</in><in>4</in><in/></out>
    Got:      <out><in></in><in>1 2 3 4</in><in></in><in></in></out>
  FAIL sequence-0304: Result mismatch
    Expected: <out>a|b|c</out>
    Got:      <out>a b c</out>
  PASS sequence-0305
  PASS sequence-0306
  PASS sequence-0307
  PASS sequence-0401
  PASS sequence-0402
  PASS sequence-0403
  PASS sequence-0501
  PASS sequence-0502
  FAIL sequence-0601: Result mismatch
    Expected: <HTML>
  <HEAD><TITLE>Simple Table</TITLE></HEAD>
  <BODY>
	 <TABLE border="1"><TR><TD>1</TD><TD>5</TD><TD>9</TD></TR><TR><TD>2</TD><TD>6</TD><TD>10</TD></TR><TR><TD width="5">3</TD><TD width="5">7</TD><TD width="5">11</TD></TR><TR><TD width="11">4</TD><TD width="11">8</TD><TD width="11">12</TD></TR></TABLE>
  </BODY>
</HTML>
    Got:      <HTML>
  <HEAD><TITLE>Simple Table</TITLE></HEAD>
  <BODY>
	 <TABLE border="1"><TR xmlns:xsl="http://www.w3.org/1999/XSL/Transform">
         <xsl:for-each select="$row-seq" />
      </TR><TR xmlns:xsl="http://www.w3.org/1999/XSL/Transform">
         <xsl:for-each select="$row-seq" />
      </TR><TR xmlns:xsl="http://www.w3.org/1999/XSL/Transform">
         <xsl:for-each select="$row-seq" />
      </TR><TR xmlns:xsl="http://www.w3.org/1999/XSL/Transform">
         <xsl:for-each select="$row-seq" />
      </TR></TABLE>
  </BODY>
</HTML>
  PASS sequence-0701
  PASS sequence-0702
  PASS sequence-0703
  PASS sequence-0704
  PASS sequence-0705
  PASS sequence-0706
  PASS sequence-0901
  PASS sequence-1001
  PASS sequence-1002
  FAIL sequence-1003: Result mismatch
    Expected: <out xmlns:xs="http://www.w3.org/2001/XMLSchema">a|b|c</out>
    Got:      <out>a b c</out>
  FAIL sequence-1004: Result mismatch
    Expected: <out>1|2|3|4</out>
    Got:      <out>1 2 3 4</out>
  FAIL sequence-1005: Result mismatch
    Expected: <out xmlns:xs="http://www.w3.org/2001/XMLSchema">37</out>
    Got:      <out>NaN</out>
  FAIL sequence-1101: Result mismatch
    Expected: <out xmlns:xs="http://www.w3.org/2001/XMLSchema">700.00</out>
    Got:      <out>800.00</out>
  FAIL sequence-1201: XPTY0004
  PASS sequence-1202
  PASS sequence-1203
  PASS sequence-1204
  PASS sequence-1205
  PASS sequence-1301
  FAIL sequence-1401: Result mismatch
    Expected: <?xml version="1.0" encoding="UTF-8"?><out>
<in>|false</in>
<in>1|true</in>
<in>1.52|true</in>
<in>1.52|true</in>
<in>2.5E1|false</in>
<in>2|false</in>
<in>3|true</in>
<in>4|true</in>
<in>5|false</in>
<in>|false</in>
</out>
    Got:      <out>
<in>|false</in>
<in>1 1.52 1.52 2.5E1 2 3 4|false</in>
<in>5|false</in>
<in>|false</in>
<in>|false</in>
<in>|false</in>
<in>|false</in>
<in>|false</in>
<in>|false</in>
<in>|false</in>
</out>
  FAIL sequence-1402: Result mismatch
    Expected: <?xml version="1.0" encoding="UTF-8"?><out>
<strout> | false</strout>
<strout>untypedfoo | false</strout>
<strout>strfoo | true</strout>
<strout>literalfoo | true</strout>
<strout>foo | false</strout>
<strout> | false</strout>
<untypedout> | false</untypedout>
<untypedout>untypedfoo | true</untypedout>
<untypedout>foo | true</untypedout>
<untypedout> | false</untypedout>
</out>
    Got:      <out>
<strout> | false</strout>
<strout>untypedfoo strfoo literalfoo | false</strout>
<strout>foo | false</strout>
<strout> | false</strout>
<strout> | false</strout>
<strout> | false</strout>
<untypedout> | false</untypedout>
<untypedout>untypedfoo | false</untypedout>
<untypedout>foo | false</untypedout>
<untypedout> | false</untypedout>
</out>
  FAIL sequence-1501: Result mismatch
    Expected: <output>
<out>false</out>
<out>truefalse</out>
<out>falsefalse</out>
<out>truetrue</out>
<out>falsetrue</out>
<out>false</out></output>
    Got:      <output>
<out>false</out>
<out>truefalse</out>
<out>falsefalse</out>
<out>true falsefalse</out>
<out>false</out>
<out>false</out></output>
  FAIL sequence-1601: Result mismatch
    Expected: <?xml version="1.0" encoding="UTF-8"?><out>
<daytimeout> | false</daytimeout>
<daytimeout>P4D | false</daytimeout>
<daytimeout>P111D | false</daytimeout>
<daytimeout>P4DT7H | true</daytimeout>
<daytimeout> | false</daytimeout>
<yearmonthout> | false</yearmonthout>
<yearmonthout>P4Y | false</yearmonthout>
<yearmonthout>P500Y | false</yearmonthout>
<yearmonthout>P7Y8M | true</yearmonthout>
<yearmonthout> | false</yearmonthout>
</out>
    Got:      <out>
<daytimeout> | false</daytimeout>
<daytimeout>P4D | false</daytimeout>
<daytimeout>P111D | false</daytimeout>
<daytimeout>P4DT7H | false</daytimeout>
<daytimeout> | false</daytimeout>
<yearmonthout> | false</yearmonthout>
<yearmonthout>P4Y | false</yearmonthout>
<yearmonthout>P500Y | false</yearmonthout>
<yearmonthout>P7Y8M | false</yearmonthout>
<yearmonthout> | false</yearmonthout>
</out>
  FAIL sequence-1701: Result mismatch
    Expected: <?xml version="1.0" encoding="UTF-8"?><out>
<date> | false</date>
<date>2004-11-22Z | false</date>
<date>2004-03-01 | false</date>
<date>2004-11-24 | true</date>
<date> | false</date>

<time> | false</time>
<time>12:11:10Z | false</time>
<time>12:13:14 | false</time>
<time>01:02:03 | true</time>
<time> | false</time>

<datetime> | false</datetime>
<datetime>2004-11-22T12:11:10Z | false</datetime>
<datetime>2004-03-01T12:13:14-05:00 | false</datetime>
<datetime>2004-11-24T01:02:03 | true</datetime>
<datetime> | false</datetime>
</out>
    Got:      <out>
<date> | false</date>
<date>2004-11-22Z | false</date>
<date>2004-03-01 | false</date>
<date>2004-11-24 | false</date>
<date> | false</date>

<time> | false</time>
<time>12:11:10Z | false</time>
<time>12:13:14 | false</time>
<time>01:02:03 | false</time>
<time> | false</time>

<datetime> | false</datetime>
<datetime>2004-11-22T12:11:10Z | false</datetime>
<datetime>2004-03-01T12:13:14-05:00 | false</datetime>
<datetime>2004-11-24T01:02:03 | false</datetime>
<datetime> | false</datetime>
</out>
  FAIL sequence-1801: Result mismatch
    Expected: <out>
<qname>false</qname>
<qname>false</qname>
<qname>false</qname>
<qname>true</qname>
<qname>false</qname>
</out>
    Got:      <out>
<qname>false</qname>
<qname>false</qname>
<qname>false</qname>
<qname>false</qname>
<qname>false</qname>
</out>
  FAIL sequence-1901: Result mismatch
    Expected: <?xml version="1.0" encoding="UTF-8"?><out>
<uri> | false</uri>
<uri>http://www.hello.com | true</uri>
<uri>http://www.yahoo.com | true</uri>
<uri>ftp://ftp.example.com | true</uri>
<uri> | false</uri>
</out>
    Got:      <out>
<uri> | false</uri>
<uri>http://www.hello.com | false</uri>
<uri>http://www.yahoo.com | false</uri>
<uri>ftp://ftp.example.com | false</uri>
<uri> | false</uri>
</out>
  PASS sequence-2001
  FAIL sequence-2002: Result mismatch
    Expected: <out><x1>1 2 3</x1><x2>3 2 1</x2><x3>3 2 1 1 2 3</x3></out>
    Got:      <out><x1>1 2 3</x1><x2>1 2 3</x2><x3>1 2 3 1 2 3</x3></out>
  FAIL sequence-2101: XPTY0004
  FAIL sequence-2301: Result mismatch
    Expected: <out>truetrue</out>
    Got:      <out>falsefalse</out>
  FAIL sequence-2401b: Result mismatch
    Expected: error XTSE3185
    Got:      <out><doc /></out>
  PASS sequence-2402b
  PASS sequence-2403b
  Done: sequence (92 tests, 46 passed, 41 failed, 5 skipped)
  Starting: sort ...
  PASS sort-001
  PASS sort-002
  PASS sort-003
  FAIL sort-004: Result mismatch
    Expected: (complex assertion)
    Got:      <out><asc><item>document</item> <item>elements</item> <item>mechanism</item> <item>must</item> <item>namespaces</item> <item>prefix</item> <item>processors</item> <item>recognize</item> <item>recognized</item> <item>specified</item> <item>to</item> <item>uri</item> <item>use</item> <item>xml</item> <item>xslt</item> <item>xsltdefined</item> </asc><desc><item>xsltdefined</item> <item>xslt</item> <item>xml</item> <item>use</item> <item>uri</item> <item>to</item> <item>specified</item> <item>recognized</item> <item>recognize</item> <item>processors</item> <item>prefix</item> <item>namespaces</item> <item>must</item> <item>mechanism</item> <item>elements</item> <item>document</item> </desc></out>
  PASS sort-005
  PASS sort-006
  PASS sort-007
  PASS sort-008
  PASS sort-009
  PASS sort-010
  FAIL sort-011: Result mismatch
    Expected: <?xml version="1.0" encoding="UTF-8"?><out><o>-47</o>;
      <o>-13</o>;
      <o>617-939-5938</o>;
      <o>Hello</o>;
      <o>777</o>;
      <o>666</o>;
      <o>002</o>;
      <o>04</o>;
      <o>5</o>;
      <o>0008</o>;
      <o>1001001001</o>;
      <o>23</o>;
      <o>803.33333332</o>;
      <o>803.33333333</o>;
      <o>803.05</o>;
      <o>803.23</o>;
      <o>0</o>;
      <o>1</o>;
      <o>82</o>;
      <o>69</o>;
      <o>40</o>;
      <o>100</o>;
      <o>3</o>;
      <o>99</o>;
      </out>
    Got:      <out><o>99</o>;
      <o>3</o>;
      <o>100</o>;
      <o>40</o>;
      <o>69</o>;
      <o>82</o>;
      <o>1</o>;
      <o>0</o>;
      <o>803.23</o>;
      <o>803.05</o>;
      <o>803.33333333</o>;
      <o>803.33333332</o>;
      <o>23</o>;
      <o>1001001001</o>;
      <o>0008</o>;
      <o>5</o>;
      <o>04</o>;
      <o>002</o>;
      <o>666</o>;
      <o>777</o>;
      <o>Hello</o>;
      <o>617-939-5938</o>;
      <o>-13</o>;
      <o>-47</o>;
      </out>
  FAIL sort-012: Result mismatch
    Expected: <?xml version="1.0" encoding="UTF-8"?><out><run><o>-13</o>;
      <o>-47</o>;
      <o>0</o>;
      <o>0008</o>;
      <o>002</o>;
      <o>04</o>;
      <o>1</o>;
      <o>100</o>;
      <o>1001001001</o>;
      <o>23</o>;
      <o>3</o>;
      <o>40</o>;
      <o>5</o>;
      <o>666</o>;
      <o>69</o>;
      <o>777</o>;
      <o>803.05</o>;
      <o>803.23</o>;
      <o>803.33333332</o>;
      <o>803.33333333</o>;
      <o>82</o>;
      <o>99</o>;
      </run><run><o>1001001001</o>;
      <o>803.33333333</o>;
      <o>803.33333332</o>;
      <o>803.23</o>;
      <o>803.05</o>;
      <o>777</o>;
      <o>666</o>;
      <o>100</o>;
      <o>99</o>;
      <o>82</o>;
      <o>69</o>;
      <o>40</o>;
      <o>23</o>;
      <o>0008</o>;
      <o>5</o>;
      <o>04</o>;
      <o>3</o>;
      <o>002</o>;
      <o>1</o>;
      <o>0</o>;
      <o>-13</o>;
      <o>-47</o>;
      </run><run><o>-47</o>;
      <o>-13</o>;
      <o>0</o>;
      <o>1</o>;
      <o>002</o>;
      <o>3</o>;
      <o>04</o>;
      <o>5</o>;
      <o>0008</o>;
      <o>23</o>;
      <o>40</o>;
      <o>69</o>;
      <o>82</o>;
      <o>99</o>;
      <o>100</o>;
      <o>666</o>;
      <o>777</o>;
      <o>803.05</o>;
      <o>803.23</o>;
      <o>803.33333332</o>;
      <o>803.33333333</o>;
      <o>1001001001</o>;
      </run><run><o>99</o>;
      <o>82</o>;
      <o>803.33333333</o>;
      <o>803.33333332</o>;
      <o>803.23</o>;
      <o>803.05</o>;
      <o>777</o>;
      <o>69</o>;
      <o>666</o>;
      <o>5</o>;
      <o>40</o>;
      <o>3</o>;
      <o>23</o>;
      <o>1001001001</o>;
      <o>100</o>;
      <o>1</o>;
      <o>04</o>;
      <o>002</o>;
      <o>0008</o>;
      <o>0</o>;
      <o>-47</o>;
      <o>-13</o>;
      </run></out>
    Got:      <out><run><o>-13</o>;
      <o>-47</o>;
      <o>0</o>;
      <o>0008</o>;
      <o>002</o>;
      <o>04</o>;
      <o>1</o>;
      <o>100</o>;
      <o>1001001001</o>;
      <o>23</o>;
      <o>3</o>;
      <o>40</o>;
      <o>5</o>;
      <o>666</o>;
      <o>69</o>;
      <o>777</o>;
      <o>803.05</o>;
      <o>803.23</o>;
      <o>803.33333332</o>;
      <o>803.33333333</o>;
      <o>82</o>;
      <o>99</o>;
      </run><run><o>-13</o>;
      <o>-47</o>;
      <o>0</o>;
      <o>0008</o>;
      <o>002</o>;
      <o>04</o>;
      <o>1</o>;
      <o>100</o>;
      <o>1001001001</o>;
      <o>23</o>;
      <o>3</o>;
      <o>40</o>;
      <o>5</o>;
      <o>666</o>;
      <o>69</o>;
      <o>777</o>;
      <o>803.05</o>;
      <o>803.23</o>;
      <o>803.33333332</o>;
      <o>803.33333333</o>;
      <o>82</o>;
      <o>99</o>;
      </run><run><o>-13</o>;
      <o>-47</o>;
      <o>0</o>;
      <o>0008</o>;
      <o>002</o>;
      <o>04</o>;
      <o>1</o>;
      <o>100</o>;
      <o>1001001001</o>;
      <o>23</o>;
      <o>3</o>;
      <o>40</o>;
      <o>5</o>;
      <o>666</o>;
      <o>69</o>;
      <o>777</o>;
      <o>803.05</o>;
      <o>803.23</o>;
      <o>803.33333332</o>;
      <o>803.33333333</o>;
      <o>82</o>;
      <o>99</o>;
      </run><run><o>-13</o>;
      <o>-47</o>;
      <o>0</o>;
      <o>0008</o>;
      <o>002</o>;
      <o>04</o>;
      <o>1</o>;
      <o>100</o>;
      <o>1001001001</o>;
      <o>23</o>;
      <o>3</o>;
      <o>40</o>;
      <o>5</o>;
      <o>666</o>;
      <o>69</o>;
      <o>777</o>;
      <o>803.05</o>;
      <o>803.23</o>;
      <o>803.33333332</o>;
      <o>803.33333333</o>;
      <o>82</o>;
      <o>99</o>;
      </run></out>
  FAIL sort-013: Result mismatch
    Expected: <out>-47,-13,0,1,002,3,04,5,0008,23,40,69,82,99,100,666,777,803.05,803.23,803.33333332,803.33333333,1001001001</out>
    Got:      <out></out>
  FAIL sort-014: Result mismatch
    Expected: <out>-47,-13,0,1,002,3,04,5,0008,23,40,69,82,99,100,666,777,803.05,803.23,803.33333332,803.33333333,1001001001</out>
    Got:      <out></out>
  FAIL sort-015: Result mismatch
    Expected: <out>-47,-13,0,1,002,3,04,5,0008,23,40,69,82,99,100,666,777,803.05,803.23,803.33333332,803.33333333,1001001001</out>
    Got:      <out></out>
  PASS sort-016
  FAIL sort-017: Result mismatch
    Expected: <result><out lang="en">B,C,K,T,U,V,X</out><out lang="de">B,C,K,T,U,V,X</out><out lang="sv">B,C,K,T,U,V,X</out></result>
    Got:      <result><out lang="en"></out><out lang="de"></out><out lang="sv"></out></result>
  FAIL sort-018: Result mismatch
    Expected: <result><out lang="en-lower-first">a,b,B,c,C,K,r,t,u,U,V,V,x,X</out><out lang="en-upper-first">a,B,b,C,c,K,r,t,U,u,V,V,X,x</out></result>
    Got:      <result><out lang="en-lower-first"></out><out lang="en-upper-first"></out></result>
  FAIL sort-019: Result mismatch
    Expected: <out lang="default-order">JAEGER,JAGGED,Jaeger,Jager,Jagger,JÄGER,JÆGER,Jäger,Jæger,jogger,jäger</out>
    Got:      <out lang="default-order"></out>
  FAIL sort-020: Result mismatch
    Expected: <out>  ccix,-13,-47,0,0008,002,04,1,100,1001001001,23,3,40,5,666,69,777,803.05,803.23,803.33333332,803.33333333,82,99,FIFTY,SEVEN,forty,sixty</out>
    Got:      <out></out>
  PASS sort-021
  PASS sort-022
  PASS sort-023
  PASS sort-024
  PASS sort-025
  FAIL sort-026: Result mismatch
    Expected: (complex assertion)
    Got:      <out>8,12,15,18,20,21,24,</out>
  FAIL sort-027: Result mismatch
    Expected: error XTDE1035
    Got:      <out lang="default-order" />
  FAIL sort-028: Result mismatch
    Expected: (complex assertion)
    Got:      <out lang="default-order" />
  FAIL sort-029: Result mismatch
    Expected: error XTDE0030
    Got:      <out lang="default-order"></out>
  PASS sort-030
  PASS sort-031
  PASS sort-032
  PASS sort-033
  PASS sort-034
  PASS sort-035
  PASS sort-036
  PASS sort-037
  PASS sort-038
  PASS sort-039
  PASS sort-040
  FAIL sort-041: Result mismatch
    Expected: <out>
    Ascending order....
    bogus|0.5|1|1.0|1.1|007|7|11|</out>
    Got:      <out>
    Ascending order....
    0.5|007|1|1.0|1.1|11|7|bogus|</out>
  FAIL sort-042: Result mismatch
    Expected: <out>
    Descending order....
    11|007|7|1.1|1|1.0|0.5|bogus|</out>
    Got:      <out>
    Descending order....
    bogus|0.5|1|1.0|1.1|007|7|11|</out>
  FAIL sort-043: Result mismatch
    Expected: <?xml version="1.0" encoding="UTF-8"?><out><item>document</item>
<item>elements</item>
<item>mechanism</item>
<item>must</item>
<item>Namespaces</item>
<item>prefix</item>
<item>preFIX</item>
<item>processors</item>
<item>recognize</item>
<item>recognized</item>
<item>specified</item>
<item>to</item>
<item>URI</item>
<item>use</item>
<item>XML</item>
<item>XSLT</item>
<item>XSLT-defined</item>
</out>
    Got:      <out><item>Namespaces</item>
<item>URI</item>
<item>XML</item>
<item>XSLT</item>
<item>XSLT-defined</item>
<item>document</item>
<item>elements</item>
<item>mechanism</item>
<item>must</item>
<item>preFIX</item>
<item>prefix</item>
<item>processors</item>
<item>recognize</item>
<item>recognized</item>
<item>specified</item>
<item>to</item>
<item>use</item>
</out>
  PASS sort-044
  PASS sort-045
  FAIL sort-046: Result mismatch
    Expected: <?xml version="1.0" encoding="UTF-8"?><out>Memos by thread:
A1: Thread A;
A3: Re: Thread A;
A5: Re: Thread A;
A7: Re: Thread A;
A10: Re: Thread A;
B2: Thread B;
B4: Re: Thread B;
B9: Re: Thread B;
C6: Thread C;
C8: Re: Thread C;
</out>
    Got:      <out>Memos by thread:
A1: Thread A;
B2: Thread B;
A3: Re: Thread A;
B4: Re: Thread B;
A5: Re: Thread A;
C6: Thread C;
A7: Re: Thread A;
C8: Re: Thread C;
B9: Re: Thread B;
A10: Re: Thread A;
</out>
  PASS sort-047
  PASS sort-048
  PASS sort-049
  PASS sort-050
  FAIL sort-051: Result mismatch
    Expected: <out>
    Descending order....
    1001001001 803.23 803.05 803.33333333 803.33333332 777 666 100 99 82 69 40 23 0008 5 04 3 002 1 0 -13 -47 </out>
    Got:      <out>
    Descending order....
    99 82 803.33333333 803.33333332 803.23 803.05 777 69 666 5 40 3 23 1001001001 100 1 04 002 0008 0 -47 -13 </out>
  PASS sort-052
  PASS sort-053
  FAIL sort-054: Result mismatch
    Expected: <a xmlns:xs="http://www.w3.org/2001/XMLSchema">false</a>
    Got:      <a />
  PASS sort-055
  PASS sort-056
  PASS sort-057
  PASS sort-058
  PASS sort-059
  PASS sort-060
  PASS sort-061
  FAIL sort-062: Result mismatch
    Expected: <out><letter>a | d | f | u | z</letter><number>-5 | 0 | 0.002 | 3 | 3 | 10 | 400</number></out>
    Got:      <out><letter></letter><number></number></out>
  FAIL sort-063: Result mismatch
    Expected: <out>  aadsx</out>
    Got:      <out />
  FAIL sort-064: Result mismatch
    Expected: <out att2="a" att4="V_4" att3="V3" att1="z"/>
    Got:      <out />
  FAIL sort-065: Result mismatch
    Expected: <out><!----><!----><!--A comment --><!--First comment--><!--My comment--><!--XSLT_comment --></out>
    Got:      <out />
  FAIL sort-066: Failed to compare two elements in the array.
  FAIL sort-067: Result mismatch
    Expected: (complex assertion)
    Got:      <out><With-collation>15:AB * 11:Ab * 14:CD * 12:Cd * 13:Dc * 1:ab * 5:ab * 2:cd * 4:cd * 3:dc * </With-collation><Without-collation>15:AB * 11:Ab * 14:CD * 12:Cd * 13:Dc * 1:ab * 5:ab * 2:cd * 4:cd * 3:dc * </Without-collation></out>
  PASS sort-068
  PASS sort-069
  PASS sort-070
  PASS sort-071
  FAIL sort-072: Result mismatch
    Expected: <out>NaN | -5 | 0 | 1 | 3.3 | 5 | 100 | </out>
    Got:      <out />
  FAIL sort-073: Result mismatch
    Expected: <out>z w r l f d a </out>
    Got:      <out />
  PASS sort-074
  PASS sort-075
  PASS sort-076
  PASS sort-077
  FAIL sort-078: Result mismatch
    Expected: error XTSE0020
    Got:      <out>First,Second,Third,Fourth,Fifth,Sixth,Seventh,</out>
  FAIL sort-079: Result mismatch
    Expected: (complex assertion)
    Got:      
  Done: sort (80 tests, 50 passed, 30 failed, 0 skipped)
  SKIP source-document: Requires unsupported feature 'streaming' (59 tests)
  Starting: try ...
  PASS try-001
  FAIL try-002: Result mismatch
    Expected: (complex assertion)
    Got:      <o />
  FAIL try-003: Result mismatch
    Expected: error FOAR0001
    Got:      <o />
  FAIL try-006: Result mismatch
    Expected: <out>Infinity</out>
    Got:      <out />
  FAIL try-007: Result mismatch
    Expected: <out>Infinity</out>
    Got:      <out />
  FAIL try-008: Result mismatch
    Expected: <out>Infinity</out>
    Got:      <out />
  FAIL try-009: Result mismatch
    Expected: <out>Infinity</out>
    Got:      <out />
  PASS try-010
  FAIL try-011: Result mismatch
    Expected: error XPST0008
    Got:      <out test="3.14159" />
  FAIL try-012: XPST0017: Function {http://www.w3.org/2005/xpath-functions}element-available#1 not found.
  PASS try-014
  PASS try-016
  FAIL try-018: Variable $code is not defined.
  FAIL try-019: Variable $code is not defined.
  FAIL try-020: Result mismatch
    Expected: <output xmlns:xs="http://www.w3.org/2001/XMLSchema"><ERROR message="Division by 0 error caught!"/></output>
    Got:      <output />
  FAIL try-021: Result mismatch
    Expected: <err:error xmlns:err="http://www.w3.org/2005/xqt-errors"
           code="err:XTDE1490"
           module="try-021.xsl"
           line="15"><message>true</message></err:error>
    Got:      
  FAIL try-022: Result mismatch
    Expected: (complex assertion)
    Got:      
  FAIL try-023: Result mismatch
    Expected: (complex assertion)
    Got:      
  FAIL try-024: Result mismatch
    Expected: (complex assertion)
    Got:      
  PASS try-027
  FAIL try-032: Result mismatch
    Expected: (complex assertion)
    Got:      <out />
  FAIL try-033: Result mismatch
    Expected: (complex assertion)
    Got:      <out />
  FAIL try-034: Result mismatch
    Expected: error XTDE3530
    Got:      <out><in /><in /><in /><in /><in /><in /><in /><in /><in /><in /><in /><in /><in /><in /><in /><in /><in /><in /><in /><in /><in /><in /><in /><in /><in /><in /><in /><in /><in /><in /><in /><in /><in /><in /><in /><in /><in /><in /><in /><in /><in /><in /><in /><in /><in /><in /><in /><in /><in /><in /><in /><in /><in /><in /><in /><in /><in /><in /><in /><in /><in /><in /><in /><in /><in /><in /><in /><in /><in /><in /><in /><in /><in /><in /><in /><in /><in /><in /><in /><in /><in /><in /><in /><in /><in /><in /><in /><in /><in /><in /><in /><in /><in /><in /><in /><in /><in /><in /><in /><in /><in /><in /><in /><in /><in /><in /><in /><in /><in /><in /><in /><in /><in /><in /><in /><in /><in /><in /><in /><in /><in /><in /><in /><in /><in /><in /><in /><in /><in /><in /><in /><in /><in /><in /><in /><in /><in /><in /><in /><in /><in /><in /><in /><in /><in /><in /><in /><in /><in /><in /><in /><in /><in /><in /><in /><in /><in /><in /><in /><in /><in /><in /><in /><in /><in /><in /><in /><in /><in /><in /><in /><in /><in /><in /><in /><in /><in /><in /><in /><in /><in /><in /><in /><in /><in /><in /><in /><in /><in /><in /><in /><in /><in /><in /><in /><in /><in /><in /><in /><in /><in /><in /><in /><in /><in /><in /><in /><in /><in /><in /><in /><in /><in /><in /><in /><in /><in /><in /><in /><in /><in /><in /><in /><in /><in /><in /><in /><in /><in /><in /><in /><in /><in /><in /><in /><in /><in /><in /><in /><in /><in /><in /><in /><in /><in /><in /><in /><in /><in /><in /><in /><in /><in /><in /><in /><in /><in /><in /><in /><in /><in /><in /><in /><in /><in /><in /><in /><in /><in /><in /><in /><in /><in /><in /><in /><in /><in /><in /><in /><in /><in /><in /><in /><in /><in /><in /><in /><in /><in /><in /><in /><in /><in /><in /><in /><in /><in /><in /><in /><in /><in /><in /><in /><in /><in /><in /><in /><in /><in /><in /><in /><in /><in /><in /><in /><in /><in /><in /><in /><in /><in /><in /><in /><in /><in /><in /><in /><in /><in /><in /><in /><in /><in /><in /><in /><in /><in /><in /><in /><in /><in /><in /><in /><in /><in /><in /><in /><in /><in /><in /><in /><in /><in /><in /><in /><in /><in /><in /><in /><in /><in /><in /><in /><in /><in /><in /><in /><in /><in /><in /><in /><in /><in /><in /><in /><in /><in /><in /><in /><in /><in /><in /><in /><in /><in /><in /><in /><in /><in /><in /><in /><in /><in /><in /><in /><in /><in /><in /><in /><in /><in /><in /><in /><in /><in /><in /><in /><in /><in /><in /><in /><in /><in /><in /><in /><in /><in /><in /><in /><in /><in /><in /><in /><in /><in /><in /><in /><in /><in /><in /><in /><in /><in /><in /><in /><in /><in /><in /><in /><in /><in /><in /><in /><in /><in /><in /><in /><in /><in /><in /><in /><in /><in /><in /><in /><in /><in /><in /><in /><in /><in /><in /><in /><in /><in /><in /><in /><in /><in /><in /><in /><in /><in /><in /><in /><in /><in /><in /><in /><in /><in /><in /><in /><in /><in /><in /><in /><in /><in /><in /><in /><in /><in /><in /><in /><in /><in /><in /><in /><in /><in /><in /><in /><in /><in /><in /><in /><in /><in /><in /><in /><in /><in /><in /><in /><in /><in /><in /><in /><in /><in /><in /><in /><in /><in /><in /><in /><in /><in /><in /><in /><in /><in /><in /><in /><in /><in /><in /><in /><in /><in /><in /><in /><in /><in /><in /><in /><in /><in /><in /><in /><in /><in /><in /><in /><in /><in /><in /><in /><in /><in /><in /><in /><in /><in /><in /><in /><in /><in /><in /><in /><in /><in /><in /><in /><in /><in /><in /><in /><in /><in /><in /><in /><in /><in /><in /><in /><in /><in /><in /><in /><in /><in /><in /><in /><in /><in /><in /><in /><in /><in /><in /><in /><in /><in /><in /><in /><in /><in /><in /><in /><in /><in /><in /><in /><in /><in /><in /><in /><in /><in /><in /><in /><in /><in /><in /><in /><in /><in /><in /><in /><in /><in /><in /><in /><in /><in /><in /><in /><in /><in /><in /><in /><in /><in /><in /><in /><in /><in /><in /><in /><in /><in /><in /><in /><in /><in /><in /><in /><in /><in /><in /><in /><in /><in /><in /><in /><in /><in /><in /><in /><in /><in /><in /><in /><in /><in /><in /><in /><in /><in /><in /><in /><in /><in /><in /><in /><in /><in /><in /><in /><in /><in /><in /><in /><in /><in /><in /><in /><in /><in /><in /><in /><in /><in /><in /><in /><in /><in /><in /><in /><in /><in /><in /><in /><in /><in /><in /><in /><in /><in /><in /><in /><in /><in /><in /><in /><in /><in /><in /><in /><in /><in /><in /><in /><in /><in /><in /><in /><in /><in /><in /><in /><in /><in /><in /><in /><in /><in /><in /><in /><in /><in /><in /><in /><in /><in /><in /><in /><in /><in /><in /><in /><in /><in /><in /><in /><in /><in /><in /><in /><in /><in /><in /><in /><in /><in /><in /><in /><in /><in /><in /><in /><in /><in /><in /><in /><in /><in /><in /><in /><in /><in /><in /><in /><in /><in /><in /><in /><in /><in /><in /><in /><in /><in /><in /><in /><in /><in /><in /><in /><in /><in /><in /><in /><in /><in /><in /><in /><in /><in /><in /><in /><in /><in /><in /><in /><in /><in /><in /><in /><in /><in /><in /><in /><in /><in /><in /><in /><in /><in /><in /><in /><in /><in /><in /><in /><in /><in /><in /><in /><in /><in /><in /><in /><in /><in /><in /><in /><in /><in /><in /><in /><in /><in /><in /><in /><in /><in /><in /><in /><in /><in /><in /><in /><in /><in /><in /><in /><in /><in /><in /><in /><in /><in /><in /><in /><in /><in /><in /><in /><in /><in /><in /><in /><in /><in /><in /><in /><in /><in /><in /><in /><in /><in /><in /><in /><in /><in /><in /><in /><in /><in /><in /><in /><in /><in /><in /><in /><in /><in /><in /><in /><in /><in /><in /><in /><in /><in /><in /><in /><in /><in /><in /><in /><in /><in /><in /><in /><in /><in /><in /><in /><in /><in /><in /><in /><in /><in /><in /><in /><in /><in /><in /><in /><in /><in /><in /><in /><in /><in /><in /><in /><in /><in /><in /><in /><in /><in /><in /><in /><in /><in /><in /><in /><in /><in /><in /><in /><in /><in /><in /><in /><in /><in /><in /><in /><in /><in /><in /><in /><in /><in /><in /><in /><in /><in /><in /><in /><in /></out>
  FAIL try-035: Variable $code is not defined.
  FAIL try-036: Result mismatch
    Expected: <out>OK</out>
    Got:      <out />
  FAIL try-037: Result mismatch
    Expected: <out>Caught</out>
    Got:      <out />
  PASS try-038
  FAIL try-039: Result mismatch
    Expected: error XPST0008
    Got:      <out>3.14159</out>
  FAIL try-040: Result mismatch
    Expected: (complex assertion)
    Got:      <out>-1</out>
  FAIL try-041: Result mismatch
    Expected: (complex assertion)
    Got:      <out>-1</out>
  FAIL try-042: Result mismatch
    Expected: (complex assertion)
    Got:      <out>-1</out>
  Done: try (42 tests, 10 passed, 25 failed, 7 skipped)
  Starting: backwards ...
  PASS backwards-001
  FAIL backwards-002: Result mismatch
    Expected: <out>1</out>
    Got:      <out>1 2 3 4 5</out>
  FAIL backwards-003: Result mismatch
    Expected: <out>1</out>
    Got:      <out>1 2 3 4 5</out>
  FAIL backwards-004: Result mismatch
    Expected: <out>1</out>
    Got:      <out>1 2 3 4 5</out>
  FAIL backwards-005: Result mismatch
    Expected: <out>1</out>
    Got:      <out>1 2 3 4 5</out>
  FAIL backwards-006: Result mismatch
    Expected: <out><one>1</one><two>1 2 3 4 5</two></out>
    Got:      <out><one>1 2 3 4 5</one><two>1 2 3 4 5</two></out>
  FAIL backwards-007: Result mismatch
    Expected: <out><one>1</one><two>1 2 3 4 5</two></out>
    Got:      <out><one>1 2 3 4 5</one><two>1 2 3 4 5</two></out>
  FAIL backwards-008: Result mismatch
    Expected: <out-two><out>1</out><two>1 2 3 4 5</two></out-two>
    Got:      <out-two><out>1 2 3 4 5</out><two>1 2 3 4 5</two></out-two>
  PASS backwards-009
  FAIL backwards-010: Result mismatch
    Expected: <out><one select="1"/><two select="1 2 3 4 5"/></out>
    Got:      <out><one select="1 2 3 4 5" /><two select="1 2 3 4 5" /></out>
  FAIL backwards-011: Result mismatch
    Expected: <out><one>1</one><two>1.2.3.4.5</two></out>
    Got:      <out><one>1.2.3.4.5</one><two>1.2.3.4.5</two></out>
  FAIL backwards-012: Result mismatch
    Expected: <out>5 4 3 2 1</out>
    Got:      <out />
  PASS backwards-013
  PASS backwards-014
  PASS backwards-015
  PASS backwards-016
  PASS backwards-020
  PASS backwards-021
  PASS backwards-022
  FAIL backwards-023: Cannot convert Undefined to integer
  PASS backwards-024
  FAIL backwards-025: Cannot convert Boolean to integer
  PASS backwards-026
  PASS backwards-027
  PASS backwards-028
  PASS backwards-029
  FAIL backwards-030: Result mismatch
    Expected: <out>true</out>
    Got:      <out>false</out>
  FAIL backwards-031: Result mismatch
    Expected: <out>true</out>
    Got:      <out>false</out>
  FAIL backwards-032: XPTY0004
  PASS backwards-033
  PASS backwards-034
  PASS backwards-035
  PASS backwards-036
  FAIL backwards-037: Result mismatch
    Expected: <out>1</out>
    Got:      <out>1 2 3 4 5</out>
  PASS backwards-038
  FAIL backwards-039: Result mismatch
    Expected: <out><k><item>1.00</item></k><k><item>1</item></k></out>
    Got:      <out><k><item>1.00</item></k><k><item>1</item></k><k><item>1</item></k></out>
  FAIL backwards-040: Result mismatch
    Expected: <out><item-found param="3"><item>1.00</item></item-found><item-found param="3"
            ><item>2.00</item></item-found><item-found param="3"><item>1</item></item-found><item-found param="3"
            ><item>2</item></item-found></out>
    Got:      <out><item-found param=""><item>1.00</item></item-found><item-found param=""><item>2.00</item></item-found><item-found param=""><item>1</item></item-found><item-found param=""><item>2</item></item-found></out>
  FAIL backwards-041: XPTY0004
  FAIL backwards-042: Result mismatch
    Expected: <out>1,2,3</out>
    Got:      <out>1</out>
  PASS backwards-043
  PASS backwards-044
  FAIL backwards-045: Result mismatch
    Expected: (complex assertion)
    Got:      <out><a1>true</a1><a2>true</a2><b1>false</b1><b2>false</b2><c1>1 2 3</c1><c2>1 2 3</c2><d1>false</d1><d2>false</d2></out>
  PASS backwards-046
  Done: backwards (47 tests, 22 passed, 21 failed, 4 skipped)
  Starting: bug ...
  PASS bug-0101
  PASS bug-0201
  PASS bug-0301
  PASS bug-0302
  FAIL bug-0303: Result mismatch
    Expected: <xsl:stylesheet xmlns:xsl="http://www.w3.org/1999/XSL/Transform" version="1.0"
            ><xsl:variable name="temp" select="3"/></xsl:stylesheet>
    Got:      <axsl:stylesheet xmlns:axsl="http://axsl.uri/" version="1.0"><axsl:variable xmlns:axsl="http://axsl.uri/" name="temp" select="3" /></axsl:stylesheet>
  FAIL bug-0305: Result mismatch
    Expected: <doc spec-changed="2004-12-01" test="attribute !! value">
    +<!--Comment  !!  text-->+
    +<?pi pi  !!  text?>+
    </doc>
    Got:      <doc spec-changed="2004-12-01" test="attribute !! value">
    +<!--Comment !! text-->+
    +<?pi pi !! text?>+
    </doc>
  PASS bug-0401
  FAIL bug-0601: Result mismatch
    Expected: <?xml version="1.0" encoding="UTF-8"?><xsl:stylesheet version="1.0" xmlns:xsl="http://www.w3.org/1999/XSL/Transform"><xsl:output method="text"/><xsl:template match="/">Test
<xsl:apply-templates mode="M1"/></xsl:template><xsl:template match="*" priority="4000" mode="M1"><xsl:if test="count(*)=0">In pattern childless:
   <xsl:text xml:space="preserve"> </xsl:text><xsl:value-of select="name(.)"/><xsl:text xml:space="preserve"> </xsl:text>has no child elements
</xsl:if><xsl:apply-templates mode="M1"/></xsl:template><xsl:template match="text()" priority="-1" mode="M1"/><xsl:template match="text()" priority="-1"/></xsl:stylesheet>
    Got:      <axsl:stylesheet xmlns:axsl="http://www.w3.org/1999/XSL/TransformAlias" version="1.0"><axsl:output xmlns:axsl="http://www.w3.org/1999/XSL/TransformAlias" method="text" /><axsl:template xmlns:axsl="http://www.w3.org/1999/XSL/TransformAlias" match="/">Test
<axsl:apply-templates xmlns:axsl="http://www.w3.org/1999/XSL/TransformAlias" mode="M1" /></axsl:template><axsl:template xmlns:axsl="http://www.w3.org/1999/XSL/TransformAlias" match="*" priority="4000" mode="M1"><axsl:if xmlns:axsl="http://www.w3.org/1999/XSL/TransformAlias" test="count(*)=0">In pattern childless:
   <axsl:text xmlns:axsl="http://www.w3.org/1999/XSL/TransformAlias" xml:space="preserve" /><axsl:value-of xmlns:axsl="http://www.w3.org/1999/XSL/TransformAlias" select="name(.)" /><axsl:text xmlns:axsl="http://www.w3.org/1999/XSL/TransformAlias" xml:space="preserve" />has no child elements
</axsl:if><axsl:apply-templates xmlns:axsl="http://www.w3.org/1999/XSL/TransformAlias" mode="M1" /></axsl:template><axsl:template xmlns:axsl="http://www.w3.org/1999/XSL/TransformAlias" match="text()" priority="-1" mode="M1" /><axsl:template xmlns:axsl="http://www.w3.org/1999/XSL/TransformAlias" match="text()" priority="-1" /></axsl:stylesheet>
  FAIL bug-0701: This operation would create an incorrectly structured document.
  PASS bug-0801
  PASS bug-1001
  PASS bug-1101
  PASS bug-1201
  PASS bug-1301
  PASS bug-1401
  FAIL bug-1402: Result mismatch
    Expected: (complex assertion)
    Got:      <a />
  PASS bug-1403
  FAIL bug-1404: Result mismatch
    Expected: <a><!--It's ( super )--></a>
    Got:      <a><!--It's (super)--></a>
  FAIL bug-1501: Result mismatch
    Expected: <out><ok>true</ok></out>
    Got:      <out><ok>false</ok></out>
  FAIL bug-1601: Result mismatch
    Expected: <out><ok>true</ok></out>
    Got:      <out><ok>false</ok></out>
  PASS bug-1701
  PASS bug-1801
  PASS bug-1802
  PASS bug-1901
  PASS bug-2001
  PASS bug-2101
  PASS bug-2102
  PASS bug-2301
  PASS bug-2401
  FAIL bug-2501: Result mismatch
    Expected: <out xmlns:m="urn:non-null-namespace">
* <item month="Jan"/>
* <item month="Apr"/>
* <item month="May"/>
* <item month="Nov"/>
* <item month="Dec"/></out>
    Got:      <out>
* <item month="May" />
* <item month="Dec" />
* <item month="Jan" />
* <item month="Apr" />
* <item month="Nov" /></out>
  PASS bug-2502
  FAIL bug-2601: Result mismatch
    Expected: <?xml version="1.0" encoding="UTF-8"?><out>
--------------
    level1--
--------------

--------------
    level2--level1::
--------------

--------------
    level3--level2::level1::
--------------
</out>
    Got:      <out>
--------------
    level1--
--------------

--------------
    level2--level1::
--------------

--------------
    level3--level1::level2::
--------------
</out>
  FAIL bug-2701: Document not found: file:///d:/Development/Bosak/tests/xslt30-test/tests/misc/bug/(sequence)
  PASS bug-2702
  PASS bug-2703
  FAIL bug-2801: Result mismatch
    Expected: <out>1.0E12</out>
    Got:      <out>1000000000000</out>
  PASS bug-2901
  PASS bug-3301
  PASS bug-3401
  PASS bug-3501
  FAIL bug-3601: Result mismatch
    Expected: <?xml version="1.0" encoding="UTF-8"?><x:stylesheet version="1.0" xmlns:x="http://www.w3.org/1999/XSL/Transform"><x:template match="/"><x:value-of select="foobar"/></x:template><x:include href="include1.xsl"/><x:include href="include2.xsl"/></x:stylesheet>
    Got:      <xsl:stylesheet xmlns:xsl="http://anything/" version="1.0"><xsl:template xmlns:xsl="http://anything/" match="/"><xsl:value-of xmlns:xsl="http://anything/" select="foobar" /></xsl:template><xsl:include xmlns:xsl="http://anything/" href="include1.xsl" /><xsl:include xmlns:xsl="http://anything/" href="include2.xsl" /></xsl:stylesheet>
  FAIL bug-3701: Result mismatch
    Expected: <?xml version="1.0" encoding="UTF-8"?><crossref><chapter id="appa"><name>EMP</name><name>Examples</name><name>F</name><name>HTTP</name><name>HTTP_PROXY</name><name>ITEM</name><name>P</name><name>PropertyHelper</name><name>SetProxy</name><name>T</name><name>TEMP</name><name>TEST</name><name>XML</name><name>XMLDOC</name><name>XMLDOM</name><name>XMLPARSER</name><name>XML_DOCUMENTS</name><name>XML_HTTP</name><name>XPATH</name><name>XSLPROCESSOR</name><name>XSLT</name></chapter><chapter id="appb"><name>AIRPORT</name><name>BAR</name><name>CITY</name><name>EMP</name><name>Examples</name><name>F</name><name>HTTP</name><name>ITEM</name><name>LOG</name><name>OracleXML</name><name>P</name><name>PERSON</name><name>T</name><name>TEST</name><name>VISIT</name><name>XML</name><name>XMLPARSER</name><name>XSLT</name></chapter><chapter id="appc"><name>F</name><name>P</name><name>T</name><name>XML</name></chapter><chapter id="appd"><name>F</name><name>HTTP</name><name>LOG</name><name>P</name><name>T</name><name>XML</name><name>XPATH</name><name>XSLT</name></chapter><chapter id="book"><name>AUTHOR</name><name>F</name><name>OracleXML</name><name>P</name><name>PERSON</name><name>PRODUCT</name><name>STEVE</name><name>T</name><name>XML</name></chapter><chapter id="ch00"><name>AUTHOR</name><name>DEPT</name><name>EMP</name><name>Examples</name><name>F</name><name>FORUM</name><name>HTTP</name><name>ITEM</name><name>LOG</name><name>MESSAGE</name><name>OracleXML</name><name>P</name><name>PATIENT</name><name>PERSON</name><name>PRODUCT</name><name>T</name><name>TEAM</name><name>TEMP</name><name>TEST</name><name>XML</name><name>XMLDOC</name><name>XPATH</name><name>XSLT</name></chapter><chapter id="ch01"><name>AUTHOR</name><name>BUG</name><name>CITY</name><name>COUNTRY</name><name>DBXML</name><name>Debug</name><name>EMP</name><name>Examples</name><name>F</name><name>FACILITY</name><name>HTTP</name><name>ITEM</name><name>LOG</name><name>MESSAGE</name><name>P</name><name>PRODUCT</name><name>RULE</name><name>SHOP</name><name>STATE</name><name>T</name><name>TEAM</name><name>TEMP</name><name>TEST</name><name>XML</name><name>XMLDOC</name><name>XPATH</name><name>XSLT</name></chapter><chapter id="ch02"><name>AUTHOR</name><name>BAR</name><name>BUG</name><name>Debug</name><name>EMP</name><name>Examples</name><name>F</name><name>HTTP</name><name>ITEM</name><name>LOG</name><name>MESSAGE</name><name>P</name><name>PRODUCT</name><name>QUOTES</name><name>RULE</name><name>STEVE</name><name>T</name><name>TEMP</name><name>TEST</name><name>VISIT</name><name>XML</name><name>XMLPARSER</name><name>XPATH</name><name>XSLT</name></chapter><chapter id="ch03"><name>BUG</name><name>Debug</name><name>EMP</name><name>Examples</name><name>F</name><name>FACILITY</name><name>FAQ_TABLE</name><name>HTTP</name><name>ITEM</name><name>LOG</name><name>MESSAGE</name><name>P</name><name>PERSON</name><name>PRODUCT</name><name>RULE</name><name>STATE</name><name>STEVE</name><name>T</name><name>TEAM</name><name>TEMP</name><name>XML</name><name>XPATH</name><name>XSLT</name></chapter><chapter id="ch04"><name>BAR</name><name>BUG</name><name>Debug</name><name>EMP</name><name>Examples</name><name>F</name><name>FACILITY</name><name>FORUM</name><name>HTTP</name><name>ITEM</name><name>LOG</name><name>MESSAGE</name><name>P</name><name>PERSON</name><name>PRODUCT</name><name>STATE</name><name>T</name><name>TEMP</name><name>TEST</name><name>XML</name><name>XMLPARSER</name><name>XPATH</name><name>XSLT</name></chapter><chapter id="ch05"><name>ACCEPTED_SUBMISSION</name><name>ACCEPTED_SUBMISSION_SEQ</name><name>AIRPORT</name><name>AIRPORTDESCRIPTION</name><name>AUTHOR</name><name>BAD_XML_DOCUMENTS</name><name>BOOKS</name><name>CHECKXMLINCLOB</name><name>COUNTRY</name><name>DEPT</name><name>EMP</name><name>Examples</name><name>F</name><name>FACILITY</name><name>HANDLENEWSUBMISSION</name><name>HANDLETODAYSSUBMISSIONS</name><name>HTTP</name><name>IDATTRIBUTEOFDOCELEMENT</name><name>INSERTXMLFILE</name><name>INS_CLAIM</name><name>INS_CLAIM_PAYMENT</name><name>ITEM</name><name>LOADRULESETFROMFILE</name><name>LOG</name><name>MESSAGE</name><name>MOVEBADXMLDOCUMENTS</name><name>NEWSSTORY</name><name>OracleXML</name><name>P</name><name>POSTNEWSSTORY</name><name>PRODUCT</name><name>PropertyHelper</name><name>RULE</name><name>RULESET</name><name>RULESET_SEQ</name><name>RULE_PK</name><name>SENDEMAIL</name><name>SetProxy</name><name>STATE</name><name>STEVE</name><name>SUBMISSIONXML</name><name>T</name><name>TEMP</name><name>TEST</name><name>XML</name><name>XMLDOC</name><name>XMLDocuments</name><name>XMLDOM</name><name>XMLGEN</name><name>XMLPARSER</name><name>XMLQ</name><name>XML_CLAIM</name><name>XML_DOCUMENTS</name><name>XML_DOCUMENTS_TIMESTAMP</name><name>XML_HTTP</name><name>XML_MESSAGE</name><name>XML_MSG_QUEUE</name><name>XML_MSG_QUEUETABLE</name><name>XPATH</name><name>XPATH_RULES</name><name>XPATH_RULES_ADMIN</name><name>XSLPROCESSOR</name><name>XSLT</name></chapter><chapter id="ch06"><name>ACCESS_LOG</name><name>AUTHOR</name><name>BAR</name><name>BUG</name><name>CaptureQuotes</name><name>CITY</name><name>COURSE_ASSIGNMENTS</name><name>Debug</name><name>DOCTOR</name><name>EMP</name><name>Enrollment</name><name>EnrollmentWriter</name><name>ENROLLMENTXML</name><name>Examples</name><name>F</name><name>FACILITY</name><name>FOO</name><name>FORUM</name><name>HTTP</name><name>INSERT_QUOTE</name><name>ITEM</name><name>JTidyConverter</name><name>LATEST_QUOTES</name><name>LATEST_QUOTES_IDX</name><name>LOG</name><name>MESSAGE</name><name>NEWSSTORY</name><name>OracleXML</name><name>P</name><name>PRODUCT</name><name>QUOTES</name><name>ReadCLOB</name><name>RULE</name><name>RULESET</name><name>SetProxy</name><name>STATE</name><name>STEVE</name><name>T</name><name>TEMP</name><name>TemporaryCLOB</name><name>TEST</name><name>TestXMLDocURL</name><name>URLUtils</name><name>VISIT</name><name>WriteCLOB</name><name>XML</name><name>XMLDOC</name><name>XMLDocuments</name><name>XMLDOCURL</name><name>XMLDocURLConnection</name><name>XMLDocURLStreamHandler</name><name>XMLDocURLStreamHandlerFactory</name><name>XMLDOM</name><name>XMLHelper</name><name>XMLPARSER</name><name>XMLQ</name><name>XML_DOCUMENTS</name><name>XML_MESSAGE</name><name>XML_MSG_QUEUE</name><name>XPATH</name><name>XSLPROCESSOR</name><name>XSLT</name><name>YAHOOQUOTES</name></chapter><chapter id="ch07"><name>BUG</name><name>CITY</name><name>Debug</name><name>DEPT</name><name>EMP</name><name>Examples</name><name>F</name><name>HTTP</name><name>ITEM</name><name>LOG</name><name>MESSAGE</name><name>P</name><name>PRODUCT</name><name>RULE</name><name>T</name><name>TEMP</name><name>TEST</name><name>XML</name><name>XPATH</name><name>XSLT</name></chapter><chapter id="ch08"><name>AIRPORT</name><name>AUTHOR</name><name>BAR</name><name>BOOKMARK</name><name>BUG</name><name>CITY</name><name>COUNTRY</name><name>Debug</name><name>DEPT</name><name>DOCTOR</name><name>EMP</name><name>Examples</name><name>F</name><name>HTTP</name><name>ITEM</name><name>LOG</name><name>MESSAGE</name><name>OracleXML</name><name>P</name><name>PERSON</name><name>PORTFOLIO_STOCKS</name><name>PRODUCT</name><name>QUOTES</name><name>RULE</name><name>STATE</name><name>STEVE</name><name>T</name><name>TEMP</name><name>TEST</name><name>XML</name><name>XPATH</name><name>XSLT</name></chapter><chapter id="ch09"><name>BUG</name><name>DEPT</name><name>EMP</name><name>Examples</name><name>F</name><name>FACILITY</name><name>FOO</name><name>HTTP</name><name>ITEM</name><name>LOG</name><name>MAKER</name><name>MESSAGE</name><name>P</name><name>PERSON</name><name>PRODUCT</name><name>QUOTES</name><name>RULE</name><name>SHOP</name><name>STATE</name><name>STEVE</name><name>T</name><name>TEAM</name><name>TEMP</name><name>TEST</name><name>XML</name><name>XMLDOC</name><name>XPATH</name><name>XSLPROCESSOR</name><name>XSLT</name></chapter><chapter id="ch10"><name>AUTHOR</name><name>BAR</name><name>BUG</name><name>CITY</name><name>COUNTRY</name><name>DBXML</name><name>Debug</name><name>DOCTOR</name><name>EMP</name><name>Examples</name><name>F</name><name>FACILITY</name><name>HTTP</name><name>ITEM</name><name>LOG</name><name>P</name><name>PATIENT</name><name>PATIENTPROFILE</name><name>PORTFOLIO_STOCKS</name><name>PRODUCT</name><name>QUOTES</name><name>STATE</name><name>STATEPROFILE</name><name>STOCKQUOTESDBXML</name><name>STOCKQUOTESDBXMLBASIC</name><name>T</name><name>TEMP</name><name>TEST</name><name>VISIT</name><name>XML</name><name>XMLHelper</name><name>XMLQ</name><name>XMLQUOTESFORSTOCKSINPORTFOLIO</name></chapter><chapter id="ch11"><name>AIRPORT</name><name>BUG</name><name>CLIENT_TABLE</name><name>Debug</name><name>DEPT</name><name>DOCTOR</name><name>EMP</name><name>Examples</name><name>F</name><name>HTTP</name><name>ITEM</name><name>MESSAGE</name><name>OracleXML</name><name>P</name><name>PORTFOLIO_STOCKS</name><name>PRODUCT</name><name>QUOTES</name><name>STATE</name><name>T</name><name>TEMP</name><name>TEST</name><name>XML</name><name>XMLDOC</name><name>XMLDOM</name><name>XMLQ</name><name>XPATH</name></chapter><chapter id="ch12"><name>AIRPORT</name><name>AUTHOR</name><name>AUTHORIZATION_REQUEST</name><name>AUTHORIZATION_REQUEST_BEFINS</name><name>AUTHORIZATION_REQUEST_SEQ</name><name>AUTHORSEQ</name><name>AUTHOR_TABLE</name><name>BAR</name><name>BOOKS</name><name>BOOK_T</name><name>BOOK_TABLE</name><name>DEPT</name><name>DIMENSION_TYPE</name><name>EMP</name><name>Examples</name><name>F</name><name>FOO</name><name>HTTP</name><name>IMAGEGROUP_TYPE</name><name>INSTEAD_OF_INSERT_ON_BOOKS</name><name>ITEM</name><name>LOG</name><name>MESSAGE</name><name>NEWSSTORY</name><name>NEWSSTORYVIEW</name><name>NEWSSTORY_AUTOID</name><name>NEWSSTORY_ID_SEQ</name><name>OracleXML</name><name>P</name><name>PERSON</name><name>PRODUCT</name><name>STATE</name><name>STEVE</name><name>T</name><name>TEMP</name><name>TEST</name><name>WEIGHT_TYPE</name><name>XML</name><name>XMLDOC</name><name>XMLDOM</name><name>XMLQ</name><name>XPATH</name><name>XSLPROCESSOR</name><name>XSLT</name></chapter><chapter id="ch13"><name>AUTHOR</name><name>BOOKS</name><name>CITY</name><name>DEPT</name><name>EMP</name><name>Examples</name><name>F</name><name>HTTP</name><name>ITEM</name><name>LOG</name><name>MESSAGE</name><name>P</name><name>PERSON</name><name>PRODUCT</name><name>STATE</name><name>T</name><name>TEMP</name><name>TEST</name><name>XML</name><name>XMLDOC</name><name>XMLDOC_IDX</name><name>XML_DOCUMENTS</name><name>XPATH</name><name>XSLT</name></chapter><chapter id="ch14"><name>BUG</name><name>DEPT</name><name>EMP</name><name>Examples</name><name>F</name><name>FACILITY</name><name>HTTP</name><name>ITEM</name><name>LOG</name><name>NEWSSTORY</name><name>OracleXML</name><name>P</name><name>SITE_NEWSSTORY</name><name>T</name><name>TEMP</name><name>URLUtils</name><name>XML</name><name>XMLDOC</name><name>XMLDocuments</name><name>XPATH</name><name>XSLPROCESSOR</name><name>XSLT</name></chapter><chapter id="ch15"><name>AIRPORT</name><name>BAR</name><name>DEPT</name><name>DEPTOREMP</name><name>EMP</name><name>Examples</name><name>F</name><name>FACILITY</name><name>FOO</name><name>FORUM</name><name>HTTP</name><name>ITEM</name><name>LATESTNEWS</name><name>LOG</name><name>MESSAGE</name><name>MYDYNAMICQUERYPACKAGE</name><name>P</name><name>PRODUCT</name><name>RULE</name><name>SHOP</name><name>SITE_USERS</name><name>STATE</name><name>T</name><name>TEMP</name><name>TEST</name><name>USER_PREFS</name><name>XML</name><name>XMLDOC</name><name>XML_BUSINESS_MESSAGES</name><name>XPATH</name><name>XSLT</name></chapter><chapter id="ch16"><name>AUTHOR</name><name>BAR</name><name>BUG</name><name>CUSTOMER_ID_SEQ</name><name>Debug</name><name>DEPT</name><name>EMP</name><name>Examples</name><name>F</name><name>FOO</name><name>HTTP</name><name>ITEM</name><name>JTidyConverter</name><name>LOG</name><name>MESSAGE</name><name>P</name><name>PRODUCT</name><name>QUOTES</name><name>STATE</name><name>STEVE</name><name>T</name><name>TEMP</name><name>TEST</name><name>XML</name><name>XMLDOC</name><name>XPATH</name><name>XSLT</name><name>YAHOOQUOTES</name></chapter><chapter id="ch17"><name>AUTHOR</name><name>BAR</name><name>BOOKS</name><name>BUG</name><name>Debug</name><name>EMP</name><name>Examples</name><name>F</name><name>FACILITY</name><name>FEATURED_ITEMS</name><name>FORUM</name><name>FORUMID</name><name>FORUMSEARCH</name><name>FORUM_ID_TRIG</name><name>FORUM_NEW_TOPIC</name><name>FORUM_NEW_TOPIC_INS</name><name>FORUM_PK</name><name>FORUM_TOPIC</name><name>FORUM_TOPICID_TRIG</name><name>FORUM_TOPIC_PK</name><name>FORUM_TOPIC_POSTING</name><name>FORUM_TOPIC_POSTINGID_TRIG</name><name>FORUM_TOPIC_POSTING_IDX</name><name>FORUM_TOPIC_POSTING_PK</name><name>FORUM_TOPIC_TITLE_IDX</name><name>FORUM_USER</name><name>FORUM_USER_PK</name><name>HTTP</name><name>ITEM</name><name>LATESTNEWS</name><name>LATEST_QUOTES</name><name>LOG</name><name>MAKER</name><name>MESSAGE</name><name>NEWSSTORY</name><name>P</name><name>PERSON</name><name>PRODUCT</name><name>QUOTES</name><name>REFRESHALLLATESTQUOTES</name><name>RULE</name><name>SHOP</name><name>SITE_NEWSCATEGORY</name><name>SITE_NEWSCATPK</name><name>SITE_NEWSSTORY</name><name>SITE_NEWSSTORYPK</name><name>STATE</name><name>T</name><name>TEAM</name><name>TEMP</name><name>TEST</name><name>USER_NEWS_CATEGORIES</name><name>USER_PREFS</name><name>USER_PREFS_INS</name><name>USER_PREFS_PK</name><name>USER_PREFS_VIEW</name><name>USER_STOCKS</name><name>VISIT</name><name>XML</name><name>XPATH</name><name>XSLT</name><name>YAHOOQUOTES</name></chapter></crossref>
    Got:      <crossref />
  PASS bug-3901
  PASS bug-4101
  PASS bug-4201
  PASS bug-4301
  FAIL bug-4401: Result mismatch
    Expected: <?xml version="1.0" encoding="UTF-8"?><doc><sss>bits</sss><sss>bits</sss><sss>breadth</sss><sss>breadth</sss><sss>cond</sss><sss>cond</sss><sss>dec</sss><sss>dec</sss><sss>faces</sss><sss>faces</sss><sss>form</sss><sss>form</sss><sss>height</sss><sss>height</sss><sss>material</sss><sss>material</sss><sss>number</sss><sss>number</sss><sss>plot</sss><sss>plot</sss><sss>width</sss><sss>width</sss><sss>zona</sss><sss>zona</sss></doc>
    Got:      <doc />
  PASS bug-4501
  PASS bug-4601
  PASS bug-4701
  FAIL bug-4702: Result mismatch
    Expected: error XTRE0540
    Got:      <doc />
  PASS bug-4801
  PASS bug-4901
  PASS bug-5001
  PASS bug-5101
  FAIL bug-5201: Result mismatch
    Expected: <ok/>
    Got:      <bad />
  PASS bug-5301
  FAIL bug-5302: Result mismatch
    Expected: <o a="1"/>
    Got:      <o />
  PASS bug-5401
  PASS bug-5501
  PASS bug-5701
  PASS bug-5801
  PASS bug-5802
  FAIL bug-5901: Result mismatch
    Expected: <?xml version="1.0" encoding="UTF-8"?><out><sources>Application Code<folder n="Business Services"/><folder n="Java Sources"/><folder n="Business Objects"/><folder n="Data Access Components"/><folder n="Custom Datatypes"/></sources><sources>Application Code<folder n="Java Sources"/></sources><sources>Application Code<folder n="Java Sources"/></sources><sources>Application Code<folder n="Java Sources"/><folder n="Data Access Components"/></sources></out>
    Got:      <out><sources n="Application Code">Application Code<folder n="Business Services" /><folder n="Java Sources" /><folder n="Business Objects" /><folder n="Data Access Components" /><folder n="Custom Datatypes" /></sources><sources n="Application Code">Application Code<folder n="Java Sources" /></sources><sources n="Application Code">Application Code<folder n="Java Sources" /></sources><sources n="Application Code">Application Code<folder n="Java Sources" /><folder n="Data Access Components" /></sources></out>
  PASS bug-6001
  PASS bug-6101
  FAIL bug-6201: Cannot convert String to integer
  PASS bug-6301
  PASS bug-6401
  Done: bug (86 tests, 49 passed, 20 failed, 17 skipped)
  Starting: built-in-templates ...
  PASS built-in-templates-0101
  PASS built-in-templates-0102
  FAIL built-in-templates-0201: Result mismatch
    Expected: <out>
	processing-instruction-CORRECT!

	empty-CORRECT!
	Param:true
	Param:true
	Print this only once.
</out>
    Got:      <out>
	processing-instruction-CORRECT!

	empty-CORRECT!
	Param:false
	Param:false
	Print this only once.
</out>
  FAIL built-in-templates-0202: Result mismatch
    Expected: <?xml version="1.0" encoding="UTF-8"?><out>
	processing-instruction-CORRECT!

	empty-CORRECT!
	Param1:Temporaty tree
	Param2:Temporaty tree
	Param1 is string:false
	Param2 is string:true
	Param1 nodes: param temp </out>
    Got:      <out>
	processing-instruction-CORRECT!

	empty-CORRECT!
	Param1:
	Param2:
	Param1 is string:false
	Param2 is string:false
	Param1 nodes:</out>
  PASS built-in-templates-0301
  Done: built-in-templates (6 tests, 3 passed, 2 failed, 1 skipped)
  Starting: catalog ...
  FAIL catalog-002: Document not found: file:///d:/Development/Bosak/tests/xslt30-test/tests/misc/catalog/(sequence)
  FAIL catalog-003: Document not found: file:///d:/Development/Bosak/tests/xslt30-test/tests/misc/catalog/(sequence)
  FAIL catalog-004: Document not found: file:///d:/Development/Bosak/tests/xslt30-test/tests/misc/catalog/(sequence)
  FAIL catalog-006: Document not found: file:///d:/Development/Bosak/tests/xslt30-test/tests/misc/catalog/(sequence)
  FAIL catalog-007: Document not found: file:///d:/Development/Bosak/tests/xslt30-test/tests/misc/catalog/(sequence)
  FAIL catalog-008: Result mismatch
    Expected: (complex assertion)
    Got:      <out>
  <absentFromSyntax></absentFromSyntax>
  <absentFromSchema>(sequence)/@(sequence) (sequence)/@(sequence) (sequence)/@(sequence) (sequence)/@(sequence) (sequence)/@(sequence) (sequence)/@(sequence) (sequence)/@(sequence) (sequence)/@(sequence) (sequence)/@(sequence) (sequence)/@(sequence) (sequence)/@(sequence) (sequence)/@(sequence) (sequence)/@(sequence) (sequence)/@(sequence) (sequence)/@(sequence) (sequence)/@(sequence) (sequence)/@(sequence) (sequence)/@(sequence) (sequence)/@(sequence) (sequence)/@(sequence) (sequence)/@(sequence) (sequence)/@(sequence) (sequence)/@(sequence) (sequence)/@(sequence) (sequence)/@(sequence) (sequence)/@(sequence) (sequence)/@(sequence) (sequence)/@(sequence) (sequence)/@(sequence) (sequence)/@(sequence) (sequence)/@(sequence) (sequence)/@(sequence) (sequence)/@(sequence) (sequence)/@(sequence) (sequence)/@(sequence) (sequence)/@(sequence) (sequence)/@(sequence) (sequence)/@(sequence) (sequence)/@(sequence) (sequence)/@(sequence) (sequence)/@(sequence) (sequence)/@(sequence) (sequence)/@(sequence) (sequence)/@(sequence) (sequence)/@(sequence) (sequence)/@(sequence) (sequence)/@(sequence) (sequence)/@(sequence) (sequence)/@(sequence) (sequence)/@(sequence) (sequence)/@(sequence) (sequence)/@(sequence) (sequence)/@(sequence) (sequence)/@(sequence) (sequence)/@(sequence) (sequence)/@(sequence) (sequence)/@(sequence) (sequence)/@(sequence) (sequence)/@(sequence) (sequence)/@(sequence) (sequence)/@(sequence) (sequence)/@(sequence) (sequence)/@(sequence) (sequence)/@(sequence) (sequence)/@(sequence) (sequence)/@(sequence) (sequence)/@(sequence) (sequence)/@(sequence) (sequence)/@(sequence) (sequence)/@(sequence) (sequence)/@(sequence) (sequence)/@(sequence) (sequence)/@(sequence) (sequence)/@(sequence) (sequence)/@(sequence) (sequence)/@(sequence) (sequence)/@(sequence) (sequence)/@(sequence) (sequence)/@(sequence) (sequence)/@(sequence) (sequence)/@(sequence) (sequence)/@(sequence) (sequence)/@(sequence) (sequence)/@(sequence) (sequence)/@(sequence) (sequence)/@(sequence) (sequence)/@(sequence) (sequence)/@(sequence) (sequence)/@(sequence) (sequence)/@(sequence) (sequence)/@(sequence) (sequence)/@(sequence) (sequence)/@(sequence) (sequence)/@(sequence) (sequence)/@(sequence) (sequence)/@(sequence) (sequence)/@(sequence) (sequence)/@(sequence) (sequence)/@(sequence) (sequence)/@(sequence) (sequence)/@(sequence) (sequence)/@(sequence) (sequence)/@(sequence) (sequence)/@(sequence) (sequence)/@(sequence) (sequence)/@(sequence) (sequence)/@(sequence) (sequence)/@(sequence) (sequence)/@(sequence) (sequence)/@(sequence) (sequence)/@(sequence) (sequence)/@(sequence) (sequence)/@(sequence) (sequence)/@(sequence) (sequence)/@(sequence) (sequence)/@(sequence) (sequence)/@(sequence) (sequence)/@(sequence) (sequence)/@(sequence) (sequence)/@(sequence) (sequence)/@(sequence) (sequence)/@(sequence) (sequence)/@(sequence) (sequence)/@(sequence) (sequence)/@(sequence) (sequence)/@(sequence) (sequence)/@(sequence) (sequence)/@(sequence) (sequence)/@(sequence) (sequence)/@(sequence) (sequence)/@(sequence) (sequence)/@(sequence) (sequence)/@(sequence) (sequence)/@(sequence) (sequence)/@(sequence) (sequence)/@(sequence) (sequence)/@(sequence) (sequence)/@(sequence) (sequence)/@(sequence) (sequence)/@(sequence) (sequence)/@(sequence) (sequence)/@(sequence) (sequence)/@(sequence) (sequence)/@(sequence) (sequence)/@(sequence) (sequence)/@(sequence) (sequence)/@(sequence) (sequence)/@(sequence) (sequence)/@(sequence) (sequence)/@(sequence) (sequence)/@(sequence) (sequence)/@(sequence) (sequence)/@(sequence) (sequence)/@(sequence) (sequence)/@(sequence) (sequence)/@(sequence) (sequence)/@(sequence) (sequence)/@(sequence) (sequence)/@(sequence) (sequence)/@(sequence) (sequence)/@(sequence) (sequence)/@(sequence) (sequence)/@(sequence) (sequence)/@(sequence) (sequence)/@(sequence) (sequence)/@(sequence) (sequence)/@(sequence) (sequence)/@(sequence) (sequence)/@(sequence) (sequence)/@(sequence) (sequence)/@(sequence) (sequence)/@(sequence) (sequence)/@(sequence) (sequence)/@(sequence) (sequence)/@(sequence) (sequence)/@(sequence) (sequence)/@(sequence) (sequence)/@(sequence) (sequence)/@(sequence) (sequence)/@(sequence) (sequence)/@(sequence) (sequence)/@(sequence) (sequence)/@(sequence) (sequence)/@(sequence) (sequence)/@(sequence) (sequence)/@(sequence) (sequence)/@(sequence) (sequence)/@(sequence) (sequence)/@(sequence) (sequence)/@(sequence) (sequence)/@(sequence) (sequence)/@(sequence) (sequence)/@(sequence) (sequence)/@(sequence) (sequence)/@(sequence) (sequence)/@(sequence) (sequence)/@(sequence) (sequence)/@(sequence) (sequence)/@(sequence) (sequence)/@(sequence) (sequence)/@(sequence) (sequence)/@(sequence) (sequence)/@(sequence) (sequence)/@(sequence) (sequence)/@(sequence) (sequence)/@(sequence) (sequence)/@(sequence) (sequence)/@(sequence) (sequence)/@(sequence) (sequence)/@(sequence) (sequence)/@(sequence) (sequence)/@(sequence) (sequence)/@(sequence) (sequence)/@(sequence) (sequence)/@(sequence) (sequence)/@(sequence) (sequence)/@(sequence) (sequence)/@(sequence) (sequence)/@(sequence) (sequence)/@(sequence) (sequence)/@(sequence) (sequence)/@(sequence) (sequence)/@(sequence) (sequence)/@(sequence) (sequence)/@(sequence) (sequence)/@(sequence) (sequence)/@(sequence) (sequence)/@(sequence) (sequence)/@(sequence) (sequence)/@(sequence) (sequence)/@(sequence) (sequence)/@(sequence) (sequence)/@(sequence) (sequence)/@(sequence) (sequence)/@(sequence) (sequence)/@(sequence) (sequence)/@(sequence) (sequence)/@(sequence) (sequence)/@(sequence) (sequence)/@(sequence) (sequence)/@(sequence) (sequence)/@(sequence) (sequence)/@(sequence) (sequence)/@(sequence) (sequence)/@(sequence) (sequence)/@(sequence) (sequence)/@(sequence) (sequence)/@(sequence) (sequence)/@(sequence) (sequence)/@(sequence) (sequence)/@(sequence) (sequence)/@(sequence) (sequence)/@(sequence) (sequence)/@(sequence) (sequence)/@(sequence) (sequence)/@(sequence) (sequence)/@(sequence) (sequence)/@(sequence) (sequence)/@(sequence) (sequence)/@(sequence) (sequence)/@(sequence) (sequence)/@(sequence) (sequence)/@(sequence) (sequence)/@(sequence)</absentFromSchema>
</out>
  FAIL catalog-012: Document not found: file:///d:/Development/Bosak/tests/xslt30-test/tests/misc/catalog/(sequence)
  Done: catalog (13 tests, 0 passed, 7 failed, 6 skipped)
  Starting: collations ...
  FAIL collations-0101: Result mismatch
    Expected: <?xml version="1.0" encoding="UTF-8"?><out><w>THE</w><w>tHoRoUgH</w><w>THOROUGH</w><w>thOU</w><w>thou</w><w>Thou</w><w>THOUGH</w><w>though</w><w>THOUGHT</w><w>ThoughtFul</w><w>THOUGHTFULNESS</w><w>thoughts</w><w>touGH</w><w>tROUGH</w></out>
    Got:      <out><w>THE</w><w>THOROUGH</w><w>THOUGH</w><w>THOUGHT</w><w>THOUGHTFULNESS</w><w>Thou</w><w>ThoughtFul</w><w>tHoRoUgH</w><w>tROUGH</w><w>thOU</w><w>thou</w><w>though</w><w>thoughts</w><w>touGH</w></out>
  FAIL collations-0102: Result mismatch
    Expected: <?xml version="1.0" encoding="UTF-8"?><out><w>tROUGH</w><w>touGH</w><w>thoughts</w><w>THOUGHTFULNESS</w><w>ThoughtFul</w><w>THOUGHT</w><w>THOUGH</w><w>though</w><w>thOU</w><w>thou</w><w>Thou</w><w>tHoRoUgH</w><w>THOROUGH</w><w>THE</w></out>
    Got:      <out><w>touGH</w><w>thoughts</w><w>though</w><w>thou</w><w>thOU</w><w>tROUGH</w><w>tHoRoUgH</w><w>ThoughtFul</w><w>Thou</w><w>THOUGHTFULNESS</w><w>THOUGHT</w><w>THOUGH</w><w>THOROUGH</w><w>THE</w></out>
  FAIL collations-0103: Result mismatch
    Expected: <?xml version="1.0" encoding="UTF-8"?><out><group><word>thoughts</word></group
   ><group><word>THOUGH</word><word>though</word></group
   ><group><word>thOU</word><word>thou</word><word>Thou</word></group
   ><group><word>ThoughtFul</word></group
   ><group><word>THOUGHTFULNESS</word></group
   ><group><word>tHoRoUgH</word><word>THOROUGH</word></group
   ><group><word>touGH</word></group
   ><group><word>tROUGH</word></group
   ><group><word>THE</word></group
   ><group><word>THOUGHT</word></group></out>
    Got:      <out><group><word>thoughts</word></group><group><word>THOUGH</word></group><group><word>thOU</word></group><group><word>ThoughtFul</word></group><group><word>THOUGHTFULNESS</word></group><group><word>tHoRoUgH</word></group><group><word>touGH</word></group><group><word>tROUGH</word></group><group><word>THE</word></group><group><word>thou</word></group><group><word>THOUGHT</word></group><group><word>though</word></group><group><word>Thou</word></group><group><word>THOROUGH</word></group></out>
  FAIL collations-0104: Result mismatch
    Expected: <?xml version="1.0" encoding="UTF-8"?><out><group><word>thoughts</word></group
   ><group><word>THOUGH</word><word>though</word></group
   ><group><word>thOU</word><word>thou</word><word>Thou</word></group
   ><group><word>ThoughtFul</word></group
   ><group><word>THOUGHTFULNESS</word></group
   ><group><word>tHoRoUgH</word><word>THOROUGH</word></group
   ><group><word>touGH</word></group
   ><group><word>tROUGH</word></group
   ><group><word>THE</word></group
   ><group><word>THOUGHT</word></group></out>
    Got:      <out><group><word>thoughts</word></group><group><word>THOUGH</word></group><group><word>thOU</word></group><group><word>ThoughtFul</word></group><group><word>THOUGHTFULNESS</word></group><group><word>tHoRoUgH</word></group><group><word>touGH</word></group><group><word>tROUGH</word></group><group><word>THE</word></group><group><word>thou</word></group><group><word>THOUGHT</word></group><group><word>though</word></group><group><word>Thou</word></group><group><word>THOROUGH</word></group></out>
  FAIL collations-0105: Result mismatch
    Expected: <out>thOU thou Thou</out>
    Got:      <out>thou</out>
  FAIL collations-0106: Result mismatch
    Expected: <out>thOU thou Thou</out>
    Got:      <out>thou</out>
  FAIL collations-0107: Result mismatch
    Expected: <out>thOU thou Thou</out>
    Got:      <out>thou</out>
  FAIL collations-0108: Result mismatch
    Expected: <out><eq>true</eq><ne>false</ne><gt>false</gt><lt>false</lt><ge>true</ge><le>true</le></out>
    Got:      <out><eq>false</eq><ne>true</ne><gt>false</gt><lt>true</lt><ge>false</ge><le>true</le></out>
  FAIL collations-0109: Result mismatch
    Expected: <out><eq>0</eq></out>
    Got:      <out><eq>-1</eq></out>
  PASS collations-0110
  FAIL collations-0111: Result mismatch
    Expected: <?xml version="1.0" encoding="UTF-8"?><out><th>thoughts THOUGH thOU ThoughtFul THOUGHTFULNESS tHoRoUgH THE thou THOUGHT though Thou THOROUGH</th
   ><th>thoughts THOUGH thOU ThoughtFul THOUGHTFULNESS tHoRoUgH THE thou THOUGHT though Thou THOROUGH</th
   ><th>thoughts thOU thou though</th></out>
    Got:      <out><th>thoughts THOUGH thOU ThoughtFul THOUGHTFULNESS tHoRoUgH THE thou THOUGHT though Thou THOROUGH</th><th>thoughts thOU thou though</th><th>thoughts thOU thou though</th></out>
  FAIL collations-0112: Result mismatch
    Expected: <?xml version="1.0" encoding="UTF-8"?>
<out><th>thoughts THOUGH thOU ThoughtFul THOUGHTFULNESS tHoRoUgH touGH tROUGH thou THOUGHT though Thou THOROUGH</th
   ><th>thoughts THOUGH thOU ThoughtFul THOUGHTFULNESS tHoRoUgH touGH tROUGH thou THOUGHT though Thou THOROUGH</th
   ><th>thoughts ThoughtFul touGH thou though Thou</th></out>
    Got:      <out><th>thoughts THOUGH thOU ThoughtFul THOUGHTFULNESS tHoRoUgH touGH tROUGH thou THOUGHT though Thou THOROUGH</th><th>thoughts ThoughtFul touGH thou though Thou</th><th>thoughts ThoughtFul touGH thou though Thou</th></out>
  FAIL collations-0113: Result mismatch
    Expected: <?xml version="1.0" encoding="UTF-8"?>
<out><th>THOUGH tHoRoUgH touGH tROUGH though THOROUGH</th
   ><th>THOUGH tHoRoUgH touGH tROUGH though THOROUGH</th
   ><th>THOUGH touGH tROUGH THOROUGH</th></out>
    Got:      <out><th>THOUGH tHoRoUgH touGH tROUGH though THOROUGH</th><th>THOUGH touGH tROUGH THOROUGH</th><th>THOUGH touGH tROUGH THOROUGH</th></out>
  FAIL collations-0114: Result mismatch
    Expected: <?xml version="1.0" encoding="UTF-8"?><out><th>thou|THOU||Thou|THOU|tHoRoU|tou|tROU|||THOU|thou||THOROU</th
   ><th>thou|THOU||Thou|THOU|tHoRoU|tou|tROU|||THOU|thou||THOROU</th
   ><th>|THOU|||THOU||tou|tROU|||THOU|||THOROU</th></out>
    Got:      <out><th>thou|THOU||Thou|THOU|tHoRoU|tou|tROU|||THOU|thou||THOROU</th><th>|THOU|||THOU||tou|tROU|||THOU|||THOROU</th><th>|THOU|||THOU||tou|tROU|||THOU|||THOROU</th></out>
  FAIL collations-0115: Result mismatch
    Expected: <?xml version="1.0" encoding="UTF-8"?>
<out><th>ghts|GH||ghtFul|GHTFULNESS|gH|GH|GH|||GHT|gh||GH</th
   ><th>ghts|GH||ghtFul|GHTFULNESS|gH|GH|GH|||GHT|gh||GH</th
   ><th>|GH|||GHTFULNESS|||GH|||GHT|||GH</th></out>
    Got:      <out><th>ghts|GH||ghtFul|GHTFULNESS|gH|GH|GH|||GHT|gh||GH</th><th>|GH|||GHTFULNESS|||GH|||GHT|||GH</th><th>|GH|||GHTFULNESS|||GH|||GHT|||GH</th></out>
  FAIL collations-0116: Result mismatch
    Expected: <out><th>true</th><th>true</th><th>false</th></out>
    Got:      <out><th>false</th><th>false</th><th>false</th></out>
  FAIL collations-0117: Result mismatch
    Expected: <out><th>3 10 13</th><th>3 10 13</th><th/></out>
    Got:      <out><th></th><th></th><th></th></out>
  FAIL collations-0118: Result mismatch
    Expected: <out><th>tROUGH</th><th>tROUGH</th><th>touGH</th></out>
    Got:      <out><th>touGH</th><th>touGH</th><th>touGH</th></out>
  FAIL collations-0119: Result mismatch
    Expected: <out><th>tHoRoUgH</th><th>tHoRoUgH</th><th>THOUGH</th></out>
    Got:      <out><th>THOUGH</th><th>THOUGH</th><th>THOUGH</th></out>
  FAIL collations-0120: Result mismatch
    Expected: <out><th>10</th><th>10</th><th>14</th></out>
    Got:      <out><th>14</th><th>14</th><th>14</th></out>
  FAIL collations-0121: Result mismatch
    Expected: <out><one>true</one><two>true</two><three>true</three></out>
    Got:      <out><one>false</one><two>false</two><three>false</three></out>
  FAIL collations-0122: Result mismatch
    Expected: <out><one>true</one><two>true</two><three>true</three></out>
    Got:      <out><one>false</one><two>false</two><three>false</three></out>
  FAIL collations-0123: Result mismatch
    Expected: <out><one>true</one><two>true</two><three>true</three></out>
    Got:      <out><one>false</one><two>false</two><three>false</three></out>
  FAIL collations-0124: Result mismatch
    Expected: <out><one>true</one><two>true</two><three>true</three></out>
    Got:      <out><one>false</one><two>false</two><three>false</three></out>
  FAIL collations-0125: Result mismatch
    Expected: error XTSE1220
    Got:      <out>3</out>
  FAIL collations-0126: Result mismatch
    Expected: <out><one>true</one><two>true</two><three>true</three></out>
    Got:      <out><one>false</one><two>false</two><three>false</three></out>
  FAIL collations-0127: Result mismatch
    Expected: <out><one>true</one><two>true</two><three>true</three></out>
    Got:      <out><one>false</one><two>false</two><three>false</three></out>
  FAIL collations-0128: Result mismatch
    Expected: <out><one>true</one><two>true</two><three>true</three></out>
    Got:      <out><one /><two /><three /></out>
  PASS collations-0201
  FAIL collations-0301: Result mismatch
    Expected: <out>Alex MOore; Alex Milowski; ALex Moore; Chris Maden; Jeff Caruso; </out>
    Got:      <out>ALex Moore; Alex MOore; Alex Milowski; Chris Maden; Jeff Caruso; </out>
  PASS collations-0401
  PASS collations-0402
  PASS collations-0403
  PASS collations-0501
  PASS collations-0502
  PASS collations-0503
  FAIL collations-0601: Result mismatch
    Expected: <?xml version="1.0" encoding="UTF-8"?><out><upper-first>MacAndrew MacIntosh Macintosh macIntosh macintosh Macintoshes macintoshes McIntosh</upper-first><lower-first>MacAndrew macintosh macIntosh Macintosh MacIntosh macintoshes Macintoshes McIntosh</lower-first></out>
    Got:      <out><upper-first /><lower-first /></out>
  PASS collations-1001
  PASS collations-1002
  PASS collations-1003
  PASS collations-1004
  PASS collations-1005
  FAIL collations-1006: Result mismatch
    Expected: (complex assertion)
    Got:      <out><a>{'abc' = 'ABC'}</a><b>{'abc' eq 'ABC'}</b><c>{starts-with('abc', 'AB')}</c><d>{compare('abc', 'ABc') eq 0}</d><e /></out>
  Done: collations (43 tests, 13 passed, 30 failed, 0 skipped)
  Starting: docbook ...
  FAIL docbook-001: Variable $direction.align.start is not defined.
  FAIL docbook-002: Reference to undeclared entity 'primary'. Line 38, position 36.
  FAIL docbook-004: Result mismatch
    Expected: (complex assertion)
    Got:      
  Done: docbook (4 tests, 0 passed, 3 failed, 1 skipped)
  SKIP embedded-stylesheet: Requires unsupported feature 'xsl-stylesheet-processing-instruction' (18 tests)
  SKIP error: Known unsupported feature (579 tests)
  Starting: forwards ...
  PASS forwards-001
  PASS forwards-002
  PASS forwards-003
  FAIL forwards-004: Expected xsl:stylesheet or xsl:transform, got {http://www.w3.org/1999/XSL/Transform}package.
  PASS forwards-005
  PASS forwards-006
  PASS forwards-007
  PASS forwards-008
  PASS forwards-009
  PASS forwards-010
  FAIL forwards-011: Expected xsl:stylesheet or xsl:transform, got {http://www.w3.org/1999/XSL/Transform}package.
  PASS forwards-101
  PASS forwards-102
  PASS forwards-103
  PASS forwards-104
  PASS forwards-105
  PASS forwards-106
  PASS forwards-107
  FAIL forwards-201: Result mismatch
    Expected: (complex assertion)
    Got:      
  FAIL forwards-202: Result mismatch
    Expected: (complex assertion)
    Got:      <out />
  FAIL forwards-203: Result mismatch
    Expected: (complex assertion)
    Got:      <out />
  FAIL forwards-204: Result mismatch
    Expected: (complex assertion)
    Got:      <out />
  FAIL forwards-205: Result mismatch
    Expected: (complex assertion)
    Got:      <out />
  Done: forwards (23 tests, 16 passed, 7 failed, 0 skipped)
  Starting: initial-function ...
  FAIL initial-function-001: Result mismatch
    Expected: <simple-data>5678Simple Data1234</simple-data>
    Got:      
  FAIL initial-function-002: Result mismatch
    Expected: (complex assertion)
    Got:      
  FAIL initial-function-100a: Result mismatch
    Expected: (complex assertion)
    Got:      
  FAIL initial-function-100b: Result mismatch
    Expected: (complex assertion)
    Got:      
  FAIL initial-function-100c: Result mismatch
    Expected: (complex assertion)
    Got:      
  FAIL initial-function-100d: Result mismatch
    Expected: (complex assertion)
    Got:      
  FAIL initial-function-100e: Result mismatch
    Expected: (complex assertion)
    Got:      
  FAIL initial-function-100f: Result mismatch
    Expected: (complex assertion)
    Got:      
  FAIL initial-function-100g: Result mismatch
    Expected: (complex assertion)
    Got:      
  FAIL initial-function-100h: Result mismatch
    Expected: (complex assertion)
    Got:      
  FAIL initial-function-100i: Result mismatch
    Expected: (complex assertion)
    Got:      
  PASS initial-function-101a
  PASS initial-function-101b
  PASS initial-function-101c
  PASS initial-function-101d
  PASS initial-function-101e
  PASS initial-function-101f
  PASS initial-function-101g
  PASS initial-function-101h
  FAIL initial-function-102a: Result mismatch
    Expected: error XTDE0041
    Got:      
  FAIL initial-function-102b: Result mismatch
    Expected: error XPTY0004
    Got:      
  FAIL initial-function-102c: Result mismatch
    Expected: (complex assertion)
    Got:      
  FAIL initial-function-102d: Result mismatch
    Expected: error XTDE0041
    Got:      
  FAIL initial-function-102e: Result mismatch
    Expected: error XTDE0041
    Got:      
  FAIL initial-function-102f: Result mismatch
    Expected: error XTSE0770
    Got:      
  FAIL initial-function-102g: Result mismatch
    Expected: error XTDE0041
    Got:      
  FAIL initial-function-102h: Result mismatch
    Expected: error XTDE0041
    Got:      
  FAIL initial-function-102i: Result mismatch
    Expected: (complex assertion)
    Got:      
  FAIL initial-function-102j: Result mismatch
    Expected: (complex assertion)
    Got:      
  FAIL initial-function-102k: Result mismatch
    Expected: (complex assertion)
    Got:      
  FAIL initial-function-901: Result mismatch
    Expected: error XTDE0041
    Got:      
  FAIL initial-function-902: Result mismatch
    Expected: error XTDE0041
    Got:      
  FAIL initial-function-903: Result mismatch
    Expected: error XTDE0041
    Got:      
  FAIL initial-function-904: Result mismatch
    Expected: error XTDE0041
    Got:      
  FAIL initial-function-905: Result mismatch
    Expected: error XTDE0041
    Got:      
  Done: initial-function (35 tests, 8 passed, 27 failed, 0 skipped)
  Starting: initial-mode ...
  FAIL initial-mode-001: Result mismatch
    Expected: <zzz>1,2,3,4,5,6,7,8,9,10</zzz>
    Got:      
  FAIL initial-mode-002: Result mismatch
    Expected: error XTDE0045
    Got:      <bozo />
  FAIL initial-mode-003: Result mismatch
    Expected: error XTDE0050
    Got:      
  FAIL initial-mode-004: Variable $b is not defined.
  PASS initial-mode-005
  Done: initial-mode (5 tests, 1 passed, 4 failed, 0 skipped)
  Starting: initial-template ...
  PASS initial-template-001
  FAIL initial-template-002: Variable $b is not defined.
  FAIL initial-template-003: Variable $b is not defined.
  FAIL initial-template-004: Result mismatch
    Expected: (complex assertion)
    Got:      123.5 -18 12.6 14.2 123.6 -56 123.5 123.6
  Done: initial-template (11 tests, 3 passed, 3 failed, 5 skipped)
  Starting: regex-classes ...
  Done: regex-classes (120 tests, 0 passed, 0 failed, 120 skipped)
  Starting: regex ...
  PASS regex-001
  FAIL regex-002: Result mismatch
    Expected: <?xml version="1.0" encoding="UTF-8"?><out>;
      <true result="true"/>;
      <true result="true"/>;      
      <false result="false"/>;      
      <true result="true"/>;
      <false result="false"/>;    
      <true result="true"/>;   
      <false result="false"/>;   
      <true result="true"/>;   
      <true result="true"/>; 
      <false result="false"/>;   
      <true result="true"/>; 
      <false result="false"/>;   
      <false result="false"/>;   
      <true result="true"/>;   
      <false result="false"/>;   
    </out>
    Got:      <out>;
      <true result="true" />;
      <true result="true" />;      
      <false result="false" />;      
      <true result="true" />;
      <false result="false" />;    
      <true result="true" />;   
      <false result="false" />;   
      <true result="true" />;   
      <true result="true" />; 
      <false result="true" />;   
      <true result="true" />; 
      <false result="false" />;   
      <false result="false" />;   
      <true result="true" />;   
      <false result="false" />;   
    </out>
  PASS regex-003
  PASS regex-004
  PASS regex-005
  PASS regex-009
  PASS regex-010
  PASS regex-011
  PASS regex-013
  PASS regex-014
  PASS regex-015
  PASS regex-016
  FAIL regex-017: Result mismatch
    Expected: <o><b>true</b><n>AAB</n></o>
    Got:      <o><b>true</b></o>
  FAIL regex-018: Result mismatch
    Expected: <out>{10}[][]{10}[][]{10}[]{10}[]{10}</out>
    Got:      <out />
  PASS regex-019
  FAIL regex-020: Result mismatch
    Expected: <a>a b c d e f g</a>
    Got:      <a></a>
  PASS regex-021
  PASS regex-022
  FAIL regex-023: Result mismatch
    Expected: <a>He said, [I don't] eat [grass]</a>
    Got:      <a>He said, "I don't"9 eat 'grass'9</a>
  FAIL regex-024: Result mismatch
    Expected: <a>He said, "I don't" eat [grass](b5)</a>
    Got:      <a>He said, "I don't" eat [grass]($25)</a>
  FAIL regex-025: Result mismatch
    Expected: <a>He said, [I don't]## eat [grass]##</a>
    Got:      <a>He said, [I don't]#$5# eat [grass]#$5#</a>
  FAIL regex-026: Result mismatch
    Expected: <a>true</a>
    Got:      <a>false</a>
  FAIL regex-027: Result mismatch
    Expected: <out>;
      [e][e][e][e][e][e][e][e][e]</out>
    Got:      <out>;
      </out>
  FAIL regex-028: Result mismatch
    Expected: <out>|Mary had a littl lamb|Its flc was black as soot|And vrywhr that Mary wnt|It put its sooty foot|</out>
    Got:      <out></out>
  PASS regex-029
  PASS regex-030
  FAIL regex-031: Result mismatch
    Expected: <?xml version="1.0" encoding="UTF-8"?>
<out><a>The , quick , brown , fox , jumped , over , the , lazy , dog , and , immediately , went , into , violent , convulsions , The 6, The 7, The 8, The 9, quick 0,as a result of the dog being roused into an unusual state of hyperactivity.</a></out>
    Got:      <out><a>The , quick , brown , fox , jumped , over , the , lazy , dog , and , immediately , went , into , violent , convulsions , $16, $17, $18, $19, $20,as a result of the dog being roused into an unusual state of hyperactivity.</a></out>
  PASS regex-032
  PASS regex-054
  FAIL regex-055: Result mismatch
    Expected: <out>true, true, true, true, true, true, true, true, true, false, false, false, false</out>
    Got:      <out>true, true, true, true, false, true, true, true, true, false, false, false, false</out>
  PASS regex-056
  PASS regex-057
  PASS regex-058
  FAIL regex-059: Result mismatch
    Expected: (complex assertion)
    Got:      <out><E1>kikikeriki!! Tak, tak, tak! - *.</E1><E2>*!! Tak, tak, tak! - da kommen sie.</E2><E3>*keriki!! Tak, tak, tak! - da kommen sie.</E3><E4>kikikeriki* - da kommen sie.</E4><E5>kikikeriki2!! Tak, tak, tak! - da kommen sie.</E5><E6></E6><E7></E7><E8>*</E8><E9>*</E9><E10>kikikeriki!! Tak, tak, tak! - da kommen sie.</E10><E11>kikikeriki!! Tak, tak, tak! - da kommen sie.</E11><E12>123kikikeriki456</E12><E13> </E13></out>
  PASS regex-060
  PASS regex-061
  PASS regex-062
  PASS regex-066
  PASS regex-068
  PASS regex-071
  PASS regex-072
  Done: regex (65 tests, 34 passed, 13 failed, 18 skipped)
  Starting: regex-syntax ...
  Done: regex-syntax (990 tests, 0 passed, 0 failed, 990 skipped)
  Starting: regex-syntax-xslt20 ...
  Done: regex-syntax-xslt20 (987 tests, 0 passed, 0 failed, 987 skipped)
  Starting: seqtor ...
  PASS seqtor-001
  PASS seqtor-002
  PASS seqtor-003
  PASS seqtor-004
  PASS seqtor-005
  PASS seqtor-006
  PASS seqtor-007
  PASS seqtor-008
  PASS seqtor-009
  PASS seqtor-010
  PASS seqtor-011
  PASS seqtor-012
  PASS seqtor-013
  PASS seqtor-014
  PASS seqtor-015
  FAIL seqtor-016: Result mismatch
    Expected: -- START --12 {3} 45 {6} 78 {9} 1011 {12} 1314 {15} 1617 {18} 1920 {21} 2223 {24} 2526 {27} 2829 {30} 3132 {33} 3435 {36} 3738 {39} 4041 {42} 4344 {45} 4647 {48} 4950 {51} 5253 {54} 5556 {57} 5859 {60} 6162 {63} 6465 {66} 6768 {69} 7071 {72} 7374 {75} 7677 {78} 7980 {81} 8283 {84} 8586 {87} 8889 {90} 9192 {93} 9495 {96} 9798 {99} 100-- END --
    Got:      -- START --1 2 { 3 } 4 5 { 6 } 7 8 { 9 } 10 11 { 12 } 13 14 { 15 } 16 17 { 18 } 19 20 { 21 } 22 23 { 24 } 25 26 { 27 } 28 29 { 30 } 31 32 { 33 } 34 35 { 36 } 37 38 { 39 } 40 41 { 42 } 43 44 { 45 } 46 47 { 48 } 49 50 { 51 } 52 53 { 54 } 55 56 { 57 } 58 59 { 60 } 61 62 { 63 } 64 65 { 66 } 67 68 { 69 } 70 71 { 72 } 73 74 { 75 } 76 77 { 78 } 79 80 { 81 } 82 83 { 84 } 85 86 { 87 } 88 89 { 90 } 91 92 { 93 } 94 95 { 96 } 97 98 { 99 } 100-- END --
  FAIL seqtor-017: Result mismatch
    Expected: -- START --12 {3} 45 {6} 78 {9} 1011 {12} 1314 {15} 1617 {18} 1920 {21} 2223 {24} 2526 {27} 2829 {30} 3132 {33} 3435 {36} 3738 {39} 4041 {42} 4344 {45} 4647 {48} 4950 {51} 5253 {54} 5556 {57} 5859 {60} 6162 {63} 6465 {66} 6768 {69} 7071 {72} 7374 {75} 7677 {78} 7980 {81} 8283 {84} 8586 {87} 8889 {90} 9192 {93} 9495 {96} 9798 {99} 100-- END --
    Got:      1 2 { 3 } 4 5 { 6 } 7 8 { 9 } 10 11 { 12 } 13 14 { 15 } 16 17 { 18 } 19 20 { 21 } 22 23 { 24 } 25 26 { 27 } 28 29 { 30 } 31 32 { 33 } 34 35 { 36 } 37 38 { 39 } 40 41 { 42 } 43 44 { 45 } 46 47 { 48 } 49 50 { 51 } 52 53 { 54 } 55 56 { 57 } 58 59 { 60 } 61 62 { 63 } 64 65 { 66 } 67 68 { 69 } 70 71 { 72 } 73 74 { 75 } 76 77 { 78 } 79 80 { 81 } 82 83 { 84 } 85 86 { 87 } 88 89 { 90 } 91 92 { 93 } 94 95 { 96 } 97 98 { 99 } 100
  PASS seqtor-018
  PASS seqtor-019
  PASS seqtor-020
  PASS seqtor-021
  PASS seqtor-022
  PASS seqtor-023
  FAIL seqtor-024: Result mismatch
    Expected: - -
    Got:      -           -
  FAIL seqtor-025: Result mismatch
    Expected: --
    Got:      -           -
  FAIL seqtor-026: Result mismatch
    Expected: --
    Got:      -           -
  FAIL seqtor-027: Result mismatch
    Expected: startend A B C D E F G H I J K L M N O P Q R S T U V W X Y Z [ \ ] ^ _ ` a b c d e f g h i j k l m n o p q r s t u v w x y z { | }~
    Got:      start ~
  FAIL seqtor-028: Result mismatch
    Expected: startend A B C D E F G H I J K L M N O P Q R S T U V W X Y Z [ \ ] ^ _ ` a b c d e f g h i j k l m n o p q r s t u v w x y z { | }~
    Got:      start ~
  SKIP seqtor-029: Known to exceed stack limit
  SKIP seqtor-030: Known to exceed stack limit
  SKIP seqtor-031: Known to exceed stack limit
  SKIP seqtor-032: Known to exceed stack limit
  SKIP seqtor-033: Known to exceed stack limit
  FAIL seqtor-034: Result mismatch
    Expected: start~ } | { z y x w v u t s r q p o n m l k j i h g f e d c b a ` _ ^ ] \ [ Z Y X W V U T S R Q P O N M L K J I H G F E D C B A end|||||||||||||||||||||||||||||||||||||||||||||||||||||||||||||
    Got:      start
  FAIL seqtor-035: Result mismatch
    Expected: start~}|{zyxwvutsrqponmlkjihgfedcba`_^]\[ZYXWVUTSRQPONMLKJIHGFEDCBAend|||||||||||||||||||||||||||||||||||||||||||||||||||||||||||||
    Got:      start
  FAIL seqtor-036a: Result mismatch
    Expected: <!--  |   |  -->
    Got:      <!-- | | -->
  PASS seqtor-036b
  PASS seqtor-036c
  FAIL seqtor-036d: Result mismatch
    Expected: <!-- |  | -->
    Got:      <!--||-->
  PASS seqtor-036e
  FAIL seqtor-037a: Result mismatch
    Expected: <?foo |   |  ?>
    Got:      <?foo | | ?>
  PASS seqtor-037b
  PASS seqtor-037c
  FAIL seqtor-037d: Result mismatch
    Expected: <?foo |  | ?>
    Got:      <?foo ||?>
  PASS seqtor-037e
  PASS seqtor-038a
  PASS seqtor-038b
  PASS seqtor-038c
  PASS seqtor-038d
  PASS seqtor-038e
  PASS seqtor-039a
  PASS seqtor-039b
  PASS seqtor-039c
  PASS seqtor-039d
  PASS seqtor-039e
  PASS seqtor-040a
  PASS seqtor-040b
  PASS seqtor-040c
  PASS seqtor-040d
  PASS seqtor-040e
  PASS seqtor-041
  PASS seqtor-042
  PASS seqtor-101
  Done: seqtor (72 tests, 45 passed, 13 failed, 14 skipped)
  SKIP unicode-90: Known unsupported feature (1460 tests)
  SKIP streaming-fallback: Requires unsupported feature 'streaming' (6 tests)
  Starting: whitespace ...
  FAIL whitespace-001: Result mismatch
    Expected: <out><E1>a*cada*</E1></out>
    Got:      <out><E1 /></out>
  FAIL whitespace-002: Result mismatch
    Expected: <out><b>primary stylesheet</b><a> imported stylesheet </a></out>
    Got:      <out><b>primary stylesheet</b></out>
  PASS whitespace-004
  PASS whitespace-005
  FAIL whitespace-006: Result mismatch
    Expected: <out><item color="red" number="2"/></out>
    Got:      <out><item /></out>
  PASS whitespace-007
  PASS whitespace-008
  PASS whitespace-009
  PASS whitespace-010
  FAIL whitespace-012: Result mismatch
    Expected: <out><e>   h   </e><e>   h   </e></out>
    Got:      <out><e>   h</e><e>h   </e></out>
  FAIL whitespace-013: Result mismatch
    Expected: <out><e>   h</e><e>h   </e></out>
    Got:      <out><e><?pi?>h</e><e>h<?pi?></e></out>
  PASS whitespace-014
  FAIL whitespace-015: Result mismatch
    Expected: <o>32 32 9 32 10 32 13 10 32 32 9 32 10 32 13 10</o>
    Got:      <o></o>
  PASS whitespace-016
  PASS whitespace-017
  PASS whitespace-018
  FAIL whitespace-019: Result mismatch
    Expected: (complex assertion)
    Got:      x
  PASS whitespace-020
  FAIL whitespace-021: Result mismatch
    Expected: <out> test </out>
    Got:      <out>test</out>
  FAIL whitespace-022: Result mismatch
    Expected: (complex assertion)
    Got:      test
  FAIL whitespace-023: Result mismatch
    Expected: (complex assertion)
    Got:      a
  PASS whitespace-024
  FAIL whitespace-025: Result mismatch
    Expected: (complex assertion)
    Got:      <out>'test'test</out>
  PASS whitespace-026
  PASS whitespace-027
  FAIL whitespace-028: Name cannot begin with the ' ' character, hexadecimal value 0x20.
  Done: whitespace (28 tests, 14 passed, 12 failed, 2 skipped)
  Starting: xml-version ...
  PASS xml-version-001
  FAIL xml-version-002: Version number '1.1' is invalid. Line 1, position 16.
  PASS xml-version-003
  PASS xml-version-004
  PASS xml-version-005
  FAIL xml-version-006: Result mismatch
    Expected: <out xml:space="preserve">
</out>
    Got:      <out xml:space="preserve" />
  FAIL xml-version-007: Version number '1.1' is invalid. Line 1, position 16.
  FAIL xml-version-008: Version number '1.1' is invalid. Line 1, position 16.
  FAIL xml-version-009: Result mismatch
    Expected: (complex assertion)
    Got:      <out><a status="" /></out>
  FAIL xml-version-010: Result mismatch
    Expected: (complex assertion)
    Got:      <out><a status="" /></out>
  PASS xml-version-011
  FAIL xml-version-012: Version number '1.1' is invalid. Line 1, position 16.
  PASS xml-version-013
  FAIL xml-version-014: Result mismatch
    Expected: <out>
		The best is: rosé</out>
    Got:      
  FAIL xml-version-015: Result mismatch
    Expected: <out>
		The best is: rosé</out>
    Got:      
  PASS xml-version-016
  PASS xml-version-017
  FAIL xml-version-018: Result mismatch
    Expected: (complex assertion)
    Got:      <out><a status="" /></out>
  PASS xml-version-019
  FAIL xml-version-020: Version number '1.1' is invalid. Line 1, position 16.
  PASS xml-version-021
  FAIL xml-version-022: Result mismatch
    Expected: <?xml version="1.1" encoding="UTF-8"?><pre:out xmlns:pre="http://example.org/pre&#xC0;" xmlns:ns0="http://example.org/pre&#140;" ns0:preØ="&#128; *&#xC3;* &#129; *&#xC3;* &#130; *&#xC3;* &#131; *&#xC3;* &#132;"/>
    Got:      <pre:out xmlns:pre="http://example.org/preÀ" p1:preØ=" *Ã*  *Ã*  *Ã*  *Ã* " xmlns:p1="http://example.org/pre" />
  FAIL xml-version-023: Version number '1.1' is invalid. Line 1, position 16.
  FAIL xml-version-024: Version number '1.1' is invalid. Line 1, position 16.
  FAIL xml-version-025: Version number '1.1' is invalid. Line 1, position 16.
  FAIL xml-version-026: Version number '1.1' is invalid. Line 1, position 16.
  FAIL xml-version-027: Version number '1.1' is invalid. Line 1, position 16.
  FAIL xml-version-028: Version number '1.1' is invalid. Line 1, position 16.
  FAIL xml-version-029: Version number '1.1' is invalid. Line 1, position 16.
  FAIL xml-version-030: Version number '1.1' is invalid. Line 1, position 16.
  FAIL xml-version-031: Version number '1.1' is invalid. Line 1, position 16.
  FAIL xml-version-032: Version number '1.1' is invalid. Line 1, position 16.
  PASS xml-version-033
  PASS xml-version-034
  FAIL xml-version-035: Version number '1.1' is invalid. Line 1, position 16.
  FAIL xml-version-036: Result mismatch
    Expected: <out><a xmlns:pref="http://example.org/pre&#xC0;"><b/></a></out>
    Got:      
  FAIL xml-version-037: Version number '1.1' is invalid. Line 1, position 16.
  FAIL xml-version-038: Result mismatch
    Expected: <out><a xmlns:pref="http://example.org/pre&#xC0;"><b/></a></out>
    Got:      
  FAIL xml-version-039: Version number '1.1' is invalid. Line 1, position 16.
  FAIL xml-version-040: Result mismatch
    Expected: <out><a xmlns:pref="http://example.org/pre&#xC0;"><b/></a></out>
    Got:      
  FAIL xml-version-042: Version number '1.1' is invalid. Line 1, position 16.
  Done: xml-version (42 tests, 13 passed, 29 failed, 0 skipped)
  Starting: xslt-compat ...
  FAIL xslt-compat-001: Result mismatch
    Expected: <out>Some</out>
    Got:      <out>Some string value 1 2 3 ac ab ad aa</out>
  FAIL xslt-compat-002: Result mismatch
    Expected: <out>
Some at 1
string at 2
value at 3</out>
    Got:      <out>
Some at 1
string at 1
value at 1</out>
  FAIL xslt-compat-003: Result mismatch
    Expected: (complex assertion)
    Got:      <out><log>((</log><log>))</log></out>
  PASS xslt-compat-004
  FAIL xslt-compat-005: Result mismatch
    Expected: <out><sometag attributevalue="Some"/></out>
    Got:      <out><sometag attributevalue="Some string value" /></out>
  FAIL xslt-compat-006: Result mismatch
    Expected: <out>a!racada!ra</out>
    Got:      <out />
  PASS xslt-compat-007
  PASS xslt-compat-008
  PASS xslt-compat-009
  FAIL xslt-compat-010: Result mismatch
    Expected: <out>300|4|-2|-1|1|0.5|-0.5|0|-50|-17|</out>
    Got:      <out>300|4|1|0.5|0|-0.5|-1|-2|-17|-50|</out>
  PASS xslt-compat-011
  FAIL xslt-compat-012: XPTY0004
  PASS xslt-compat-013
  Done: xslt-compat (13 tests, 6 passed, 7 failed, 0 skipped)
  SKIP sf-avg: Requires unsupported feature 'streaming' (34 tests)
  SKIP sf-boolean: Requires unsupported feature 'streaming' (34 tests)
  SKIP sf-codepoints-to-string: Requires unsupported feature 'streaming' (4 tests)
  SKIP sf-copy-of: Requires unsupported feature 'streaming' (10 tests)
  SKIP sf-count: Requires unsupported feature 'streaming' (29 tests)
  SKIP sf-current: Requires unsupported feature 'streaming' (12 tests)
  SKIP sf-deep-equal: Requires unsupported feature 'streaming' (35 tests)
  SKIP sf-distinct-values: Requires unsupported feature 'streaming' (12 tests)
  SKIP sf-empty: Requires unsupported feature 'streaming' (29 tests)
  SKIP sf-exists: Requires unsupported feature 'streaming' (29 tests)
  SKIP sf-exactly-one: Requires unsupported feature 'streaming' (8 tests)
  SKIP sf-filter: Requires unsupported feature 'streaming' (3 tests)
  SKIP sf-fold-left: Requires unsupported feature 'streaming' (20 tests)
  SKIP sf-fold-right: Requires unsupported feature 'streaming' (1 tests)
  SKIP sf-has-children: Requires unsupported feature 'streaming' (1 tests)
  SKIP sf-head: Requires unsupported feature 'streaming' (22 tests)
  SKIP sf-innermost: Requires unsupported feature 'streaming' (2 tests)
  SKIP sf-index-of: Requires unsupported feature 'streaming' (9 tests)
  SKIP sf-insert-before: Requires unsupported feature 'streaming' (52 tests)
  SKIP sf-max: Requires unsupported feature 'streaming' (38 tests)
  SKIP sf-min: Requires unsupported feature 'streaming' (38 tests)
  SKIP sf-not: Requires unsupported feature 'streaming' (34 tests)
  SKIP sf-one-or-more: Requires unsupported feature 'streaming' (30 tests)
  SKIP sf-outermost: Requires unsupported feature 'streaming' (26 tests)
  SKIP sf-remove: Requires unsupported feature 'streaming' (22 tests)
  SKIP sf-reverse: Requires unsupported feature 'streaming' (2 tests)
  SKIP sf-snapshot: Requires unsupported feature 'streaming' (24 tests)
  SKIP sf-string-join: Requires unsupported feature 'streaming' (3 tests)
  SKIP sf-subsequence: Requires unsupported feature 'streaming' (44 tests)
  SKIP sf-sum: Requires unsupported feature 'streaming' (38 tests)
  SKIP sf-tail: Requires unsupported feature 'streaming' (22 tests)
  SKIP sf-trace: Requires unsupported feature 'streaming' (22 tests)
  SKIP sf-unordered: Requires unsupported feature 'streaming' (22 tests)
  SKIP sf-unparsed-entity-uri: Requires unsupported feature 'streaming' (8 tests)
  SKIP sf-xml-to-json: Requires unsupported feature 'streaming' (7 tests)
  SKIP sf-zero-or-one: Requires unsupported feature 'streaming' (7 tests)
  SKIP si-apply-imports: Requires unsupported feature 'streaming' (3 tests)
  SKIP si-apply-templates: Requires unsupported feature 'streaming' (13 tests)
  SKIP si-assert: Requires unsupported feature 'streaming' (13 tests)
  SKIP si-attribute: Requires unsupported feature 'streaming' (45 tests)
  SKIP si-call-template: Requires unsupported feature 'streaming' (2 tests)
  SKIP si-choose: Requires unsupported feature 'streaming' (12 tests)
  SKIP si-copy: Requires unsupported feature 'streaming' (65 tests)
  SKIP si-copy-of: Requires unsupported feature 'streaming' (45 tests)
  SKIP si-document: Requires unsupported feature 'streaming' (39 tests)
  SKIP si-element: Requires unsupported feature 'streaming' (93 tests)
  SKIP si-for-each: Requires unsupported feature 'streaming' (20 tests)
  SKIP si-for-each-group: Requires unsupported feature 'streaming' (114 tests)
  SKIP si-fork: Requires unsupported feature 'streaming' (55 tests)
  SKIP si-iterate: Requires unsupported feature 'streaming' (35 tests)
  SKIP si-map: Requires unsupported feature 'streaming' (12 tests)
  SKIP si-merge: Requires unsupported feature 'streaming' (7 tests)
  SKIP si-message: Requires unsupported feature 'streaming' (11 tests)
  SKIP si-next-match: Requires unsupported feature 'streaming' (2 tests)
  SKIP si-on-empty: Requires unsupported feature 'streaming' (33 tests)
  SKIP si-on-non-empty: Requires unsupported feature 'streaming' (42 tests)
  SKIP si-perform-sort: Requires unsupported feature 'streaming' (2 tests)
  SKIP si-result-document: Requires unsupported feature 'streaming' (43 tests)
  SKIP si-try: Requires unsupported feature 'streaming' (47 tests)
  SKIP si-value-of: Requires unsupported feature 'streaming' (39 tests)
  SKIP si-where-populated: Requires unsupported feature 'streaming' (21 tests)
  SKIP si-LRE: Requires unsupported feature 'streaming' (90 tests)
  SKIP su-absorbing: Requires unsupported feature 'streaming' (35 tests)
  SKIP su-ascent: Requires unsupported feature 'streaming' (6 tests)
  SKIP su-filter: Requires unsupported feature 'streaming' (10 tests)
  SKIP su-inspection: Requires unsupported feature 'streaming' (8 tests)
  SKIP su-shallow-descent: Requires unsupported feature 'streaming' (12 tests)
  SKIP su-unclassified: Requires unsupported feature 'streaming' (6 tests)
  SKIP sx-ArithmeticExpr: Requires unsupported feature 'streaming' (8 tests)
  SKIP sx-CommaExpr: Requires unsupported feature 'streaming' (55 tests)
  SKIP sx-ForExpr: Requires unsupported feature 'streaming' (5 tests)
  SKIP sx-ExceptExpr: Requires unsupported feature 'streaming' (66 tests)
  SKIP sx-FunctionCall: Requires unsupported feature 'streaming' (2 tests)
  SKIP sx-GeneralComp-eq: Requires unsupported feature 'streaming' (55 tests)
  SKIP sx-GeneralComp-ge: Requires unsupported feature 'streaming' (54 tests)
  SKIP sx-GeneralComp-gt: Requires unsupported feature 'streaming' (54 tests)
  SKIP sx-GeneralComp-le: Requires unsupported feature 'streaming' (54 tests)
  SKIP sx-GeneralComp-lt: Requires unsupported feature 'streaming' (54 tests)
  SKIP sx-GeneralComp-ne: Requires unsupported feature 'streaming' (54 tests)
  SKIP sx-IfExpr: Requires unsupported feature 'streaming' (67 tests)
  SKIP sx-IntersectExpr: Requires unsupported feature 'streaming' (64 tests)
  SKIP sx-InstanceofExpr: Requires unsupported feature 'streaming' (35 tests)
  SKIP sx-MapExpr: Requires unsupported feature 'streaming' (15 tests)
  SKIP sx-QuantifiedExpr: Requires unsupported feature 'streaming' (10 tests)
  SKIP sx-SimpleMappingExpr: Requires unsupported feature 'streaming' (11 tests)
  SKIP sx-SquareArrayConstructor: Requires unsupported feature 'streaming' (56 tests)
  SKIP sx-TreatExpr: Requires unsupported feature 'streaming' (36 tests)
  SKIP sx-UnionExpr: Requires unsupported feature 'streaming' (74 tests)
  Starting: arrays ...
  FAIL square-array-201: Result mismatch
    Expected: (complex assertion)
    Got:      
  FAIL arrays-301: Result mismatch
    Expected: (complex assertion)
    Got:      <out />
  FAIL arrays-302: Result mismatch
    Expected: (complex assertion)
    Got:      <out />
  FAIL arrays-303: Result mismatch
    Expected: (complex assertion)
    Got:      <out a="(array)" />
  FAIL arrays-304: Result mismatch
    Expected: (complex assertion)
    Got:      <out>(array) (array) (array) (array)</out>
  FAIL arrays-305: Result mismatch
    Expected: (complex assertion)
    Got:      <out><a>(array)</a><b>35</b><c>112</c><d>(array)</d></out>
  FAIL arrays-306: XTDE1450: xsl:iterate is not supported.
  Done: arrays (62 tests, 0 passed, 7 failed, 55 skipped)
  Starting: boolean ...
  PASS boolean-001
  PASS boolean-002
  PASS boolean-003
  PASS boolean-004
  PASS boolean-005
  PASS boolean-006
  PASS boolean-007
  PASS boolean-008
  PASS boolean-009
  PASS boolean-010
  PASS boolean-011
  PASS boolean-012
  PASS boolean-013
  PASS boolean-014
  PASS boolean-015
  PASS boolean-016
  PASS boolean-017
  PASS boolean-018
  PASS boolean-019
  PASS boolean-020
  PASS boolean-021
  PASS boolean-022
  PASS boolean-023
  PASS boolean-024
  PASS boolean-025
  PASS boolean-026
  PASS boolean-027
  PASS boolean-028
  PASS boolean-029
  PASS boolean-030
  PASS boolean-031
  PASS boolean-032
  PASS boolean-033
  PASS boolean-034
  PASS boolean-035
  PASS boolean-036
  PASS boolean-037
  PASS boolean-038
  PASS boolean-039
  PASS boolean-040
  PASS boolean-041
  PASS boolean-042
  PASS boolean-043
  PASS boolean-044
  PASS boolean-045
  PASS boolean-046
  PASS boolean-047
  PASS boolean-048
  PASS boolean-049
  PASS boolean-050
  PASS boolean-051
  PASS boolean-052
  PASS boolean-053
  PASS boolean-054
  PASS boolean-055
  PASS boolean-056
  PASS boolean-057
  PASS boolean-058
  PASS boolean-059
  PASS boolean-060
  PASS boolean-061
  PASS boolean-062
  PASS boolean-063
  PASS boolean-064
  PASS boolean-065
  PASS boolean-066
  PASS boolean-067
  PASS boolean-068
  PASS boolean-069
  PASS boolean-070
  PASS boolean-071
  PASS boolean-072
  PASS boolean-073
  PASS boolean-074
  PASS boolean-075
  PASS boolean-076
  PASS boolean-077
  PASS boolean-078
  PASS boolean-079
  PASS boolean-080
  PASS boolean-081
  PASS boolean-082
  PASS boolean-083
  PASS boolean-084
  PASS boolean-085
  PASS boolean-086
  PASS boolean-087
  PASS boolean-088
  PASS boolean-089
  PASS boolean-090
  PASS boolean-091
  PASS boolean-092
  PASS boolean-093
  PASS boolean-094
  PASS boolean-095
  PASS boolean-096
  PASS boolean-099
  PASS boolean-100
  PASS boolean-101
  PASS boolean-102
  PASS boolean-103
  PASS boolean-104
  PASS boolean-105
  PASS boolean-106
  PASS boolean-107
  PASS boolean-108
  PASS boolean-109
  PASS boolean-110
  PASS boolean-111
  PASS boolean-112
  Done: boolean (112 tests, 112 passed, 0 failed, 0 skipped)
  Starting: date ...
  PASS date-001
  PASS date-002
  PASS date-003
  PASS date-004
  PASS date-005
  PASS date-006
  PASS date-007
  PASS date-008
  PASS date-009
  PASS date-010
  PASS date-011
  PASS date-012
  PASS date-013
  FAIL date-014: Result mismatch
    Expected: <out>true</out>
    Got:      <out>false</out>
  PASS date-015
  PASS date-016
  PASS date-017
  PASS date-018
  FAIL date-019: Result mismatch
    Expected: <?xml version="1.0" encoding="UTF-8"?><A>1995-12-23T13:29:00.2+03:00;
        1996-12-23T13:13:00.2+03:00;
        1996-12-23T13:13:00.201+03:00;
        1996-12-23T13:29:00.2+03:00;
        1996-12-23T13:13:00.2+02:00;
        1997-12-23T13:13:00.2+03:00;
        10000-12-23T13:13:00.2+03:00;
        </A>
    Got:      <A>10000-12-23T13:13:00.2+03:00;
        1995-12-23T13:29:00.2+03:00;
        1996-12-23T13:13:00.2+02:00;
        1996-12-23T13:13:00.2+03:00;
        1996-12-23T13:13:00.201+03:00;
        1996-12-23T13:29:00.2+03:00;
        1997-12-23T13:13:00.2+03:00;
        </A>
  FAIL date-019a: Result mismatch
    Expected: <?xml version="1.0" encoding="UTF-8"?><A>1995-12-23T13:29:00.2+03:00;
        1996-12-23T13:13:00.2+03:00;
        1996-12-23T13:13:00.201+03:00;
        1996-12-23T13:29:00.2+03:00;
        1996-12-23T13:13:00.2+02:00;
        1997-12-23T13:13:00.2+03:00;
        9999-12-23T13:13:00.2+03:00;
        </A>
    Got:      <A>1995-12-23T13:29:00.2+03:00;
        1996-12-23T13:13:00.2+02:00;
        1996-12-23T13:13:00.2+03:00;
        1996-12-23T13:13:00.201+03:00;
        1996-12-23T13:29:00.2+03:00;
        1997-12-23T13:13:00.2+03:00;
        9999-12-23T13:13:00.2+03:00;
        </A>
  PASS date-020
  PASS date-021
  PASS date-022
  PASS date-023
  PASS date-024
  PASS date-025
  PASS date-026
  PASS date-027
  PASS date-028
  PASS date-029
  PASS date-030
  PASS date-031
  FAIL date-032: Result mismatch
    Expected: <?xml version="1.0" encoding="UTF-8"?><A><b>1995-12-23T13:29:00.2+03:00</b><b>1996-11-23</b><b>1996-12-23T13:13:00.2+04:00</b><b>1996-12-23T13:29:00.2+03:00</b><b>1996-12-23T14:00:00Z</b><b>1997-12-23Z</b><b>9999-12-23T13:13:00.2+03:00</b></A>
    Got:      <A><b>1995-12-23T13:29:00.2+03:00</b><b>1996-11-23</b><b>1996-12-23T13:29:00.2+03:00</b><b>1996-12-23T13:13:00.2+04:00</b><b>1996-12-23T14:00:00Z</b><b>1997-12-23Z</b><b>9999-12-23T13:13:00.2+03:00</b></A>
  PASS date-033
  PASS date-034
  PASS date-035
  PASS date-036
  PASS date-037
  PASS date-038
  PASS date-039
  PASS date-040
  PASS date-041
  PASS date-042
  PASS date-043
  FAIL date-044: The UTC time represented when the offset is applied must be between year 0 and 10,000. (Parameter 'offset')
  PASS date-045
  PASS date-046
  PASS date-047
  PASS date-048
  PASS date-049
  PASS date-050
  PASS date-051
  PASS date-052
  FAIL date-053: Result mismatch
    Expected: error XTDE1030
    Got:      <d><a>P1M</a>;
        <a>P1Y</a>;
        <a>P12M</a>;
        <a>P28D</a>;
        <a>P28DT12H</a>;
        <a>P28DT11H65M</a>;
        <a>P29D</a>;
        <a>P30D</a>;
        <a>P31D</a>;
        <a>P365D</a>;
        <a>P366D</a>;
        <a>PT3600S</a>;
        </d>
  FAIL date-054: Result mismatch
    Expected: <d><z>P1M</z><y>P1M</y><z>P11M</z><y>P11M</y><z>P1Y</z><y>P1Y</y><z>P1Y5M</z><y>P1Y5M</y><z>P1Y6M</z><y>P1Y6M</y></d>
    Got:      <d><z>P11M</z><y>P11M</y><z>P1M</z><y>P1M</y><z>P1Y</z><y>P1Y</y><z>P1Y5M</z><y>P1Y5M</y><z>P1Y6M</z><y>P1Y6M</y></d>
  FAIL date-055: Result mismatch
    Expected: <?xml version="1.0" encoding="UTF-8"?><d><z>P2DT12H</z>;
            <y>P2DT12H</y><z>P2D</z>;
            <y>P2D</y><z>P1DT6H</z>;
            <y>P1DT6H</y><z>PT1H</z>;
            <y>PT1H</y><z>PT1H</z>;
            <y>PT1H</y><z>PT10.03S</z>;
            <y>PT10.03S</y><z>PT10.02S</z>;
            <y>PT10.02S</y><z>PT0S</z>;
            <y>PT0S</y><z>-PT1M40S</z>;
            <y>-PT1M40S</y></d>
    Got:      <d><z>PT1H</z>;
            <y>PT1H</y><z>PT1H</z>;
            <y>PT1H</y><z>PT10.03S</z>;
            <y>PT10.030S</y><z>PT10.02S</z>;
            <y>PT10.020S</y><z>PT0S</z>;
            <y>PT0S</y><z>P2DT12H</z>;
            <y>P2DT12H</y><z>P2D</z>;
            <y>P2D</y><z>P1DT6H</z>;
            <y>P1DT6H</y><z>-PT1M40S</z>;
            <y>-PT1M40S</y></d>
  FAIL date-056: Result mismatch
    Expected: <?xml version="1.0" encoding="UTF-8"?><d><e>P4D, P4DT12H, P3DT6H, P2DT1H, P2DT1H, P2DT10.03S, P2DT10.02S, P2D, P1DT23H58M20S</e>;
        <e>P4DT12H, P5D, P3DT18H, P2DT13H, P2DT13H, P2DT12H10.03S, P2DT12H10.02S, P2DT12H, P2DT11H58M20S</e>;
        <e>P3DT6H, P3DT18H, P2DT12H, P1DT7H, P1DT7H, P1DT6H10.03S, P1DT6H10.02S, P1DT6H, P1DT5H58M20S</e>;
        <e>P2DT1H, P2DT13H, P1DT7H, PT2H, PT2H, PT1H10.03S, PT1H10.02S, PT1H, PT58M20S</e>;
        <e>P2DT1H, P2DT13H, P1DT7H, PT2H, PT2H, PT1H10.03S, PT1H10.02S, PT1H, PT58M20S</e>;
        <e>P2DT10.03S, P2DT12H10.03S, P1DT6H10.03S, PT1H10.03S, PT1H10.03S, PT20.06S, PT20.05S, PT10.03S, -PT1M29.97S</e>;
        <e>P2DT10.02S, P2DT12H10.02S, P1DT6H10.02S, PT1H10.02S, PT1H10.02S, PT20.05S, PT20.04S, PT10.02S, -PT1M29.98S</e>;
        <e>P2D, P2DT12H, P1DT6H, PT1H, PT1H, PT10.03S, PT10.02S, PT0S, -PT1M40S</e>;
        <e>P1DT23H58M20S, P2DT11H58M20S, P1DT5H58M20S, PT58M20S, PT58M20S, -PT1M29.97S, -PT1M29.98S, -PT1M40S, -PT3M20S</e>;
        </d>
    Got:      <d><e>P4D, P4DT12H, P3DT6H, P2DT1H, P2DT1H, P2DT10.030S, P2DT10.020S, P2D, P1DT23H58M20S</e>;
        <e>P4DT12H, P5D, P3DT18H, P2DT13H, P2DT13H, P2DT12H10.030S, P2DT12H10.020S, P2DT12H, P2DT11H58M20S</e>;
        <e>P3DT6H, P3DT18H, P2DT12H, P1DT7H, P1DT7H, P1DT6H10.030S, P1DT6H10.020S, P1DT6H, P1DT5H58M20S</e>;
        <e>P2DT1H, P2DT13H, P1DT7H, PT2H, PT2H, PT1H10.030S, PT1H10.020S, PT1H, PT58M20S</e>;
        <e>P2DT1H, P2DT13H, P1DT7H, PT2H, PT2H, PT1H10.030S, PT1H10.020S, PT1H, PT58M20S</e>;
        <e>P2DT10.030S, P2DT12H10.030S, P1DT6H10.030S, PT1H10.030S, PT1H10.030S, PT20.060S, PT20.050S, PT10.030S, -PT1M29.970S</e>;
        <e>P2DT10.020S, P2DT12H10.020S, P1DT6H10.020S, PT1H10.020S, PT1H10.020S, PT20.050S, PT20.040S, PT10.020S, -PT1M29.980S</e>;
        <e>P2D, P2DT12H, P1DT6H, PT1H, PT1H, PT10.030S, PT10.020S, PT0S, -PT1M40S</e>;
        <e>P1DT23H58M20S, P2DT11H58M20S, P1DT5H58M20S, PT58M20S, PT58M20S, -PT1M29.970S, -PT1M29.980S, -PT1M40S, -PT3M20S</e>;
        </d>
  PASS date-057
  FAIL date-058: Result mismatch
    Expected: <?xml version="1.0" encoding="UTF-8"?><d><e>PT0S, PT12H, -PT18H, -P1DT23H, -P1DT23H, -P1DT23H59M49.97S, -P1DT23H59M49.98S, -P2D, -P2DT1M40S</e>;
        <e>-PT12H, PT0S, -P1DT6H, -P2DT11H, -P2DT11H, -P2DT11H59M49.97S, -P2DT11H59M49.98S, -P2DT12H, -P2DT12H1M40S</e>;
        <e>PT18H, P1DT6H, PT0S, -P1DT5H, -P1DT5H, -P1DT5H59M49.97S, -P1DT5H59M49.98S, -P1DT6H, -P1DT6H1M40S</e>;
        <e>P1DT23H, P2DT11H, P1DT5H, PT0S, PT0S, -PT59M49.97S, -PT59M49.98S, -PT1H, -PT1H1M40S</e>;
        <e>P1DT23H, P2DT11H, P1DT5H, PT0S, PT0S, -PT59M49.97S, -PT59M49.98S, -PT1H, -PT1H1M40S</e>;
        <e>P1DT23H59M49.97S, P2DT11H59M49.97S, P1DT5H59M49.97S, PT59M49.97S, PT59M49.97S, PT0S, -PT0.01S, -PT10.03S, -PT1M50.03S</e>;
        <e>P1DT23H59M49.98S, P2DT11H59M49.98S, P1DT5H59M49.98S, PT59M49.98S, PT59M49.98S, PT0.01S, PT0S, -PT10.02S, -PT1M50.02S</e>;
        <e>P2D, P2DT12H, P1DT6H, PT1H, PT1H, PT10.03S, PT10.02S, PT0S, -PT1M40S</e>;
        <e>P2DT1M40S, P2DT12H1M40S, P1DT6H1M40S, PT1H1M40S, PT1H1M40S, PT1M50.03S, PT1M50.02S, PT1M40S, PT0S</e>;
        </d>
    Got:      <d><e>PT0S, PT12H, -PT18H, -P1DT23H, -P1DT23H, -P1DT23H59M49.970S, -P1DT23H59M49.980S, -P2D, -P2DT1M40S</e>;
        <e>-PT12H, PT0S, -P1DT6H, -P2DT11H, -P2DT11H, -P2DT11H59M49.970S, -P2DT11H59M49.980S, -P2DT12H, -P2DT12H1M40S</e>;
        <e>PT18H, P1DT6H, PT0S, -P1DT5H, -P1DT5H, -P1DT5H59M49.970S, -P1DT5H59M49.980S, -P1DT6H, -P1DT6H1M40S</e>;
        <e>P1DT23H, P2DT11H, P1DT5H, PT0S, PT0S, -PT59M49.970S, -PT59M49.980S, -PT1H, -PT1H1M40S</e>;
        <e>P1DT23H, P2DT11H, P1DT5H, PT0S, PT0S, -PT59M49.970S, -PT59M49.980S, -PT1H, -PT1H1M40S</e>;
        <e>P1DT23H59M49.970S, P2DT11H59M49.970S, P1DT5H59M49.970S, PT59M49.970S, PT59M49.970S, PT0S, -PT0.010S, -PT10.030S, -PT1M50.030S</e>;
        <e>P1DT23H59M49.980S, P2DT11H59M49.980S, P1DT5H59M49.980S, PT59M49.980S, PT59M49.980S, PT0.010S, PT0S, -PT10.020S, -PT1M50.020S</e>;
        <e>P2D, P2DT12H, P1DT6H, PT1H, PT1H, PT10.030S, PT10.020S, PT0S, -PT1M40S</e>;
        <e>P2DT1M40S, P2DT12H1M40S, P1DT6H1M40S, PT1H1M40S, PT1H1M40S, PT1M50.030S, PT1M50.020S, PT1M40S, PT0S</e>;
        </d>
  PASS date-059
  PASS date-060
  FAIL date-061: Result mismatch
    Expected: <?xml version="1.0" encoding="UTF-8"?><d><e><f>P6D</f>;
            <f>P1D</f>;            
            <f>P1D</f>;   
        </e>;
        <e><f>P7DT12H</f>;
            <f>P1DT6H</f>;            
            <f>P1DT6H</f>;   
        </e>;
        <e><f>P3DT18H</f>;
            <f>PT15H</f>;            
            <f>PT15H</f>;   
        </e>;
        <e><f>PT3H</f>;
            <f>PT30M</f>;            
            <f>PT30M</f>;   
        </e>;
        <e><f>PT3H</f>;
            <f>PT30M</f>;            
            <f>PT30M</f>;   
        </e>;
        <e><f>PT30.09S</f>;
            <f>PT5.015S</f>;            
            <f>PT5.015S</f>;   
        </e>;
        <e><f>PT30.06S</f>;
            <f>PT5.01S</f>;            
            <f>PT5.01S</f>;   
        </e>;
        <e><f>PT0S</f>;
            <f>PT0S</f>;            
            <f>PT0S</f>;   
        </e>;
        <e><f>-PT5M</f>;
            <f>-PT50S</f>;            
            <f>-PT50S</f>;   
        </e>;
        </d>
    Got:      <d><e><f>P6D</f>;
            <f>P1D</f>;            
            <f>P1D</f>;   
        </e>;
        <e><f>P7DT12H</f>;
            <f>P1DT6H</f>;            
            <f>P1DT6H</f>;   
        </e>;
        <e><f>P3DT18H</f>;
            <f>PT15H</f>;            
            <f>PT15H</f>;   
        </e>;
        <e><f>PT3H</f>;
            <f>PT30M</f>;            
            <f>PT30M</f>;   
        </e>;
        <e><f>PT3H</f>;
            <f>PT30M</f>;            
            <f>PT30M</f>;   
        </e>;
        <e><f>PT30.090S</f>;
            <f>PT5.015S</f>;            
            <f>PT5.015S</f>;   
        </e>;
        <e><f>PT30.060S</f>;
            <f>PT5.010S</f>;            
            <f>PT5.010S</f>;   
        </e>;
        <e><f>PT0S</f>;
            <f>PT0S</f>;            
            <f>PT0S</f>;   
        </e>;
        <e><f>-PT5M</f>;
            <f>-PT50S</f>;            
            <f>-PT50S</f>;   
        </e>;
        </d>
  FAIL date-062: Result mismatch
    Expected: <d>-PT1M40S;
        P2DT12H;        
    </d>
    Got:      <d>-PT1M40S;
        PT1H;        
    </d>
  FAIL date-063: Year 10000 is outside the range supported by DateTimeOffset.
  PASS date-063a
  FAIL date-064: Result mismatch
    Expected: <?xml version="1.0" encoding="UTF-8"?><out>;
     <code x="00:00 = 12AM 00:05 = 12AM 01:00 = 1AM 09:30 = 9AM 12:00 = 12PM 15:15 = 3PM"/>;
     <code x="00:00 = 12AM 00:05 = 12AM 01:00 = 1AM 09:30 = 9AM 12:00 = 12PM 15:15 = 3PM"/>;  
     <code x="00:00 = 12Am 00:05 = 12Am 01:00 = 1Am 09:30 = 9Am 12:00 = 12Pm 15:15 = 3Pm"/>;  
     <code x="00:00 = 12Am 00:05 = 12Am 01:00 = 1Am 09:30 = 9Am 12:00 = 12Pm 15:15 = 3Pm"/>;  
     <code x="00:00 = 12A 00:05 = 12A 01:00 = 1A 09:30 = 9A 12:00 = 12P 15:15 = 3P"/>;  
     <code x="00:00 = 12AM 00:05 = 12AM 01:00 = 1AM 09:30 = 9AM 12:00 = 12PM 15:15 = 3PM"/>;  
     <code x="00:00 = 12am 00:05 = 12am 01:00 = 1am 09:30 = 9am 12:00 = 12pm 15:15 = 3pm"/>; 
     </out>
    Got:      <out>;
     <code x="00:00 = 1200AM 00:05 = 1200AM 01:00 = 100AM 09:30 = 900AM 12:00 = 1200PM 15:15 = 300PM" />;
     <code x="00:00 = 1200AM 00:05 = 1200AM 01:00 = 100AM 09:30 = 900AM 12:00 = 1200PM 15:15 = 300PM" />;  
     <code x="00:00 = 120Am 00:05 = 120Am 01:00 = 10Am 09:30 = 90Am 12:00 = 120Pm 15:15 = 30Pm" />;  
     <code x="00:00 = 12Am 00:05 = 12Am 01:00 = 1Am 09:30 = 9Am 12:00 = 12Pm 15:15 = 3Pm" />;  
     <code x="00:00 = 12A 00:05 = 12A 01:00 = 1A 09:30 = 9A 12:00 = 12P 15:15 = 3P" />;  
     <code x="00:00 = 12AM 00:05 = 12AM 01:00 = 1AM 09:30 = 9AM 12:00 = 12PM 15:15 = 3PM" />;  
     <code x="00:00 = 12am 00:05 = 12am 01:00 = 1am 09:30 = 9am 12:00 = 12pm 15:15 = 3pm" />; 
     </out>
  PASS date-065
  PASS date-066
  PASS date-067
  PASS date-068
  FAIL date-069: Result mismatch
    Expected: <?xml version="1.0" encoding="iso-8859-1"?><out><a>2004-03-05</a><a>2004-02-24</a><a>2004-04-29</a><a>2003-12-29</a><a>2006-02-28</a><a>2000-02-29</a><b>2004-02-24</b><b>2004-03-05</b><b>2003-12-29</b><b>2004-04-29</b><b>2002-02-28</b><b>2008-02-29</b><a>2004-03-05</a><a>2004-02-24</a><a>2004-04-29</a><a>2003-12-29</a><a>2006-02-28</a><a>2000-02-29</a></out>
    Got:      <out><a>2004-03-05+01:00</a><a>2004-02-24+01:00</a><a>2004-04-29+01:00</a><a>2003-12-29+01:00</a><a>2006-02-28+01:00</a><a>2000-02-29+01:00</a><b>2004-02-24+01:00</b><b>2004-03-05+01:00</b><b>2003-12-29+01:00</b><b>2004-04-29+01:00</b><b>2002-02-28+01:00</b><b>2008-02-29+01:00</b><a>2004-03-05+01:00</a><a>2004-02-24+01:00</a><a>2004-04-29+01:00</a><a>2003-12-29+01:00</a><a>2006-02-28+01:00</a><a>2000-02-29+01:00</a></out>
  PASS date-070
  FAIL date-071: The added or subtracted value results in an un-representable DateTime. (Parameter 't')
  FAIL date-072: Result mismatch
    Expected: <out><a>-P365DT19H4M</a><a>P29D</a><a>PT44.7S</a><a>-PT44.7S</a></out>
    Got:      <out><a>-P365DT19H4M</a><a>P29D</a><a>PT44.700S</a><a>-PT44.700S</a></out>
  PASS date-073
  PASS date-074
  PASS date-074a
  PASS date-075
  PASS date-075a
  PASS date-076
  PASS date-076a
  PASS date-077
  FAIL date-078: Result mismatch
    Expected: <?xml version="1.0" encoding="UTF-8"?><out><z>2004-03-02  =  P37676D  #  2 ; </z><z>2004-03-03  =  P37677D  #  3 ; </z><z>2004-03-04  =  P37678D  #  4 ; </z><z>2004-03-05  =  P37679D  #  5 ; </z><z>2004-03-06  =  P37680D  #  6 ; </z><z>2004-03-07  =  P37681D  #  0 ; </z><z>2004-03-08  =  P37682D  #  1 ; </z><z>2004-03-09  =  P37683D  #  2 ; </z><z>2004-03-10  =  P37684D  #  3 ; </z><z>2004-03-11  =  P37685D  #  4 ; </z></out>
    Got:      <out><z>2004-03-02+01:00  =  P37676D  #  2 ; </z><z>2004-03-03+01:00  =  P37677D  #  3 ; </z><z>2004-03-04+01:00  =  P37678D  #  4 ; </z><z>2004-03-05+01:00  =  P37679D  #  5 ; </z><z>2004-03-06+01:00  =  P37680D  #  6 ; </z><z>2004-03-07+01:00  =  P37681D  #  0 ; </z><z>2004-03-08+01:00  =  P37682D  #  1 ; </z><z>2004-03-09+01:00  =  P37683D  #  2 ; </z><z>2004-03-10+01:00  =  P37684D  #  3 ; </z><z>2004-03-11+01:00  =  P37685D  #  4 ; </z></out>
  PASS date-079
  FAIL date-080: Result mismatch
    Expected: <out><a>P2DT10M</a><a>P2DT10M</a><a>PT0S</a><a/></out>
    Got:      <out><a>NaN</a><a>NaN</a><a>PT0S</a><a></a></out>
  PASS date-081
  FAIL date-082: FORG0006
  FAIL date-083: Result mismatch
    Expected: <out><a>P10M</a><a>P10M</a><a/><a/></out>
    Got:      <out><a>P9M</a><a>P9M</a><a></a><a></a></out>
  PASS date-084
  FAIL date-085: Result mismatch
    Expected: <a>-PT4.1S</a>
    Got:      <a>-PT4.100S</a>
  PASS date-086
  FAIL date-087: Cannot cast '1996-04-14T24:00:00.000' to dateTime.
  FAIL date-088: Unsupported date/time subtype: gDay
  FAIL date-089: Unsupported date/time subtype: gDay
  FAIL date-090: Hour, Minute, and Second parameters describe an un-representable DateTime.
  PASS date-091
  PASS date-092
  FAIL date-094a: Result mismatch
    Expected: (complex assertion)
    Got:      <out></out>
  FAIL date-094b: Result mismatch
    Expected: error FODT0001
    Got:      <out></out>
  FAIL date-094c: Result mismatch
    Expected: error FODT0001
    Got:      <out></out>
  FAIL date-094d: Result mismatch
    Expected: error FODT0001
    Got:      <out></out>
  FAIL date-094e: Result mismatch
    Expected: error FODT0001
    Got:      <out></out>
  FAIL date-094f: Result mismatch
    Expected: error FODT0001
    Got:      <out></out>
  FAIL date-094g: Result mismatch
    Expected: error FORG0001
    Got:      <out></out>
  FAIL date-094h: Result mismatch
    Expected: error FORG0001
    Got:      <out></out>
  FAIL date-094i: Result mismatch
    Expected: error FORG0001
    Got:      <out></out>
  FAIL date-094j: Result mismatch
    Expected: error FORG0001
    Got:      <out></out>
  FAIL date-094k: Result mismatch
    Expected: error FORG0001
    Got:      <out></out>
  FAIL date-094l: Result mismatch
    Expected: error FORG0001
    Got:      <out></out>
  FAIL date-094m: Result mismatch
    Expected: <out>-0400-02-29</out>
    Got:      <out></out>
  FAIL date-094n: Result mismatch
    Expected: <out>0000-02-29</out>
    Got:      <out></out>
  FAIL date-094o: Result mismatch
    Expected: <out>0000-01-30</out>
    Got:      <out></out>
  FAIL date-094p: Result mismatch
    Expected: <out>0400-02-29</out>
    Got:      <out></out>
  FAIL date-094q: Result mismatch
    Expected: error FORG0001
    Got:      <out></out>
  FAIL date-095a: Result mismatch
    Expected: (complex assertion)
    Got:      <out></out>
  FAIL date-095b: Result mismatch
    Expected: error FODT0001
    Got:      <out></out>
  FAIL date-095c: Result mismatch
    Expected: error FODT0001
    Got:      <out></out>
  FAIL date-095d: Result mismatch
    Expected: error FODT0001
    Got:      <out></out>
  FAIL date-095e: Result mismatch
    Expected: error FODT0001
    Got:      <out></out>
  FAIL date-095f: Result mismatch
    Expected: error FODT0001
    Got:      <out></out>
  FAIL date-095g: Result mismatch
    Expected: error FORG0001
    Got:      <out></out>
  FAIL date-095h: Result mismatch
    Expected: error FORG0001
    Got:      <out></out>
  FAIL date-095i: Result mismatch
    Expected: error FORG0001
    Got:      <out></out>
  FAIL date-095j: Result mismatch
    Expected: error FORG0001
    Got:      <out></out>
  FAIL date-095k: Result mismatch
    Expected: error FORG0001
    Got:      <out></out>
  FAIL date-095l: Result mismatch
    Expected: error FORG0001
    Got:      <out></out>
  FAIL date-095m: Result mismatch
    Expected: <out>-0400-02-29T02:23:12.987</out>
    Got:      <out></out>
  FAIL date-095n: Result mismatch
    Expected: <out>0000-02-29T02:23:12.987</out>
    Got:      <out></out>
  FAIL date-095o: Result mismatch
    Expected: <out>0000-01-30T02:23:12.987</out>
    Got:      <out></out>
  FAIL date-095p: Result mismatch
    Expected: <out>0400-02-29T02:23:12.987</out>
    Got:      <out></out>
  FAIL date-095q: Result mismatch
    Expected: error FORG0001
    Got:      <out></out>
  FAIL date-095r: Result mismatch
    Expected: error FORG0001
    Got:      <out></out>
  FAIL date-095s: Result mismatch
    Expected: error FORG0001
    Got:      <out></out>
  FAIL date-095t: Result mismatch
    Expected: error FORG0001
    Got:      <out></out>
  FAIL date-095u: Result mismatch
    Expected: error FORG0001
    Got:      <out></out>
  FAIL date-095v: Result mismatch
    Expected: error FORG0001
    Got:      <out></out>
  FAIL date-095w: Result mismatch
    Expected: error FORG0001
    Got:      <out></out>
  Done: date (138 tests, 72 passed, 66 failed, 0 skipped)
  Starting: maps ...
  FAIL maps-001: Cannot access FunctionValue on XDM value of kind 'Map'
  FAIL maps-002: Cannot access FunctionValue on XDM value of kind 'Map'
  FAIL maps-003: Cannot access FunctionValue on XDM value of kind 'Sequence'
  FAIL maps-004: Cannot access FunctionValue on XDM value of kind 'Sequence'
  FAIL maps-005: Cannot access FunctionValue on XDM value of kind 'Sequence'
  FAIL maps-006: Result mismatch
    Expected: error XTDE0450
    Got:      <out />
  FAIL maps-009: Result mismatch
    Expected: (complex assertion)
    Got:      <out><size><wrong>No longer an error</wrong><size><wrong>No longer an error</wrong></size></size></out>
  PASS maps-011
  PASS maps-014
  PASS maps-016
  FAIL maps-017: Result mismatch
    Expected: (complex assertion)
    Got:      <out></out>
  FAIL maps-901a: Result mismatch
    Expected: error XPST0017
    Got:      
  FAIL maps-901b: Result mismatch
    Expected: error XPST0017
    Got:      
  FAIL maps-901c: Result mismatch
    Expected: error XPST0017
    Got:      
  FAIL maps-901d: Result mismatch
    Expected: error XPST0017
    Got:      
  FAIL maps-901e: Result mismatch
    Expected: error XPST0017
    Got:      
  FAIL maps-902a: Result mismatch
    Expected: error XPST0017
    Got:      
  FAIL maps-902b: Result mismatch
    Expected: error XPST0017
    Got:      
  FAIL maps-903a: Result mismatch
    Expected: error XPST0017
    Got:      
  FAIL maps-903b: Result mismatch
    Expected: error XPST0017
    Got:      
  FAIL maps-903c: Result mismatch
    Expected: error XPST0017
    Got:      
  FAIL maps-904a: Result mismatch
    Expected: error XPST0017
    Got:      
  FAIL maps-904b: Result mismatch
    Expected: error XPST0017
    Got:      
  FAIL maps-904c: Result mismatch
    Expected: error XPST0017
    Got:      
  FAIL maps-904d: Result mismatch
    Expected: error XPST0017
    Got:      
  FAIL maps-905a: Result mismatch
    Expected: error XPST0003
    Got:      
  FAIL maps-906a: Result mismatch
    Expected: error XPST0017
    Got:      
  FAIL maps-906b: Result mismatch
    Expected: error XPST0017
    Got:      
  FAIL maps-906c: Result mismatch
    Expected: error XPST0017
    Got:      
  FAIL maps-906d: Result mismatch
    Expected: error XPST0017
    Got:      
  FAIL maps-906e: Result mismatch
    Expected: error XPST0017
    Got:      
  FAIL maps-906f: Result mismatch
    Expected: error XPST0017
    Got:      
  FAIL maps-906g: Result mismatch
    Expected: error XPST0017
    Got:      
  FAIL maps-906h: Result mismatch
    Expected: error XPST0017
    Got:      
  FAIL maps-906i: Result mismatch
    Expected: error XPST0017
    Got:      
  FAIL maps-906j: Result mismatch
    Expected: error XPST0017
    Got:      
  FAIL maps-906k: Result mismatch
    Expected: error XPST0017
    Got:      
  FAIL maps-906l: Result mismatch
    Expected: error XPST0017
    Got:      
  FAIL maps-907: Result mismatch
    Expected: error FOTY0013
    Got:      (map)
  PASS maps-908
  Done: maps (50 tests, 7 passed, 36 failed, 7 skipped)
  Starting: namespace ...
  FAIL namespace-0101: Result mismatch
    Expected: error XTDE0860
    Got:      <out><a name="" /></out>
  PASS namespace-0201
  PASS namespace-0202
  PASS namespace-0301
  PASS namespace-0401
  PASS namespace-0402
  PASS namespace-0501
  PASS namespace-0801
  PASS namespace-0802
  PASS namespace-0903
  PASS namespace-0904
  PASS namespace-0905
  PASS namespace-0906
  FAIL namespace-0911: Result mismatch
    Expected: (complex assertion)
    Got:      <alpha xmlns:a="a.uri" xmlns:b="b.uri" xmlns:c="c.uri"><beta xmlns:a="c.uri" xmlns:b="d.uri" xmlns:c="e.uri" /></alpha>
  PASS namespace-0912
  PASS namespace-0913
  PASS namespace-1101
  PASS namespace-1102
  FAIL namespace-1104: The value cannot be an empty string. (Parameter 'name')
  PASS namespace-1201
  PASS namespace-1301
  PASS namespace-1401
  PASS namespace-1402
  PASS namespace-1403
  PASS namespace-1404
  PASS namespace-1501
  PASS namespace-1502
  PASS namespace-1601
  PASS namespace-1602
  PASS namespace-1701
  FAIL namespace-2101: Result mismatch
    Expected: (complex assertion)
    Got:      <attribute d7p1:arrayType="xxx" ref="xxx" xmlns:d7p1="http://schemas.xmlsoap.org/wsdl/" xmlns="http://www.w3.org/2001/XMLSchema" />
  PASS namespace-2201
  FAIL namespace-2301: Cannot access QNameValue on XDM value of kind 'Undefined'
  FAIL namespace-2302: Cannot access QNameValue on XDM value of kind 'Undefined'
  FAIL namespace-2401: Result mismatch
    Expected: <z><e>,my,xml</e><f>my,xml,your</f></z>
    Got:      <z><e></e><f></f></z>
  FAIL namespace-2402: Result mismatch
    Expected: <z><a emy="http://my.uri/"/><a edefault="http://default.uri/"/><a fmy="http://my.uri/"/><a fdefault=""/><zero count="0"/></z>
    Got:      <z><a emy="" /><a edefault="" /><a fmy="" /><a fdefault="" /><zero count="0" /></z>
  PASS namespace-2501
  PASS namespace-2502
  PASS namespace-2503
  PASS namespace-2601
  FAIL namespace-2603: Result mismatch
    Expected: <a xmlns:n="http://n1.com/"><b xmlns:n=""/></a>
    Got:      <a xmlns:n="http://n1.com/"><b /></a>
  FAIL namespace-2604: Result mismatch
    Expected: <a xmlns:n="http://n1.com/"><b xmlns:o="http://o1.com/" xmlns:n=""><c/></b></a>
    Got:      <a xmlns:n="http://n1.com/"><b xmlns:o="http://o1.com/"><c /></b></a>
  FAIL namespace-2605: Result mismatch
    Expected: <a xmlns:n="http://n1.com/" xmlns:m="http://m1.com/" xmlns:k="http://k1.com/"><b xmlns:k="http://k2.com/" xmlns:m=""><c/></b></a>
    Got:      <a xmlns:n="http://n1.com/" xmlns:m="http://m1.com/" xmlns:k="http://k1.com/"><b xmlns:n="http://n1.com/" xmlns:k="http://k2.com/"><c /></b></a>
  FAIL namespace-2606: Result mismatch
    Expected: <?xml version="1.1" encoding="UTF-8"?>
<a xmlns:n="http://n1.com/" xmlns:m="http://m1.com/" xmlns:k="http://k1.com/">
   <b xmlns:k="http://k2.com/" xmlns:m="">
      <c xmlns:n="" xmlns:k=""/>
   </b>
</a>
    Got:      <a xmlns:n="http://n1.com/" xmlns:m="http://m1.com/" xmlns:k="http://k1.com/"><b xmlns:n="http://n1.com/" xmlns:k="http://k2.com/"><c /></b></a>
  FAIL namespace-2607: Result mismatch
    Expected: <a xmlns:n="http://n/"><b xmlns:n=""/></a>
    Got:      <a xmlns:n="http://n/"><b /></a>
  PASS namespace-2609
  FAIL namespace-2610: Result mismatch
    Expected: <n:a xmlns="http://d/" xmlns:n="http://n/"><n:b xmlns:n="http://n2/" xmlns=""/><c xmlns="http://n3/" xmlns:n=""/></n:a>
    Got:      <n:a xmlns:n="http://n/" xmlns="http://d/"><n:b xmlns:n="http://n2/" /><c xmlns="http://n3/" /></n:a>
  FAIL namespace-2611: Result mismatch
    Expected: (complex assertion)
    Got:      <x><xs:foo xmlns:xs="http://www.w3.org/2001/XMLSchema" a="1" b="1" c="2" /><xs:foo xmlns:xs="http://www.w3.org/2001/XMLSchema" a="1" b="1" c="2" /><m>true</m><m>true</m><xs:foo xmlns:xs="http://www.w3.org/2001/XMLSchema" a="1" b="1" c="2" /><xs:foo xmlns:xs="http://www.w3.org/2001/XMLSchema" a="2" b="1" c="2" /><m>false</m><m>true</m><xs:foo xmlns:xs="http://www.w3.org/2001/XMLSchema" a="" b="1" c="2" /><xs:foo xmlns:xs="http://www.w3.org/2001/XMLSchema" b="1" c="2" /><m>false</m><m>false</m><xs:foo xmlns:xs="http://www.w3.org/2001/XMLSchema" a="0" b="1" c="2" /><xs:foo xmlns:xs="http://www.w3.org/2001/XMLSchema" a="0" b="1" c="2" e="5" /><m>true</m><m>true</m><foo a="0" b="1" c="2" /><xs:foo xmlns:xs="http://www.w3.org/2001/XMLSchema" a="0" b="1" c="2" e="5" /><m>false</m><m>false</m></x>
  PASS namespace-2612
  PASS namespace-2614
  PASS namespace-2615
  PASS namespace-2616
  FAIL namespace-2617: Result mismatch
    Expected: error XTDE0430
    Got:      <name xmlns:a="http://beta/" x="2" />
  FAIL namespace-2618: Result mismatch
    Expected: error XTDE0430
    Got:      <item xmlns:p="http://q.uri/" xmlns="http://p.uri/" />
  FAIL namespace-2625: Result mismatch
    Expected: <n:a xmlns="http://d/" xmlns:n="http://n/"><n:b xmlns:n="http://n2/" xmlns=""/><c xmlns="http://n3/" xmlns:n=""/></n:a>
    Got:      <n:a xmlns:n="http://n/" xmlns="http://d/"><n:b xmlns:n="http://n2/" /><c xmlns="http://n3/" /></n:a>
  FAIL namespace-2626: Result mismatch
    Expected: <n:a xmlns="http://d/" xmlns:n="http://n/"><n:b xmlns:n="http://n2/" xmlns=""/><c xmlns="http://n3/" xmlns:n=""/></n:a>
    Got:      <n:a xmlns:n="http://n/" xmlns="http://d/"><n:b xmlns:n="http://n2/" /><c xmlns="http://n3/" /></n:a>
  FAIL namespace-2627: Result mismatch
    Expected: error XTSE0020
    Got:      <n:a xmlns:n="http://n/" xmlns="http://d/"><n:b xmlns:n="http://n2/" /><c xmlns="http://n3/" /></n:a>
  PASS namespace-2628
  PASS namespace-2629
  PASS namespace-2630
  FAIL namespace-2631: Result mismatch
    Expected: <a xmlns:n="http://n/"><b xmlns:n=""/></a>
    Got:      <a xmlns:n="http://n/"><b /></a>
  FAIL namespace-2632: Result mismatch
    Expected: <a xmlns:n="http://n/"><b xmlns:n=""/></a>
    Got:      <a xmlns:n="http://n/"><b /></a>
  FAIL namespace-2633: Result mismatch
    Expected: error XTSE0020
    Got:      <a xmlns:n="http://n/"><b /></a>
  PASS namespace-2701
  PASS namespace-2801
  PASS namespace-3001
  PASS namespace-3002
  PASS namespace-3003
  PASS namespace-3004
  FAIL namespace-3005: The value cannot be an empty string. (Parameter 'name')
  FAIL namespace-3101: Result mismatch
    Expected: error XTDE0830
    Got:      <out><foo><yyy /></foo></out>
  FAIL namespace-3102: Result mismatch
    Expected: error XTDE0830
    Got:      <out><foo baz=""><yyy /></foo></out>
  FAIL namespace-3105: Result mismatch
    Expected: error XTDE0830
    Got:      <out xmlns="http://testguys.com/"><foo xmlns=""><yyy xmlns="http://testguys.com/" /></foo></out>
  FAIL namespace-3106: Result mismatch
    Expected: error XTDE0830
    Got:      <out><foo><yyy /></foo></out>
  FAIL namespace-3107: Result mismatch
    Expected: error XTDE0830
    Got:      <out><foo><yyy xmlns="http://test.com/" /></foo></out>
  PASS namespace-3108
  PASS namespace-3109
  PASS namespace-3110
  PASS namespace-3111
  PASS namespace-3112
  PASS namespace-3113
  PASS namespace-3114
  PASS namespace-3115
  PASS namespace-3116
  PASS namespace-3117
  PASS namespace-3118
  PASS namespace-3119
  PASS namespace-3120
  PASS namespace-3121
  PASS namespace-3122
  PASS namespace-3123
  PASS namespace-3124
  PASS namespace-3125
  PASS namespace-3126
  PASS namespace-3127
  PASS namespace-3128
  PASS namespace-3129
  PASS namespace-3130
  PASS namespace-3131
  PASS namespace-3132
  PASS namespace-3133
  PASS namespace-3134
  PASS namespace-3135
  PASS namespace-3136
  PASS namespace-3137
  PASS namespace-3138
  PASS namespace-3139
  PASS namespace-3140
  PASS namespace-3141
  PASS namespace-3142
  PASS namespace-3143
  PASS namespace-3144
  PASS namespace-3145
  PASS namespace-3146
  PASS namespace-3147
  PASS namespace-3148
  PASS namespace-3149
  PASS namespace-3150
  PASS namespace-3151
  PASS namespace-3152
  PASS namespace-3153
  PASS namespace-3154
  PASS namespace-3155
  PASS namespace-3156
  PASS namespace-3157
  PASS namespace-3158
  PASS namespace-3159
  PASS namespace-3160
  PASS namespace-3161
  PASS namespace-3162
  PASS namespace-3163
  PASS namespace-3164
  PASS namespace-3202
  FAIL namespace-3301: Result mismatch
    Expected: (complex assertion)
    Got:      <out xmlns:anamespace="http://foo.com/"><p anamespace:Attr1="true" /><p p3:Attr2="true" xmlns:p3="http://baz.com/" /><p Attr3="true" /></out>
  PASS namespace-3302
  PASS namespace-3303
  PASS namespace-3304
  PASS namespace-3305
  FAIL namespace-3306: Result mismatch
    Expected: <out xmlns="http://default.com/"><inner Attr1="true"/></out>
    Got:      <out xmlns="http://default.com/"><inner p2:Attr1="true" xmlns:p2="http://default.com/" /></out>
  PASS namespace-3307
  PASS namespace-3308
  PASS namespace-3309
  PASS namespace-3310
  PASS namespace-3311
  PASS namespace-3312
  PASS namespace-3313
  PASS namespace-3314
  PASS namespace-3315
  PASS namespace-3401
  FAIL namespace-3501: Result mismatch
    Expected: <out>Testing 1 2 3 
2 x 4
quos
bo</out>
    Got:      <out>Testing 1 2 3 
2 x 4
quos
</out>
  PASS namespace-3502
  FAIL namespace-3503: Result mismatch
    Expected: <out>Testing 1 2 3 
2 x 4
quos
unchanged</out>
    Got:      <out>Testing 1 2 3 
2 x 4
quos
</out>
  PASS namespace-3504
  PASS namespace-3505
  PASS namespace-3601
  PASS namespace-3701
  PASS namespace-3702
  PASS namespace-3703
  PASS namespace-3801
  PASS namespace-3901
  PASS namespace-3902
  PASS namespace-3903
  PASS namespace-4001
  PASS namespace-4002
  PASS namespace-4003
  PASS namespace-4004
  PASS namespace-4005
  PASS namespace-4006
  PASS namespace-4007
  PASS namespace-4008
  PASS namespace-4009
  PASS namespace-4101
  PASS namespace-4301
  FAIL namespace-4302: Result mismatch
    Expected: (complex assertion)
    Got:      <out><n:x xmlns:n="http://ns.test.com">from stylesheet</n:x><e xmlns="http://literalURI"><n:a xmlns:n="http://example.com">content</n:a></e></out>
  PASS namespace-4401
  PASS namespace-4501
  FAIL namespace-4801: Result mismatch
    Expected: <?xml version="1.0" encoding="UTF-8"?><out xmlns="http://bubba.com/" xmlns:bdd="http://bdd.com/">
<ped:test xmlns:xsl="http://www.w3.org/1999/XSL/Transform" xmlns:ped="http://ped.com/"/>
<test xmlns="http://ped.com/" xmlns:xsl="http://www.w3.org/1999/XSL/Transform" xmlns:ped="http://ped.com/"/>
<bdd:test xmlns:xsl="http://www.w3.org/1999/XSL/Transform" xmlns:ped="http://ped.com/"/>
<test>Test5</test><test xmlns="http://missing.com/">Test6</test>
</out>
    Got:      <out xmlns="http://bubba.com/">
<ped:test xmlns:ped="http://ped2.com/" />
<test xmlns="http://bdd.com/" />
<test>Test5</test><test xmlns="http://missing.com/">Test6</test>
</out>
  PASS namespace-4901
  PASS namespace-5001
  PASS namespace-5101
  PASS namespace-5301
  PASS namespace-5401
  PASS namespace-5501
  PASS namespace-5901
  PASS namespace-5902
  PASS namespace-5903
  PASS namespace-6001
  PASS namespace-6002
  PASS namespace-6003
  PASS namespace-6101
  PASS namespace-6201
  FAIL namespace-6202: Result mismatch
    Expected: error XPST0081
    Got:      <out at="2026-06-07T09:00:42.994+02:00" />
  Done: namespace (224 tests, 164 passed, 36 failed, 24 skipped)
  Starting: node ...
  PASS node-0101
  PASS node-0201
  PASS node-0301
  PASS node-0401
  PASS node-0501
  PASS node-0601
  FAIL node-0701: Result mismatch
    Expected: <out>
Testing 1 2 3 quos
</out>
    Got:      <out><?MyPI version="2.0"?>
Testing 1 2 3 quos
</out>
  PASS node-0801
  PASS node-0901
  PASS node-1001
  PASS node-1101
  FAIL node-1102: Result mismatch
    Expected: <?xml version="1.0" encoding="UTF-8"?><out>A:att
  N-content:
  ,
N-named:a-pi...,
N-content:
  ,
N-content: This is the 1st comment ,
N-content:
  text-in-doc
  ,
N-named:inner...A:blat
  N-content:
    inner-text
    ,
N-content: This is the 2nd comment ,
N-content:
    ,
N-named:sub...N-content:subtext,
,
N-content:
  ,
,
N-content:
  text-in-doc2
,
</out>
    Got:      <out>N-named:att...,
N-content:
  ,
N-named:a-pi...,
N-content:
  ,
N-content: This is the 1st comment ,
N-content:
  text-in-doc
  ,
N-named:inner...N-named:blat...,
N-content:
    inner-text
    ,
N-content: This is the 2nd comment ,
N-content:
    ,
N-named:sub...N-content:subtext,
,
N-content:
  ,
,
N-content:
  text-in-doc2
,
</out>
  PASS node-1201
  PASS node-1301
  PASS node-1401
  PASS node-1501
  PASS node-1502
  PASS node-1701
  PASS node-1801
  PASS node-1802
  FAIL node-1901: Result mismatch
    Expected: <out v="1 2 3 4 5 6 7 8 9 10"/>
    Got:      <out v="(sequence)" />
  PASS node-1902
  PASS node-1903
  PASS node-1904
  PASS node-1905
  PASS node-1906
  PASS node-2001
  PASS node-2002
  PASS node-2003
  PASS node-2004
  PASS node-2005
  Done: node (32 tests, 28 passed, 3 failed, 1 skipped)
  Starting: notation ...
  Done: notation (23 tests, 0 passed, 0 failed, 23 skipped)
  Starting: string ...
  PASS string-001
  PASS string-002
  PASS string-003
  PASS string-004
  PASS string-005
  PASS string-006
  PASS string-007
  PASS string-008
  PASS string-009
  PASS string-010
  PASS string-011
  PASS string-012
  PASS string-013
  PASS string-014
  PASS string-015
  PASS string-016
  PASS string-017
  PASS string-018
  PASS string-019
  PASS string-020
  PASS string-021
  PASS string-022
  PASS string-023
  PASS string-024
  PASS string-025
  PASS string-026
  PASS string-027
  PASS string-028
  PASS string-029
  PASS string-030
  PASS string-031
  PASS string-032
  PASS string-033
  PASS string-034
  PASS string-035
  PASS string-036
  PASS string-037
  PASS string-038
  PASS string-039
  PASS string-040
  PASS string-041
  PASS string-042
  PASS string-043
  PASS string-044
  PASS string-045
  PASS string-046
  PASS string-047
  PASS string-048
  PASS string-049
  PASS string-050
  PASS string-051
  PASS string-052
  PASS string-053
  PASS string-054
  PASS string-055
  PASS string-056
  PASS string-057
  PASS string-058
  PASS string-059
  PASS string-060
  PASS string-061
  PASS string-062
  PASS string-063
  PASS string-064
  PASS string-065
  PASS string-066
  PASS string-067
  PASS string-068
  PASS string-069
  PASS string-070
  PASS string-071
  PASS string-072
  PASS string-073
  PASS string-074
  PASS string-075
  PASS string-076
  PASS string-077
  PASS string-078
  PASS string-079
  PASS string-080
  PASS string-081
  PASS string-082
  PASS string-083
  PASS string-084
  PASS string-085
  PASS string-086
  PASS string-087
  PASS string-088
  PASS string-089
  PASS string-090
  PASS string-091
  PASS string-092
  PASS string-093
  PASS string-094
  PASS string-095
  PASS string-096
  PASS string-097
  PASS string-098
  PASS string-099
  PASS string-100
  PASS string-101
  PASS string-102
  PASS string-103
  PASS string-104
  PASS string-105
  PASS string-106
  PASS string-107
  PASS string-108
  PASS string-109
  PASS string-110
  PASS string-111
  PASS string-112
  PASS string-113
  PASS string-114
  PASS string-115
  PASS string-116
  PASS string-117
  PASS string-118
  PASS string-119
  PASS string-120
  PASS string-121
  PASS string-122
  PASS string-123
  PASS string-124
  PASS string-125
  PASS string-126
  PASS string-127
  PASS string-128
  PASS string-129
  PASS string-130
  PASS string-131
  PASS string-132
  PASS string-133
  PASS string-134
  PASS string-135
  PASS string-136
  Done: string (136 tests, 136 passed, 0 failed, 0 skipped)
  Starting: type ...
  PASS type-0116
  PASS type-0117
  FAIL type-0118: Result mismatch
    Expected: <?xml version="1.0" encoding="UTF-8"?><out xmlns:xsd="http://www.w3.org/2001/XMLSchema">;
      <t>true</t>;
      <t>true</t>;
      <t>true</t>;
      <t>true</t>;
      <t>true</t>;
      <t>true</t>;         
    </out>
    Got:      <out>;
      <t>false</t>;
      <t>false</t>;
      <t>false</t>;
      <t>false</t>;
      <t>false</t>;
      <t>false</t>;         
    </out>
  PASS type-0119
  PASS type-0120
  PASS type-0121
  FAIL type-0122: Result mismatch
    Expected: <?xml version="1.0" encoding="UTF-8"?><out xmlns:xs="http://www.w3.org/2001/XMLSchema">;
      <t>5</t>;
      <t>false</t>;
      <t>5</t>;
      <t>5000</t>;
      <t>1.0E8</t>;
      <t>2002-02-20T12:00:00</t>;         
    </out>
    Got:      <out>;
      <t>5</t>;
      <t>false</t>;
      <t>5</t>;
      <t>5</t>;
      <t>1.0E8</t>;
      <t>2002-02-20T12:00:00</t>;         
    </out>
  PASS type-0123
  FAIL type-0124: Result mismatch
    Expected: <out xmlns:xs="http://www.w3.org/2001/XMLSchema">;
      <t>true</t>;
      <t>true</t>;
      <t>true</t>;
      <t>true</t>;            
    </out>
    Got:      <out>;
      <t>true</t>;
      <t>false</t>;
      <t>true</t>;
      <t>true</t>;            
    </out>
  FAIL type-0125: Result mismatch
    Expected: <out xmlns:xs="http://www.w3.org/2001/XMLSchema">;
      
      <t>23</t>;
      <t>23</t>;
      
      
      <t>23</t><t>17.6</t></out>
    Got:      <out>;
      <t>23</t>;
      <t>23</t>;
      
      <t>23</t><t>17.6</t></out>
  PASS type-0126
  PASS type-0127
  PASS type-0128
  FAIL type-0129: Result mismatch
    Expected: <out><t>OK</t>;
    <f/>;   
    <f/>;        
  </out>
    Got:      <out><t />;
    <f>ERROR</f>;   
    <f />;        
  </out>
  PASS type-0130
  FAIL type-0131: Result mismatch
    Expected: <?xml version="1.0" encoding="UTF-8"?><out xmlns:xs="http://www.w3.org/2001/XMLSchema">;
      <f>false</f>;
      <t>true</t>;
      <t>true</t>;
      <f>false</f>;
      <f>false</f>;
      <t>true</t>;
      <e>true</e>; 
      <e>error</e></out>
    Got:      <out>;
      <f>false</f>;
      <t>true</t>;
      <t>true</t>;
      <f>false</f>;
      <f>false</f>;
      <t>true</t>;
      <e>true</e>; 
      <e>true</e></out>
  PASS type-0132
  PASS type-0133
  FAIL type-0134: Result mismatch
    Expected: <out>;
        <q true="true"/><q true="true"/><q true="true"/><q true="true"/></out>
    Got:      <out>;
        <q true="true" /><q true="true" /><q true="false" /><q true="false" /></out>
  PASS type-0135
  PASS type-0136
  PASS type-0137
  PASS type-0138
  PASS type-0139
  PASS type-0140
  PASS type-0141
  PASS type-0142
  FAIL type-0143: Result mismatch
    Expected: <out><t>ppp:example-lname</t><n>my:element att</n><w>my:word</w></out>
    Got:      <out><t>ppp:example-lname</t><n>element att</n><w>my:word</w></out>
  PASS type-0144
  PASS type-0150
  FAIL type-0155: Result mismatch
    Expected: error FOCA0002
    Got:      <out><a>,thing</a><b>http://magic.namespace.com/uri,+thing</b></out>
  FAIL type-0156: Result mismatch
    Expected: error FOCA0002
    Got:      <out><a>,thing</a><b>http://magic.namespace.com/uri,thi:ng</b></out>
  FAIL type-0157: Result mismatch
    Expected: error FONS0004
    Got:      <out><a>,thing</a><b>,thing</b></out>
  FAIL type-0162: Result mismatch
    Expected: error XPTY0004
    Got:      <f>false</f>
  FAIL type-0163: Result mismatch
    Expected: error XPTY0004
    Got:      <f>false</f>
  FAIL type-0165: Result mismatch
    Expected: error XPTY0004
    Got:      <a />
  FAIL type-0166: Result mismatch
    Expected: error XPTY0004
    Got:      <a />
  PASS type-0168b
  FAIL type-0169: Result mismatch
    Expected: error XTTE0505
    Got:      <html><!--Generated at 2026-06-07T09:00:45.294+02:00--><head><title>Untitled</title></head><body leftmargin="100"><h2>This week's top author is Bonner</h2><p>We stock the following 2 books by this author:</p><ul><li>Evolution of Complexity in Animal Culture</li><li>Patterns of Crime in Animal Culture</li></ul><p>This author has written books in the following categories:</p><ul><li>Science</li><li>Crime</li></ul><p>The average price of these books is: 
        $10.95</p><h2>A complete list of books, grouped by author</h2><div><h3>AUTHOR: Bonner</h3><table><tr><td width="100" valign="top">i</td><td>
                TITLE: Evolution of Complexity in Animal Culture<br />
                CATEGORY: 
                        (S)
              </td></tr><tr><td width="100" valign="top">ii</td><td>
                TITLE: Patterns of Crime in Animal Culture<br />
                CATEGORY: 
                        (X)
              </td></tr></table><hr /><h3>AUTHOR: Danzig</h3><table><tr><td width="100" valign="top">i</td><td>
                TITLE: Number, the Language of Science<br />
                CATEGORY: 
                        (S)
              </td></tr><tr><td width="100" valign="top">ii</td><td>
                TITLE: Language &amp; the Science of Number<br />
                CATEGORY: 
                        (S)
              </td></tr></table><hr /><h3>AUTHOR: Erich Gamma, Richard Helm, Ralph Johnson, John Vlissides</h3><table><tr><td width="100" valign="top">i</td><td>
                TITLE: Design Patterns<br />
                CATEGORY: 
                        (U)
              </td></tr></table><hr /><h3>AUTHOR: Milne, A. A.</h3><table><tr><td width="100" valign="top">i</td><td>
                TITLE: When We Were Very Young<br />
                CATEGORY: 
                        (F)
              </td></tr></table><hr /><h3>AUTHOR: Stephen R. Davis</h3><table><tr><td width="100" valign="top">i</td><td>
                TITLE: Learn Java Now<br />
                CATEGORY: 
                        (C)
              </td></tr></table><hr /><h3>AUTHOR: Wardlaw, Lee</h3><table><tr><td width="100" valign="top">i</td><td>
                TITLE: Tales of Grandpa Cat<br />
                CATEGORY: 
                        (F)
              </td></tr></table><hr /></div><h2>A complete list of books, grouped by category</h2><div><h3>CATEGORY: </h3><ol><li>AUTHOR: Erich Gamma, Richard Helm, Ralph Johnson, John Vlissides<br />
                TITLE: Design Patterns</li></ol><hr /><h3>CATEGORY: </h3><ol><li>AUTHOR: Stephen R. Davis<br />
                TITLE: Learn Java Now</li></ol><hr /><h3>CATEGORY: </h3><ol><li>AUTHOR: Danzig<br />
                TITLE: Number, the Language of Science</li><li>AUTHOR: Danzig<br />
                TITLE: Language &amp; the Science of Number</li><li>AUTHOR: Bonner<br />
                TITLE: Evolution of Complexity in Animal Culture</li></ol><hr /><h3>CATEGORY: </h3><ol><li>AUTHOR: Bonner<br />
                TITLE: Patterns of Crime in Animal Culture</li></ol><hr /><h3>CATEGORY: </h3><ol><li>AUTHOR: Wardlaw, Lee<br />
                TITLE: Tales of Grandpa Cat</li><li>AUTHOR: Milne, A. A.<br />
                TITLE: When We Were Very Young</li></ol><hr /></div><h2>List of categories</h2><h4>CATEGORY I</h4><table><tr><td>CODE</td><td>U</td></tr><tr><td>DESC</td><td>Unclassified</td></tr></table><hr /><h4>CATEGORY II</h4><table><tr><td>CODE</td><td>S</td></tr><tr><td>DESC</td><td>Science</td></tr></table><hr /><h4>CATEGORY III</h4><table><tr><td>CODE</td><td>I</td></tr><tr><td>DESC</td><td>Science</td></tr><tr><td>NOTE</td><td>Limited Stock</td></tr></table><hr /><h4>CATEGORY IV</h4><table><tr><td>CODE</td><td>F</td></tr><tr><td>DESC</td><td>Fiction</td></tr></table><hr /><h4>CATEGORY V</h4><table><tr><td>CODE</td><td>X</td></tr><tr><td>DESC</td><td>Crime</td></tr></table><hr /><h4>CATEGORY VI</h4><table><tr><td>CODE</td><td>C</td></tr><tr><td>DESC</td><td>Computing</td></tr></table><hr /></body></html>
  FAIL type-0170: Result mismatch
    Expected: error XTTE0505
    Got:      <html><!--Generated at 2026-06-07T09:00:45.317+02:00--><head><title>Untitled</title></head><body leftmargin="100"><h2>This week's top author is Bonner</h2><p>We stock the following 2 books by this author:</p><ul><li>Evolution of Complexity in Animal Culture</li><li>Patterns of Crime in Animal Culture</li></ul><!--comments are not allowed here--><p>This author has written books in the following categories:</p><ul><li>Science</li><li>Crime</li></ul><p>The average price of these books is: 
        $10.95</p><h2>A complete list of books, grouped by author</h2><div><h3>AUTHOR: Bonner</h3><table><tr><td width="100" valign="top">i</td><td>
                TITLE: Evolution of Complexity in Animal Culture<br />
                CATEGORY: 
                        (S)
              </td></tr><tr><td width="100" valign="top">ii</td><td>
                TITLE: Patterns of Crime in Animal Culture<br />
                CATEGORY: 
                        (X)
              </td></tr></table><hr /><h3>AUTHOR: Danzig</h3><table><tr><td width="100" valign="top">i</td><td>
                TITLE: Number, the Language of Science<br />
                CATEGORY: 
                        (S)
              </td></tr><tr><td width="100" valign="top">ii</td><td>
                TITLE: Language &amp; the Science of Number<br />
                CATEGORY: 
                        (S)
              </td></tr></table><hr /><h3>AUTHOR: Erich Gamma, Richard Helm, Ralph Johnson, John Vlissides</h3><table><tr><td width="100" valign="top">i</td><td>
                TITLE: Design Patterns<br />
                CATEGORY: 
                        (U)
              </td></tr></table><hr /><h3>AUTHOR: Milne, A. A.</h3><table><tr><td width="100" valign="top">i</td><td>
                TITLE: When We Were Very Young<br />
                CATEGORY: 
                        (F)
              </td></tr></table><hr /><h3>AUTHOR: Stephen R. Davis</h3><table><tr><td width="100" valign="top">i</td><td>
                TITLE: Learn Java Now<br />
                CATEGORY: 
                        (C)
              </td></tr></table><hr /><h3>AUTHOR: Wardlaw, Lee</h3><table><tr><td width="100" valign="top">i</td><td>
                TITLE: Tales of Grandpa Cat<br />
                CATEGORY: 
                        (F)
              </td></tr></table><hr /></div><h2>A complete list of books, grouped by category</h2><div><h3>CATEGORY: </h3><ol><li>AUTHOR: Erich Gamma, Richard Helm, Ralph Johnson, John Vlissides<br />
                TITLE: Design Patterns</li></ol><hr /><h3>CATEGORY: </h3><ol><li>AUTHOR: Stephen R. Davis<br />
                TITLE: Learn Java Now</li></ol><hr /><h3>CATEGORY: </h3><ol><li>AUTHOR: Danzig<br />
                TITLE: Number, the Language of Science</li><li>AUTHOR: Danzig<br />
                TITLE: Language &amp; the Science of Number</li><li>AUTHOR: Bonner<br />
                TITLE: Evolution of Complexity in Animal Culture</li></ol><hr /><h3>CATEGORY: </h3><ol><li>AUTHOR: Bonner<br />
                TITLE: Patterns of Crime in Animal Culture</li></ol><hr /><h3>CATEGORY: </h3><ol><li>AUTHOR: Wardlaw, Lee<br />
                TITLE: Tales of Grandpa Cat</li><li>AUTHOR: Milne, A. A.<br />
                TITLE: When We Were Very Young</li></ol><hr /></div><h2>List of categories</h2><h4>CATEGORY I</h4><table><tr><td>CODE</td><td>U</td></tr><tr><td>DESC</td><td>Unclassified</td></tr></table><hr /><h4>CATEGORY II</h4><table><tr><td>CODE</td><td>S</td></tr><tr><td>DESC</td><td>Science</td></tr></table><hr /><h4>CATEGORY III</h4><table><tr><td>CODE</td><td>I</td></tr><tr><td>DESC</td><td>Science</td></tr><tr><td>NOTE</td><td>Limited Stock</td></tr></table><hr /><h4>CATEGORY IV</h4><table><tr><td>CODE</td><td>F</td></tr><tr><td>DESC</td><td>Fiction</td></tr></table><hr /><h4>CATEGORY V</h4><table><tr><td>CODE</td><td>X</td></tr><tr><td>DESC</td><td>Crime</td></tr></table><hr /><h4>CATEGORY VI</h4><table><tr><td>CODE</td><td>C</td></tr><tr><td>DESC</td><td>Computing</td></tr></table><hr /></body></html>
  FAIL type-0171: Result mismatch
    Expected: error XTTE0505
    Got:      <html><!--Generated at 2026-06-07T09:00:45.34+02:00--><head><title>Untitled</title></head><body leftmargin="100"><h2>This week's top author is Bonner</h2><p>We stock the following 2 books by this author:</p><ul><li>Evolution of Complexity in Animal Culture</li><li>Patterns of Crime in Animal Culture</li></ul><p>This author has written books in the following categories:</p><ul><li>Science</li><li>Crime</li></ul><p>The average price of these books is: 
        $10.95</p><h2>A complete list of books, grouped by author</h2><h2>A complete list of books, grouped by category</h2><div><h3>CATEGORY: </h3><ol><li>AUTHOR: Erich Gamma, Richard Helm, Ralph Johnson, John Vlissides<br />
                TITLE: Design Patterns</li></ol><hr /><h3>CATEGORY: </h3><ol><li>AUTHOR: Stephen R. Davis<br />
                TITLE: Learn Java Now</li></ol><hr /><h3>CATEGORY: </h3><ol><li>AUTHOR: Danzig<br />
                TITLE: Number, the Language of Science</li><li>AUTHOR: Danzig<br />
                TITLE: Language &amp; the Science of Number</li><li>AUTHOR: Bonner<br />
                TITLE: Evolution of Complexity in Animal Culture</li></ol><hr /><h3>CATEGORY: </h3><ol><li>AUTHOR: Bonner<br />
                TITLE: Patterns of Crime in Animal Culture</li></ol><hr /><h3>CATEGORY: </h3><ol><li>AUTHOR: Wardlaw, Lee<br />
                TITLE: Tales of Grandpa Cat</li><li>AUTHOR: Milne, A. A.<br />
                TITLE: When We Were Very Young</li></ol><hr /></div><h2>List of categories</h2><h4>CATEGORY I</h4><table><tr><td>CODE</td><td>U</td></tr><tr><td>DESC</td><td>Unclassified</td></tr></table><hr /><h4>CATEGORY II</h4><table><tr><td>CODE</td><td>S</td></tr><tr><td>DESC</td><td>Science</td></tr></table><hr /><h4>CATEGORY III</h4><table><tr><td>CODE</td><td>I</td></tr><tr><td>DESC</td><td>Science</td></tr><tr><td>NOTE</td><td>Limited Stock</td></tr></table><hr /><h4>CATEGORY IV</h4><table><tr><td>CODE</td><td>F</td></tr><tr><td>DESC</td><td>Fiction</td></tr></table><hr /><h4>CATEGORY V</h4><table><tr><td>CODE</td><td>X</td></tr><tr><td>DESC</td><td>Crime</td></tr></table><hr /><h4>CATEGORY VI</h4><table><tr><td>CODE</td><td>C</td></tr><tr><td>DESC</td><td>Computing</td></tr></table><hr /></body></html>
  FAIL type-0172: Result mismatch
    Expected: error XTTE0505
    Got:      <html><!--Generated at 2026-06-07T09:00:45.357+02:00--><head><title>Untitled</title></head><body leftmargin="100"><h2>This week's top author is Bonner</h2><p>We stock the following 2 books by this author:</p><ul><li>Evolution of Complexity in Animal Culture</li><li>Patterns of Crime in Animal Culture</li></ul><p>This author has written books in the following categories:</p><ul><li>Science</li><li>Crime</li></ul><p>The average price of these books is: 
        $10.95</p><h2>A complete list of books, grouped by author</h2><h2>A complete list of books, grouped by category</h2><div><h3>CATEGORY: </h3><ol><li>AUTHOR: Erich Gamma, Richard Helm, Ralph Johnson, John Vlissides<br />
                TITLE: Design Patterns</li></ol><hr /><h3>CATEGORY: </h3><ol><li>AUTHOR: Stephen R. Davis<br />
                TITLE: Learn Java Now</li></ol><hr /><h3>CATEGORY: </h3><ol><li>AUTHOR: Danzig<br />
                TITLE: Number, the Language of Science</li><li>AUTHOR: Danzig<br />
                TITLE: Language &amp; the Science of Number</li><li>AUTHOR: Bonner<br />
                TITLE: Evolution of Complexity in Animal Culture</li></ol><hr /><h3>CATEGORY: </h3><ol><li>AUTHOR: Bonner<br />
                TITLE: Patterns of Crime in Animal Culture</li></ol><hr /><h3>CATEGORY: </h3><ol><li>AUTHOR: Wardlaw, Lee<br />
                TITLE: Tales of Grandpa Cat</li><li>AUTHOR: Milne, A. A.<br />
                TITLE: When We Were Very Young</li></ol><hr /></div><h2>List of categories</h2><h4>CATEGORY I</h4><table><tr><td>CODE</td><td>U</td></tr><tr><td>DESC</td><td>Unclassified</td></tr></table><hr /><h4>CATEGORY II</h4><table><tr><td>CODE</td><td>S</td></tr><tr><td>DESC</td><td>Science</td></tr></table><hr /><h4>CATEGORY III</h4><table><tr><td>CODE</td><td>I</td></tr><tr><td>DESC</td><td>Science</td></tr><tr><td>NOTE</td><td>Limited Stock</td></tr></table><hr /><h4>CATEGORY IV</h4><table><tr><td>CODE</td><td>F</td></tr><tr><td>DESC</td><td>Fiction</td></tr></table><hr /><h4>CATEGORY V</h4><table><tr><td>CODE</td><td>X</td></tr><tr><td>DESC</td><td>Crime</td></tr></table><hr /><h4>CATEGORY VI</h4><table><tr><td>CODE</td><td>C</td></tr><tr><td>DESC</td><td>Computing</td></tr></table><hr /></body></html>
  FAIL type-0173: Result mismatch
    Expected: error XTTE0505
    Got:      
  FAIL type-0174: Result mismatch
    Expected: error XTTE0570
    Got:      <out>1</out>
  FAIL type-0175: Result mismatch
    Expected: error XTTE0570
    Got:      <a>1</a>
  PASS type-0202
  PASS type-0203
  FAIL type-0303: Result mismatch
    Expected: error XTSE1660
    Got:      <elem>2.2</elem>
  PASS type-0401
  Done: type (79 tests, 35 passed, 23 failed, 21 skipped)

============================================================
XSLT Conformance Test Results
============================================================
Total:   14600
Passed:  3287
Failed:  2126
Skipped: 9187

Pass rate: 60.7%
